,name,smiles,final_pred,InDomain
14,"(Z)-1-(2,6,6-Trimethyl-1-cyclohexen-1-yl)-2-buten-1-one",CC=CC(=O)C1=C(CCCC1(C)C)C,1,TRUE
20,Bornyl formate,CC1(C2CCC1(C(C2)OC=O)C)C,1,TRUE
41,Camphor,CC1(C2CCC1(C(=O)C2)C)C,1,TRUE
90,Oplopanone,CC(C)C1CCC(C2C1C(CC2)C(=O)C)(C)O,1,TRUE
146,alpha-Patchoulene,CC1CCC23C1CC(C2(C)C)CC=C3C,1,TRUE
147,beta-Patchoulene,CC1CCC2=C1CC3CCC2(C3(C)C)C,1,TRUE
187,alpha-Cedrene,CC1CCC2C13CC=C(C(C3)C2(C)C)C,1,TRUE
229,Isobornyl phenylacetate,CC1(C2CCC1(C(C2)OC(=O)CC3=CC=CC=C3)C)C,1,TRUE
299,alpha-Panasinsene,CC1=CCCC2(C13CC(C3CC2)(C)C)C,1,TRUE
301,alpha-Caryophyllene alcohol,CC1(CC2C(C1)C3(CCCC2(C3O)C)C)C,1,TRUE
303,"Caryophyllan-2,6-beta-oxide",CC1CC2CC(C3CC(C3C(C1)O2)(C)C)C,1,TRUE
347,P-Cresol,CC1=CC=C(C=C1)O,1,TRUE
354,"3,5-Dimethoxytoluene",CC1=CC(=CC(=C1)OC)OC,1,TRUE
486,Dihydro-beta-ionone,CC1=C(C(CCC1)(C)C)CCC(=O)C,1,TRUE
547,"2H-Pyran-2-one, tetrahydro-6-(2-pentenyl)-, (Z)-",CCC=CCC1CCCC(=O)O1,1,TRUE
658,1h-cyclopropa菨愯aphthaleneㄛ1aㄛ2ㄛ3ㄛ3aㄛ4ㄛ5ㄛ6ㄛ7b-octahydro-1ㄛ1ㄛ3aㄛ 7-tetramethyl-ㄛ1ar-( 1a alpha ㄛ3a ,CC1=C2C3C(C3(C)C)CCC2(CCC1)C,1,TRUE
721,bis ( cyclopentane ) ㄛ2ㄛ2'-acetoxy ) -ㄛ1-rel-2-( trans ) -2'-( cis ) -1'-( trans) -,CC(=O)OC1CCCC1C2CCCC2OC(=O)C,1,TRUE
805,isopinocamphone,CC1C2CC(C2(C)C)CC1=O,1,TRUE
817,"4-Methoxybenzene-1,2-diol",COC1=CC(=C(C=C1)O)O,1,TRUE
856,"octahydro-4,4,8,8-tetramethyl-4a,7-methano-4aH-naphth[1,8a-b]oxirene",CC1(CCC2C3(C14CCC(C4)C3(C)C)O2)C,1,TRUE
958,Isobornyl isovalerate,CC(C)CC(=O)OC1CC2CCC1(C2(C)C)C,1,TRUE
971,Caryophyllenol,CC1(CC2C1CCC3(CCCC2(C3)O)C)C,1,TRUE
1014,safranal,CC1=C(C(CC=C1)(C)C)C=O,1,TRUE
1020,9-Cedranone,CC1CCC23C(CCC2C(C1C3=O)(C)C)C,1,TRUE
1038,Styrene glycol,C1=CC=C(C=C1)C(CO)O,1,TRUE
1085,Paeonol,CC(=O)C1=C(C=C(C=C1)OC)O,1,TRUE
1255,gamma每Stearolactone,CCCCCCCCCCCCCCC1CCC(=O)O1,1,TRUE
1271,"1,2-Cyclohexanediol, 1-methyl-4-(1-methylethenyl)-",CC(=C)C1CCC(C(C1)O)(C)O,1,TRUE
1274,Geranyl methyl ether,CC(=CCCC(=CCOC)C)C,1,TRUE
1325,Pyrogallol,C1=CC(=C(C(=C1)O)O)O,1,TRUE
1383,Longifolol,CC1(CCCC2(C3C1C(C2CO)CC3)C)C,1,TRUE
1413,"4,8,12,16-Tetramethylheptadecan-4-olide",CC(C)CCCC(C)CCCC(C)CCCC1(CCC(=O)O1)C,1,TRUE
1462,Thunbergol,CC1=CCCC(C=CC(CCC(=CCC1)C)C(C)C)(C)O,1,TRUE
1522,alpha-Cedrene epoxide,CC1CCC2C13CC(C2(C)C)C4(C(C3)O4)C,1,TRUE
1592,"Bicyclo(3.1.1)hept-2-ene, 2,6,6-trimethyl-, dimer",CC1=CCC2CC1C2(C)C.CC1=CCC2CC1C2(C)C,1,TRUE
1600,Dimethyl sebacate,COC(=O)CCCCCCCCC(=O)OC,1,TRUE
1601,Dimethyl azelate,COC(=O)CCCCCCCC(=O)OC,1,TRUE
1630,"Selina-4,11-Diene",CCC1(CCCC(=C1CC(C)C(=C)C)C)C,1,TRUE
1655,"3,3,7,11-Tetramethyltricyclo[5.4.0.0(4,11)]Undecan-1-Ol",CC1(CC2(C3(CCCC2(C1CC3)C)C)O)C,1,TRUE
1769,Piperonal,C1OC2=C(O1)C=C(C=C2)C=O,1,TRUE
1899,Cyperene,CC1CCC2CC3=C(CCC13C2(C)C)C,1,TRUE
1973,"4,7,7-Trimethylbicyclo[2.2.1]heptan-2-one",CC1(C2CCC1(CC2=O)C)C,1,TRUE
2146,(+)-alpha-Barbatene,CC1=CCC2(CC1C3(C2(CCC3)C)C)C,1,TRUE
2152,Thujopsan-2-beta-ol,CC1(CCCC2(C13CC3C(CC2)(C)O)C)C,1,TRUE
2176,Maaliol,CC1(C2C1C3C(CCCC3(C)O)(CC2)C)C,1,TRUE
2273,"Bicyclo[2.2.1]heptane, 2-cyclopropylidene-1,7,7-trimethyl-",CC1(C2CCC1(C(=C3CC3)C2)C)C,1,TRUE
2394,"3,5,5-Trimethylbicyclo[2.2.1]heptan-2-one",CC1C2CC(C1=O)CC2(C)C,1,TRUE
25,alpha-Copaene,CC1=CCC2C3C1C2(CCC3C(C)C)C,0.99,TRUE
26,Fenchone,CC1(C2CCC(C2)(C1=O)C)C,0.99,TRUE
43,Bornyl acetate,CC(=O)OC1CC2CCC1(C2(C)C)C,0.99,TRUE
49,alpha-Pinene,CC1=CCC2CC1C2(C)C,0.99,TRUE
100,Elemicin,COC1=CC(=CC(=C1OC)OC)CC=C,0.99,TRUE
105,alpha-Bergamotene,CC1=CCC2CC1C2(C)CCC=C(C)C,0.99,TRUE
112,Eugenol,COC1=C(C=CC(=C1)CC=C)O,0.99,TRUE
156,(Z)-beta-Damascenone,CC=CC(=O)C1=C(C=CCC1(C)C)C,0.99,TRUE
166,Safrole,C=CCC1=CC2=C(C=C1)OCO2,0.99,TRUE
175,2-Isopropyl-5-methylanisole,CC1=CC(=C(C=C1)C(C)C)OC,0.99,TRUE
182,Valencene,CC1CCC=C2C1(CC(CC2)C(=C)C)C,0.99,TRUE
188,Aristolene,CC1CCCC2=CCC3C(C12C)C3(C)C,0.99,TRUE
216,Isoeugenyl methyl ether,CC=CC1=CC(=C(C=C1)OC)OC,0.99,TRUE
242,3-Phenylpropanal,C1=CC=C(C=C1)CCC=O,0.99,TRUE
257,4-Allylphenol,C=CCC1=CC=C(C=C1)O,0.99,TRUE
273,"3,7(11)-Eudesmadiene",CC1=CCCC2(C1CC(=C(C)C)CC2)C,0.99,TRUE
279,Calarene,CC1CCC=C2C1(C3C(C3(C)C)CC2)C,0.99,TRUE
287,"2,4-Di-tert-butylphenol",CC(C)(C)C1=CC(=C(C=C1)O)C(C)(C)C,0.99,TRUE
300,"2-Isopropenyl-4a,8-dimethyl-1,2,3,4,4a,5,6,7-octahydronaphthalene",CC1=C2CC(CCC2(CCC1)C)C(=C)C,0.99,TRUE
328,2-(7-Heptadecynyloxy)tetrahydro-2H-pyran,CCCCCCCCCC#CCCCCCCOC1CCCCO1,0.99,TRUE
344,"3,4-Dimethoxytoluene",CC1=CC(=C(C=C1)OC)OC,0.99,TRUE
353,Acetone,CC(=O)C,0.99,TRUE
449,Vanillin,COC1=C(C=CC(=C1)C=O)O,0.99,TRUE
478,beta-Biotol,CC1CC(C2C13CCC(=C)C(C3)C2(C)C)O,0.99,TRUE
541,rimuene,CC1(CCCC2C1=CCC3C2(CCC(C3)(C)C=C)C)C,0.99,TRUE
561,Phenol,C1=CC=C(C=C1)O,0.99,TRUE
565,o-Cresol,CC1=CC=CC=C1O,0.99,TRUE
595,"Benzene, 1-methoxy-4-methyl-2-(1-methylethyl)-",CC1=CC(=C(C=C1)OC)C(C)C,0.99,TRUE
602,Cedrol,CC1CCC2C13CCC(C(C3)C2(C)C)(C)O,0.99,TRUE
621,2-hydroxy-5-methylacetophenone,CC1=CC(=C(C=C1)O)C(=O)C,0.99,TRUE
631,"Pentadecanoic acid, 14-methyl-, methyl ester",CC(C)CCCCCCCCCCCCC(=O)OC,0.99,TRUE
653,Estragole,COC1=CC=C(C=C1)CC=C,0.99,TRUE
677,Methyl 16-methylheptadecanoate,CC(C)CCCCCCCCCCCCCCC(=O)OC,0.99,TRUE
697,"Benzene,1,4-dimethoxy-2,3,5,6-tetramethyl-",CC1=C(C(=C(C(=C1OC)C)C)OC)C,0.99,TRUE
731,"Phenol,4-(ethoxymethyl)-2-methoxy",CCOCC1=CC(=C(C=C1)O)OC,0.99,TRUE
774,alpha-longipinene,CC1=CCC2C3C1C2(CCCC3(C)C)C,0.99,TRUE
800,a-pinene,CC1=CC2CC(C1)C2(C)C,0.99,TRUE
825,olean-12-ene,CC1(CCC2(CCC3(C(=CCC4C3(CCC5C4(CCCC5(C)C)C)C)C2C1)C)C)C,0.99,TRUE
847,germacrone,CC1=CCC(=C(C)C)C(=O)CC(=CCC1)C,0.99,TRUE
922,Isolongifolene,CC1(CCC=C2C13CCC(C3)C2(C)C)C,0.99,TRUE
954,gamma-Decalactone,CCCCCCC1CCC(=O)O1,0.99,TRUE
987,5ㄜepiㄜaristolochene,CC1CCCC2=CCC(CC12C)C(=C)C,0.99,TRUE
991,isofenchol,CC1(CC2(CC1CC2O)C)C,0.99,TRUE
1004,Valerenol,CC1CCC(C2=C(CCC12)C)C=C(C)CO,0.99,TRUE
1077,Triethyl citrate,CCOC(=O)CC(CC(=O)OCC)(C(=O)OCC)O,0.99,TRUE
1095,Catechol,C1=CC=C(C(=C1)O)O,0.99,TRUE
1099,2-(4-Hydroxyphenyl)ethanol,C1=CC(=CC=C1CCO)O,0.99,TRUE
1148,Isovanillin,COC1=C(C=C(C=C1)C=O)O,0.99,TRUE
1158,3-neoisothujanol,CC1C2CC2(CC1O)C(C)C,0.99,TRUE
1219,Ferulic acid,COC1=C(C=CC(=C1)C=CC(=O)O)O,0.99,TRUE
1224,gamma-Dodecalactone,CCCCCCCCC1CCC(=O)O1,0.99,TRUE
1230,2-Ethylphenol,CCC1=CC=CC=C1O,0.99,TRUE
1284,"8S,13-Cedranediol",CC1CCC2C13CCC(C(C3)C2(C)CO)(C)O,0.99,TRUE
1333,Methyl 12-methyltridecanoate,CC(C)CCCCCCCCCCC(=O)OC,0.99,TRUE
1377,"1,3-Benzodioxole",C1OC2=CC=CC=C2O1,0.99,TRUE
1401,Lilac aldehyde,CC(C=O)C1CCC(O1)(C)C=C,0.99,TRUE
1414,Methyl 15-methylhexadecanoate,CC(C)CCCCCCCCCCCCCC(=O)OC,0.99,TRUE
1474,2-Methoxy-4-propylphenol,CCCC1=CC(=C(C=C1)O)OC,0.99,TRUE
1556,Sandaracopimaradiene,CC1(CCCC2(C1CCC3=CC(CCC32)(C)C=C)C)C,0.99,TRUE
1577,delta-Decalactone,CCCCCC1CCCC(=O)O1,0.99,TRUE
1585,Methyl 2-hydroxy-4-methylpentanoate,CC(C)CC(C(=O)OC)O,0.99,TRUE
1587,Propofol,CC(C)C1=C(C(=CC=C1)C(C)C)O,0.99,TRUE
1589,3-Isopropylphenol,CC(C)C1=CC(=CC=C1)O,0.99,TRUE
1613,"Bicyclo[3.1.0]hexan-2-one, 1,5-di-tert-butyl-3,3-dimethyl-",CC1(CC2(CC2(C1=O)C(C)(C)C)C(C)(C)C)C,0.99,TRUE
1614,Olean-13(18)-ene,CC1(CCC2(CCC3(C(=C2C1)CCC4C3(CCC5C4(CCCC5(C)C)C)C)C)C)C,0.99,TRUE
1625,Coniferyl alcohol,COC1=C(C=CC(=C1)C=CCO)O,0.99,TRUE
1653,Bicyclo[2.2.1]heptan-2-ol,C1CC2CC1CC2O,0.99,TRUE
1656,"Bicyclo[2.2.1]heptan-2-ol, 7,7-dimethyl-, acetate",CC(=O)OC1CC2CCC1C2(C)C,0.99,TRUE
1798,Daucene,CC1=CCC2(CCC(=C2CC1)C(C)C)C,0.99,TRUE
1814,gamma-Asarone,COC1=CC(=C(C=C1CC=C)OC)OC,0.99,TRUE
1821,Isolongifolan-8-ol,CC1(CCC(C2C13CCC(C3)C2(C)C)O)C,0.99,TRUE
1835,"(Z)-2,6-Dimethyl-2,7-Octadien-1,6-Diol",CC(=CCCC(C)(C=C)O)CO,0.99,TRUE
1864,Junenol,CC(C)C1CCC2(CCCC(=C)C2C1O)C,0.99,TRUE
1898,"(1S,6S,7R)-2,6,8,8-Tetramethyltricyclo[5.2.2.01,6]undec-2-ene",CC1=CCCC2(C13CCC2C(C3)(C)C)C,0.99,TRUE
1944,Imidazoleacetic acid,C1=C(NC=N1)CC(=O)O,0.99,TRUE
1947,Gamma-nonalactone,CCCCCC1CCC(=O)O1,0.99,TRUE
2010,"Tetracyclo[6.3.2.0(2,5).0(1,8)]tridecan-9-ol, 4,4-dimethyl-",CC1(CC2C1CCC34C2(CCC3O)CC4)C,0.99,TRUE
2043,5-Methyl-2-allylphenol,CC1=CC(=C(C=C1)CC=C)O,0.99,TRUE
2049,Thymohydroquinone,CC1=CC(=C(C=C1O)C(C)C)O,0.99,TRUE
2144,Dihydro-beta-agarofuran,CC1CCCC2(C13CC(CC2)C(O3)(C)C)C,0.99,TRUE
2147,Camphorquinone,CC1(C2CCC1(C(=O)C2=O)C)C,0.99,TRUE
2186,Copaborneol,CC(C)C1CCC2(C3C1C(C2(CC3)C)O)C,0.99,TRUE
2194,"o-Mentha-1(7),8-dien-3-ol",CC(=C)C1C(CCCC1=C)O,0.99,TRUE
2220,"1,2-Epoxy-7-octene",C=CCCCCC1CO1,0.99,TRUE
2288,"3,5-Di-tert-butyl-4-hydroxybenzyl alcohol",CC(C)(C)C1=CC(=CC(=C1O)C(C)(C)C)CO,0.99,TRUE
2302,"Phenol, 4-(2-aminopropyl)-",CC(CC1=CC=C(C=C1)O)N,0.99,TRUE
2334,Methyl dihydrojasmonate,CCCCCC1C(CCC1=O)CC(=O)OC,0.99,TRUE
2351,gamma-Octalactone,CCCCC1CCC(=O)O1,0.99,TRUE
2393,Nopol ,CC1(C2CC=C(C1C2)CCO)C,0.99,TRUE
28,(+)-delta-Cadinene,CC1=CC2C(CCC(=C2CC1)C)C(C)C,0.98,TRUE
53,Carvacrol,CC1=C(C=C(C=C1)C(C)C)O,0.98,TRUE
54,"2,5-Dimethoxy-p-cymene",CC1=CC(=C(C=C1OC)C(C)C)OC,0.98,TRUE
78,Linalyl oxide,CC1(CCC(O1)C(C)(C)O)C=C,0.98,TRUE
101,Isoelemicin,CC=CC1=CC(=C(C(=C1)OC)OC)OC,0.98,TRUE
127,Fenchyl alcohol,CC1(C2CCC(C2)(C1O)C)C,0.98,TRUE
217,Methyleugenol,COC1=C(C=C(C=C1)CC=C)OC,0.98,TRUE
222,"naphthalene,1,2,3,4,4a,7-hexahydro",CC1CCC(C2C1=CCC(=C2)C)C(C)C,0.98,TRUE
258,4-Allylphenyl acetate,CC(=O)OC1=CC=C(C=C1)CC=C,0.98,TRUE
297,Isopulegol,CC1CCC(C(C1)O)C(=C)C,0.98,TRUE
298,4-Ethylanisole,CCC1=CC=C(C=C1)OC,0.98,TRUE
319,Ursodeoxycholic acid,CC(CCC(=O)O)C1CCC2C1(CCC3C2C(CC4C3(CCC(C4)O)C)O)C,0.98,TRUE
324,"Cyclohexanepropanol, alpha,beta,2,2,6-pentamethyl-",CC1CCCC(C1CC(C)C(C)O)(C)C,0.98,TRUE
475,Isoascaridole,CC(C)C12CCC3(C(C1O2)O3)C,0.98,TRUE
495,2-Phenylethanol,C1=CC=C(C=C1)CCO,0.98,TRUE
533,"p-Menthane-3,8-diol",CC1CCC(C(C1)O)C(C)(C)O,0.98,TRUE
551,Butyl citrate,CCCCOC(=O)CC(CC(=O)OCCCC)(C(=O)OCCCC)O,0.98,TRUE
569,2-methoxy-4-vinylphenol,COC1=C(C=CC(=C1)C=C)O,0.98,TRUE
593,"2,3,4,6-Tetramethylphenol",CC1=CC(=C(C(=C1C)C)O)C,0.98,TRUE
701,6-epi-Shyobunol,CC(C)C1CCC(C(C1O)C(=C)C)(C)C=C,0.98,TRUE
760,Hydroquinone,C1=CC(=CC=C1O)O,0.98,TRUE
863,pㄜHeptylphenol,CCCCCCCC1=CC=C(C=C1)O,0.98,TRUE
917,11-Hexadecenoic acid,CCCCC=CCCCCCCCCCC(=O)O,0.98,TRUE
977,dihydro-beta-ionol,CC1=C(C(CCC1)(C)C)CCC(C)O,0.98,TRUE
990,dihydro carveol,CC1CCC(CC1O)C(=C)C,0.98,TRUE
1003,Camphene hydrate,CC1(C2CCC(C2)C1(C)O)C,0.98,TRUE
1021,4-Ethyl-2-methoxyphenol,CCC1=CC(=C(C=C1)O)OC,0.98,TRUE
1023,4-Ethylphenol,CCC1=CC=C(C=C1)O,0.98,TRUE
1049,phenethyl acetate,CC(=O)OCCC1=CC=CC=C1,0.98,TRUE
1069,.alpha.-Chamigrene,CC1=CCC2(CC1)C(=CCCC2(C)C)C,0.98,TRUE
1104,"phenol, 2-methoxy-3-(2-propenyl)",COC1=C(C=CC=C1O)CC=C,0.98,TRUE
1114,Butylated Hydroxytoluene,CC1=CC(=C(C(=C1)C(C)(C)C)O)C(C)(C)C,0.98,TRUE
1145,m-eugenol,COC1=C(C=C(C=C1)CC=C)O,0.98,TRUE
1190,"2,5-dimethylcyclohexanol",CC1CCC(C(C1)O)C,0.98,TRUE
1206,"3,4-Dimethoxystyrene",COC1=C(C=C(C=C1)C=C)OC,0.98,TRUE
1208,"3,4-DIMETHYLCYCLOHEXANOL",CC1CCC(CC1C)O,0.98,TRUE
1229,Vanillyl alcohol,COC1=C(C=CC(=C1)CO)O,0.98,TRUE
1277,Cyclooctyl alcohol,C1CCCC(CCC1)O,0.98,TRUE
1343,4-Hydroxyacetophenone,CC(=O)C1=CC=C(C=C1)O,0.98,TRUE
1354,Valeric acid,CCCCC(=O)O,0.98,TRUE
1356,Guaiacol,COC1=CC=CC=C1O,0.98,TRUE
1359,Benzyl formate,C1=CC=C(C=C1)COC=O,0.98,TRUE
1387,"3,5-Dimethylstyrene",CC1=CC(=CC(=C1)C=C)C,0.98,TRUE
1431,"4-Allyl-2,6-dimethoxyphenol",COC1=CC(=CC(=C1O)OC)CC=C,0.98,TRUE
1516,2-Methylbenzyl alcohol,CC1=CC=CC=C1CO,0.98,TRUE
1518,"[S-(R*,R*)]-dihydro-2,2,6-trimethyl-6-(4-methyl-3-cyclohexen-1-yl)-2H-pyran-3(4H)-one",CC1=CCC(CC1)C2(CCC(=O)C(O2)(C)C)C,0.98,TRUE
1648,Didesethylflurazepam,C1C(=O)N(C2=C(C=C(C=C2)Cl)C(=N1)C3=CC=CC=C3F)CCN,0.98,TRUE
1763,"2,6-DI-Tert-butylphenol",CC(C)(C)C1=C(C(=CC=C1)C(C)(C)C)O,0.98,TRUE
1764,Metilox,CC(C)(C)C1=CC(=CC(=C1O)C(C)(C)C)CCC(=O)OC,0.98,TRUE
1866,"Bicyclo[2.2.1]heptan-2-one, 7,7-dimethyl-",CC1(C2CCC1C(=O)C2)C,0.98,TRUE
2035,"(1S,5S,9R)-2,3,5,9-tetramethyltricyclo[6.3.0.01,5]undec-2-ene",CC1CCC23C1CCC2(CC(=C3C)C)C,0.98,TRUE
2042,"(3,4-Diethoxyphenyl)acetonitrile",CCOC1=C(C=C(C=C1)CC#N)OCC,0.98,TRUE
2074,Isocomene,CC1CCC2(C13CCCC3(C=C2C)C)C,0.98,TRUE
2095,"2,5-Di-tert-butylphenol",CC(C)(C)C1=CC(=C(C=C1)C(C)(C)C)O,0.98,TRUE
2283,3-Ethyl-3-hydroxy-5alpha-androstan-17-one,CCC1(CCC2(C(C1)CCC3C2CCC4(C3CCC4=O)C)C)O,0.98,TRUE
2359,"2,5-Bornanediol",CC1(C2CC(C1(CC2O)C)O)C,0.98,TRUE
2395,cis-Pinonic acid,CC(=O)C1CC(C1(C)C)CC(=O)O,0.98,TRUE
37,Nerol,CC(=CCCC(=CCO)C)C,0.97,TRUE
45,Carvacrol methyl ether,CC1=C(C=C(C=C1)C(C)C)OC,0.97,TRUE
62,Viridiflorene,CC1CCC2=C(CCC3C(C12)C3(C)C)C,0.97,TRUE
79,"1,2,4-Trimethoxybenzene",COC1=CC(=C(C=C1)OC)OC,0.97,TRUE
145,Patchouli alcohol,CC1CCC2(C(C3CCC2(C1C3)C)(C)C)O,0.97,TRUE
225,alpha-Gurjunene,CC1CCC2C(C2(C)C)C3=C(CCC13)C,0.97,TRUE
473,Isoledene,CC1CCC2C(C2(C)C)C3=C1CCC3C,0.97,TRUE
496,Isoeugenol,CC=CC1=CC(=C(C=C1)O)OC,0.97,TRUE
502,Benzyl Alcohol,C1=CC=C(C=C1)CO,0.97,TRUE
528,Cyclopentadecanol,C1CCCCCCCC(CCCCCC1)O,0.97,TRUE
581,Azelaic Acid,C(CCCC(=O)O)CCCC(=O)O,0.97,TRUE
651,Aristolene epoxide,CC1CCCC23C1(C4C(C4(C)C)CC2O3)C,0.97,TRUE
680,"1,2,4,5-Tetramethylbenzene",CC1=CC(=C(C=C1C)C)C,0.97,TRUE
681,Ethylbenzene,CCC1=CC=CC=C1,0.97,TRUE
729,2-Methoxy-4-methylphenol,CC1=CC(=C(C=C1)O)OC,0.97,TRUE
770,Isophyllocladene,CC1=CC23CCC4C(CCCC4(C2CCC1C3)C)(C)C,0.97,TRUE
793,anisole,COC1=CC=CC=C1,0.97,TRUE
803,"Stigmastane-3,6-dione,(5a)-",CCC(CCC(C)C1CCC2C1(CCC3C2CC(=O)C4C3(CCC(=O)C4)C)C)C(C)C,0.97,TRUE
874,Pinene,CC1=C2CC(C2(C)C)CC1,0.97,TRUE
1022,2-Methoxy-5-methylphenol,CC1=CC(=C(C=C1)OC)O,0.97,TRUE
1061,Methyl 2-(3-oxo-2-(pent-2-en-1-yl)cyclopentyl)acetate,CCC=CCC1C(CCC1=O)CC(=O)OC,0.97,TRUE
1105,"phenol, 3,4-dimethoxy-",COC1=C(C=C(C=C1)O)OC,0.97,TRUE
1147,cis-2-Penten-1-ol,CCC=CCO,0.97,TRUE
1167,"2,4-Dimethylphenol",CC1=CC(=C(C=C1)O)C,0.97,TRUE
1251,4-epi-Cubebol,CC1CCC(C2C13C2C(CC3)(C)O)C(C)C,0.97,TRUE
1300,2-Allyl-6-methoxyphenol,COC1=CC=CC(=C1O)CC=C,0.97,TRUE
1421,Octose,C(C(C(C(C(C(C(C=O)O)O)O)O)O)O)O,0.97,TRUE
1479,"3,4,5-Trimethoxytoluene",CC1=CC(=C(C(=C1)OC)OC)OC,0.97,TRUE
1505,"2,6-Dimethoxyphenol",COC1=C(C(=CC=C1)OC)O,0.97,TRUE
1546,"3,4-Dimethoxybenzaldehyde",COC1=C(C=C(C=C1)C=O)OC,0.97,TRUE
1588,"2,3,5-Trimethoxytoluene",CC1=CC(=CC(=C1OC)OC)OC,0.97,TRUE
1636,Bornyl Butyrate,CCCC(=O)OC1CC2CCC1(C2(C)C)C,0.97,TRUE
1672,"3,4-Dimethylphenol",CC1=C(C=C(C=C1)O)C,0.97,TRUE
1698,beta-Friedelinol,CC1C(CCC2C1(CCC3C2(CCC4(C3(CCC5(C4CC(CC5)(C)C)C)C)C)C)C)O,0.97,TRUE
1823,"1,2,4-Trimethylbenzene",CC1=CC(=C(C=C1)C)C,0.97,TRUE
1865,Isobornyl propionate,CCC(=O)OC1CC2CCC1(C2(C)C)C,0.97,TRUE
1921,"2,4,5-Trimethoxytoluene",CC1=CC(=C(C=C1OC)OC)OC,0.97,TRUE
1930,"4,7-Dimethoxy-5-(1-propenyl)-1,3-benzodioxol",CC=CC1=CC(=C2C(=C1OC)OCO2)OC,0.97,TRUE
2044,"6S-2,3,8,8-Tetramethyltricyclo[5.2.2.0(1,6)]undec-2-ene",CC1=C(C23CCC(C2CC1)C(C3)(C)C)C,0.97,TRUE
2063,"2,6-媼樅價-4-樅欬價樅價掃照",CC1=CC(=C(C(=C1)OC)O)OC,0.97,TRUE
2064,Calarene epoxide,CC1CCC2C3(C1(C4C(C4(C)C)CC3)C)O2,0.97,TRUE
2072,Curcuphenol,CC1=CC(=C(C=C1)C(C)CCC=C(C)C)O,0.97,TRUE
2110,"2,6-Dimethoxy-4-vinylphenol",COC1=CC(=CC(=C1O)OC)C=C,0.97,TRUE
2163,Cyclopentaneundecanoic acid,C1CCC(C1)CCCCCCCCCCC(=O)O,0.97,TRUE
2181,"1,3-Dioxolane, 2,2'-(1,3-propanediyl)bis-",C1COC(O1)CCCC2OCCO2,0.97,TRUE
2297,Nerolidol oxide,CC(=CCCC(C)(C1CCC(O1)(C)C=C)O)C,0.97,TRUE
2371,1-(3-Hydroxy-4-methoxyphenyl)ethanone,CC(=O)C1=CC(=C(C=C1)OC)O,0.97,TRUE
58,Citronellol,CC(CCC=C(C)C)CCO,0.96,TRUE
111,[4-(Prop-1-en-2-yl)cyclohexyl]methanol,CC(=C)C1CCC(CC1)CO,0.96,TRUE
232,Myrcenol,CC(C)(CCCC(=C)C=C)O,0.96,TRUE
277,"(1R,2R,4S)-1,3,3-Trimethylbicyclo(2.2.1)heptan-2-yl acetate",CC(=O)OC1C(C2CCC1(C2)C)(C)C,0.96,TRUE
558,"Cyclopentaneacetic acid, 3-oxo-2-pentyl-, propyl ester",CCCCCC1C(CCC1=O)CC(=O)OCCC,0.96,TRUE
598,endo-1-bourbonanol,CC(C)C1CCC2(C1C3C2CCC3(C)O)C,0.96,TRUE
608,Sclareol,CC1(CCCC2(C1CCC(C2CCC(C)(C=C)O)(C)O)C)C,0.96,TRUE
1062,Methyl 2-(3-oxocyclopentyl)acetate,COC(=O)CC1CCC(=O)C1,0.96,TRUE
1111,sabinene hydrate acetate,CC(C)C12CCC(C1C2)(C)OC(=O)C,0.96,TRUE
1151,"2,6-DIMETHYLCYCLOHEXANOL",CC1CCCC(C1O)C,0.96,TRUE
1166,"2,4-DIMETHYLCYCLOHEXANOL",CC1CCC(C(C1)C)O,0.96,TRUE
1207,isononyl alcohol,CC(C)CCCCCCO,0.96,TRUE
1534,"3,7-Dimethyloct-6-en-3-ol",CCC(C)(CCC=C(C)C)O,0.96,TRUE
1629,Cedryl acetate,CC1CCC2C13CCC(C(C3)C2(C)C)(C)OC(=O)C,0.96,TRUE
1643,alpha-Linalool,CC(=C)CCCC(C)(C=C)O,0.96,TRUE
1705,2-Pinanol,CC1(C2CCC(C1C2)(C)O)C,0.96,TRUE
1949,3-Octen-1-OL,CCCCC=CCCO,0.96,TRUE
2067,"2,3,5,6-Tetramethylphenol",CC1=CC(=C(C(=C1C)O)C)C,0.96,TRUE
2212,"3,5-Di-tert-butyl-4-hydroxybenzaldehyde",CC(C)(C)C1=CC(=CC(=C1O)C(C)(C)C)C=O,0.96,TRUE
30,Linalool,CC(=CCCC(C)(C=C)O)C,0.95,TRUE
35,Borneol,CC1(C2CCC1(C(C2)O)C)C,0.95,TRUE
71,1-Octen-3-OL,CCCCCC(C=C)O,0.95,TRUE
255,Acetyleugenol,CC(=O)OC1=C(C=C(C=C1)CC=C)OC,0.95,TRUE
722,Z-alpha-trans-bergamotol,CC1=CCC2CC1C2(C)CCC=C(C)CO,0.95,TRUE
802,Friedelan-3-one,CC1C(=O)CCC2C1(CCC3C2(CCC4(C3(CCC5(C4CC(CC5)(C)C)C)C)C)C)C,0.95,TRUE
838,2ㄜhydroxypropanoic acid,CC(C(=O)O)O,0.95,TRUE
997,Lilac alcohol C,CC(CO)C1CCC(O1)(C)C=C,0.95,TRUE
1184,Salicylaldehyde,C1=CC=C(C(=C1)C=O)O,0.95,TRUE
1275,"3,7-Nonadien-2-ol, 4,8-dimethyl-",CC(C=C(C)CCC=C(C)C)O,0.95,TRUE
1298,2-Nonanol,CCCCCCCC(C)O,0.95,TRUE
1326,"(2R,3R,4R,5R)-2,3,4,5,6-pentahydroxyhexanal",C(C(C(C(C(C=O)O)O)O)O)O,0.95,TRUE
1357,Acetosyringone,CC(=O)C1=CC(=C(C(=C1)OC)O)OC,0.95,TRUE
1375,Cedrane diol,CC1CCC2C13CC(CC2(C)C)C(C(C3)O)(C)O,0.95,TRUE
1494,Geranic acid,CC(=CCCC(=CC(=O)O)C)C,0.95,TRUE
1511,cis-3-Nonen-1-ol,CCCCCC=CCCO,0.95,TRUE
1697,"2,4,5-Trimethoxybenzaldehyde",COC1=CC(=C(C=C1C=O)OC)OC,0.95,TRUE
1863,Cubeban-11-ol,CC1CCC23C1C2C(CCC3C)C(C)(C)O,0.95,TRUE
1880,Pyruvic acid,CC(=O)C(=O)O,0.95,TRUE
1911,9-Decenoic acid,C=CCCCCCCCC(=O)O,0.95,TRUE
2325,7-Octen-4-OL,CCCC(CCC=C)O,0.95,TRUE
33,Geranyl acetate,CC(=CCCC(=CCOC(=O)C)C)C,0.94,TRUE
97,Citronellyl acetate,CC(CCC=C(C)C)CCOC(=O)C,0.94,TRUE
271,Dihydro-cis-alpha-copaene-8-ol,CC1CCC2C3C1C2(CC(C3C(C)C)O)C,0.94,TRUE
821,1-Phenyl-2-propanol,CC(CC1=CC=CC=C1)O,0.94,TRUE
993,"3,5-di-tert-butylphenol",CC(C)(C)C1=CC(=CC(=C1)O)C(C)(C)C,0.94,TRUE
1070,Methyl [3-oxo-2-(2-pentynyl)cyclopentyl]acetate,CCC#CCC1C(CCC1=O)CC(=O)OC,0.94,TRUE
1078,Valeranone,CC(C)C1CCC2(CCCC(=O)C2(C1)C)C,0.94,TRUE
1079,Geosmin,CC1CCCC2(C1(CCCC2)O)C,0.94,TRUE
1132,methyl hexanoate,CCCCCC(=O)OC,0.94,TRUE
1626,Sinapyl alcohol,COC1=CC(=CC(=C1O)OC)C=CCO,0.94,TRUE
1790,Isomyristicin,CC=CC1=CC2=C(C(=C1)OC)OCO2,0.94,TRUE
2209,4-tert-Butylcyclohexanol,CC(C)(C)C1CCC(CC1)O,0.94,TRUE
2249,2-Methyl-1-hexadecanol,CCCCCCCCCCCCCCC(C)CO,0.94,TRUE
2,1-Pentanol,CCCCCO,0.93,TRUE
7,Methyl palmitate,CCCCCCCCCCCCCCCC(=O)OC,0.93,TRUE
59,Citronellyl formate,CC(CCC=C(C)C)CCOC=O,0.93,TRUE
60,Geranyl formate,CC(=CCCC(=CCOC=O)C)C,0.93,TRUE
198,Hexanoic acid,CCCCCC(=O)O,0.93,TRUE
368,2-Hexen-1-OL,CCCC=CCO,0.93,TRUE
392,Methyl stearate,CCCCCCCCCCCCCCCCCC(=O)OC,0.93,TRUE
443,Methyl arachidate,CCCCCCCCCCCCCCCCCCCC(=O)OC,0.93,TRUE
446,Methyl behenate,CCCCCCCCCCCCCCCCCCCCCC(=O)OC,0.93,TRUE
534,"2,6-Dimethyl-5-heptenal",CC(CCC=C(C)C)C=O,0.93,TRUE
652,Geranyl vinyl ether,CC(=CCCC(=CCOC=C)C)C,0.93,TRUE
824,methyl myristate,CCCCCCCCCCCCCC(=O)OC,0.93,TRUE
925,2-Heptanol,CCCCCC(C)O,0.93,TRUE
1347,7-Ethyl-2-methyl-4-undecanol,CCCCC(CC)CCC(CC(C)C)O,0.93,TRUE
1370,Butyric acid,CCCC(=O)O,0.93,TRUE
1400,Acorone,CC1CCC2(CC1=O)C(CC(=O)C2C(C)C)C,0.93,TRUE
1465,Methyl decanoate,CCCCCCCCCC(=O)OC,0.93,TRUE
1564,2-Tridecanol,CCCCCCCCCCCC(C)O,0.93,TRUE
1599,Methyl heptadecanoate,CCCCCCCCCCCCCCCCC(=O)OC,0.93,TRUE
1605,Methyl pentadecanoate,CCCCCCCCCCCCCCC(=O)OC,0.93,TRUE
1765,Methyl Henicosanoate,CCCCCCCCCCCCCCCCCCCCC(=O)OC,0.93,TRUE
1872,3-Dodecanol,CCCCCCCCCC(CC)O,0.93,TRUE
2065,"6,10-Dimethylundec-9-en-2-one",CC(CCCC(=O)C)CCC=C(C)C,0.93,TRUE
2071,Methyl tridecanoate,CCCCCCCCCCCCC(=O)OC,0.93,TRUE
2314,2-Isopropenyl-5-methyl-6-hepten-1-ol,CC(CCC(CO)C(=C)C)C=C,0.93,TRUE
176,Oleic acid,CCCCCCCCC=CCCCCCCCC(=O)O,0.92,TRUE
189,Palmitoleic acid,CCCCCCC=CCCCCCCCC(=O)O,0.92,TRUE
221,cis-3-Hexen-1-ol,CCC=CCCO,0.92,TRUE
274,"(2Z,6E)-Farnesol",CC(=CCCC(=CCCC(=CCO)C)C)C,0.92,TRUE
580,11-octadecenoic acid,CCCCCCC=CCCCCCCCCCC(=O)O,0.92,TRUE
639,Eicos-11-enoic acid,CCCCCCCCC=CCCCCCCCCCC(=O)O,0.92,TRUE
640,Tetracos-15-enoic acid,CCCCCCCCC=CCCCCCCCCCCCCCC(=O)O,0.92,TRUE
642,Hypogeic acid,CCCCCCCCC=CCCCCCC(=O)O,0.92,TRUE
828,"2ㄛ6-dimethylocta-2,6-diene",CC=C(C)CCC=C(C)C,0.92,TRUE
942,4-hexen-1-ol,CC=CCCCO,0.92,TRUE
1129,methyl nonanoate,CCCCCCCCC(=O)OC,0.92,TRUE
1130,methyl octanoate,CCCCCCCC(=O)OC,0.92,TRUE
1265,2-Undecanol,CCCCCCCCCC(C)O,0.92,TRUE
1416,Methyl tetracosanoate,CCCCCCCCCCCCCCCCCCCCCCCC(=O)OC,0.92,TRUE
1554,"(E,E)-7,11,15-Trimethyl-3-methylene-hexadeca-1,6,10,14-tetraene",CC(=CCCC(=CCCC(=CCCC(=C)C=C)C)C)C,0.92,TRUE
1907,Petroselinic acid,CCCCCCCCCCCC=CCCCCC(=O)O,0.92,TRUE
2155,Methyl heptanoate,CCCCCCC(=O)OC,0.92,TRUE
2198,13-Docosenoic acid,CCCCCCCCC=CCCCCCCCCCCCC(=O)O,0.92,TRUE
56,beta-Farnesene,CC(=CCCC(=CCCC(=C)C=C)C)C,0.91,TRUE
504,1-(1-Ethoxyethoxy)octane,CCCCCCCCOC(C)OCC,0.91,TRUE
527,Geranyllinalool,CC(=CCCC(=CCCC(=CCCC(C)(C=C)O)C)C)C,0.91,TRUE
711,Propanoic acid,CCC(=O)O,0.91,TRUE
1128,Methyl dodecanoate,CCCCCCCCCCCC(=O)OC,0.91,TRUE
1187,1-Heptanol,CCCCCCCO,0.91,TRUE
1668,Sebacic acid,C(CCCCC(=O)O)CCCC(=O)O,0.91,TRUE
1751,2-DODECANOL,CCCCCCCCCCC(C)O,0.91,TRUE
1920,beta Farnesene,CCC(=C)CCC=C(C)CCC=C(C)C,0.91,TRUE
184,Globulol,CC1CCC2C1C3C(C3(C)C)CCC2(C)O,0.9,TRUE
200,1-Hexanol,CCCCCCO,0.9,TRUE
310,1-Tridecanol,CCCCCCCCCCCCCO,0.9,TRUE
334,1-Eicosanol,CCCCCCCCCCCCCCCCCCCCO,0.9,TRUE
346,1-Undecanol,CCCCCCCCCCCO,0.9,TRUE
439,Squalene,CC(=CCCC(=CCCC(=CCCC=C(C)CCC=C(C)CCC=C(C)C)C)C)C,0.9,TRUE
451,Docosanol,CCCCCCCCCCCCCCCCCCCCCCO,0.9,TRUE
605,1-Pentadecanol,CCCCCCCCCCCCCCCO,0.9,TRUE
638,Octadecanol,CCCCCCCCCCCCCCCCCCO,0.9,TRUE
695,"3,4-Dimethoxycinnamic acid",COC1=C(C=C(C=C1)C=CC(=O)O)OC,0.9,TRUE
766,1ㄛ5-Cyclooctadieneㄛ1ㄛ5-dimethyl-,CC1=CCCC(=CCC1)C,0.9,TRUE
850,1ㄜheptatriacotanol,CCCCCCCCCCCCCCCCCCCCCCCCCCCCCCCCCCCCCO,0.9,TRUE
1016,1-Tetradecanol,CCCCCCCCCCCCCCO,0.9,TRUE
1034,1-Heptadecanol,CCCCCCCCCCCCCCCCCO,0.9,TRUE
1053,1-Dodecanol,CCCCCCCCCCCCO,0.9,TRUE
1072,1-Heptacosanol,CCCCCCCCCCCCCCCCCCCCCCCCCCCO,0.9,TRUE
1102,1-Nonadecanol,CCCCCCCCCCCCCCCCCCCO,0.9,TRUE
1103,Nonacosanol,CCCCCCCCCCCCCCCCCCCCCCCCCCCCCO,0.9,TRUE
1170,"3',5'-Dihydroxyacetophenone",CC(=O)C1=CC(=CC(=C1)O)O,0.9,TRUE
1294,Piperonyl acetone,CC(=O)CCC1=CC2=C(C=C1)OCO2,0.9,TRUE
1334,1-Pentacontanol,CCCCCCCCCCCCCCCCCCCCCCCCCCCCCCCCCCCCCCCCCCCCCCCCCCO,0.9,TRUE
1338,Dotriacontanol,CCCCCCCCCCCCCCCCCCCCCCCCCCCCCCCCO,0.9,TRUE
1339,1-Triacontanol,CCCCCCCCCCCCCCCCCCCCCCCCCCCCCCO,0.9,TRUE
1501,14-Pentadecenoic acid,C=CCCCCCCCCCCCCC(=O)O,0.9,TRUE
1552,Methyl ferulate,COC1=C(C=CC(=C1)C=CC(=O)OC)O,0.9,TRUE
1615,"13,27-Cycloursan-3-one",CC1CCC2(CCC34CC3(C2C1C)CCC5C4(CCC6C5(CCC(=O)C6(C)C)C)C)C,0.9,TRUE
1919,Palustrol,CC1CCC2(C1C3C(C3(C)C)CCC2C)O,0.9,TRUE
1926,Methyl piperonyl ketone,CC(=O)CC1=CC2=C(C=C1)OCO2,0.9,TRUE
2129,Geranylgeraniol,CC(=CCCC(=CCCC(=CCCC(=CCO)C)C)C)C,0.9,TRUE
2131,"1,5,9-Undecatriene, 2,6,10-trimethyl-,(Z)-",CC(=CCCC(=CCCC(=C)C)C)C,0.9,TRUE
87,cis-Sabinene hydrate,CC(C)C12CCC(C1C2)(C)O,0.89,TRUE
193,Octanoic acid,CCCCCCCC(=O)O,0.89,TRUE
197,Nonanoic acid,CCCCCCCCC(=O)O,0.89,TRUE
236,Decanoic acid,CCCCCCCCCC(=O)O,0.89,TRUE
240,Nonan-1-ol,CCCCCCCCCO,0.89,TRUE
333,1-Hexadecanol,CCCCCCCCCCCCCCCCO,0.89,TRUE
423,1-Decanol,CCCCCCCCCCO,0.89,TRUE
879,"valerena-4,7(11)-diene",CC1CCC(C2=C(CCC12)C)C=C(C)C,0.89,TRUE
1127,Fokienol,CC(=C)C=CCCCC(=CCCC(C)(C=C)O)C,0.89,TRUE
1309,3-Thujanol,CC1CCC2(C1(C2)O)C(C)C,0.89,TRUE
1616,Lanosteryl acetate,CC(CCC=C(C)C)C1CCC2(C1(CCC3=C2CCC4C3(CCC(C4(C)C)OC(=O)C)C)C)C,0.88,TRUE
2274,Methyl octadec-17-ynoate,COC(=O)CCCCCCCCCCCCCCCC#C,0.88,TRUE
203,Heptanoic acid,CCCCCCC(=O)O,0.87,TRUE
311,Myristic acid,CCCCCCCCCCCCCC(=O)O,0.87,TRUE
1161,Undecanoic acid,CCCCCCCCCCC(=O)O,0.87,TRUE
1839,"9,12-Octadecadiynoic Acid",CCCCCC#CCC#CCCCCCCCC(=O)O,0.87,TRUE
1849,propanal,CCC=O,0.87,TRUE
2050,Tridecanoic acid,CCCCCCCCCCCCC(=O)O,0.87,TRUE
2317,12-Methyltetradecanoic acid,CCC(C)CCCCCCCCCCC(=O)O,0.87,TRUE
304,Lauric acid,CCCCCCCCCCCC(=O)O,0.86,TRUE
307,Acetic acid,CC(=O)O,0.86,TRUE
579,Heptadecanoic acid,CCCCCCCCCCCCCCCCC(=O)O,0.86,TRUE
641,Docosanoic acid,CCCCCCCCCCCCCCCCCCCCCC(=O)O,0.86,TRUE
1342,Octacosanoic acid,CCCCCCCCCCCCCCCCCCCCCCCCCCCC(=O)O,0.86,TRUE
1346,Nonacosanoic acid,CCCCCCCCCCCCCCCCCCCCCCCCCCCCC(=O)O,0.86,TRUE
1466,Tricosanoic acid,CCCCCCCCCCCCCCCCCCCCCCC(=O)O,0.86,TRUE
6,Palmitic Acid,CCCCCCCCCCCCCCCC(=O)O,0.85,TRUE
425,Hexacontane,CCCCCCCCCCCCCCCCCCCCCCCCCCCCCCCCCCCCCCCCCCCCCCCCCCCCCCCCCCCCCCCCCCCCC(=O)O,0.85,TRUE
456,Stearic Acid,CCCCCCCCCCCCCCCCCC(=O)O,0.85,TRUE
823,"2,2,6-TriMethyl-6-vinyltetrahydropyran-3-ol",CC1(C(CCC(O1)(C)C=C)O)C,0.85,TRUE
1340,Dotriacontanoic acid,CCCCCCCCCCCCCCCCCCCCCCCCCCCCCCCC(=O)O,0.85,TRUE
1341,Triacontanoic acid,CCCCCCCCCCCCCCCCCCCCCCCCCCCCCC(=O)O,0.85,TRUE
1903,646-30-0,CCCCCCCCCCCCCCCCCCC(=O)O,0.85,TRUE
2358,"Camphenol, 6-",CC1(C2CC(C1=C)C(C2)O)C,0.84,TRUE
575,Pentadecanoic acid,CCCCCCCCCCCCCCC(=O)O,0.83,TRUE
1204,"1,1-Diethoxyethane",CCOC(C)OCC,0.83,TRUE
587,Lupeol,CC(=C)C1CCC2(C1C3CCC4C5(CCC(C(C5CCC4(C3(CC2)C)C)(C)C)O)C)C,0.79,TRUE
1617,Lupeol acetate,CC(=C)C1CCC2(C1C3CCC4C5(CCC(C(C5CCC4(C3(CC2)C)C)(C)C)OC(=O)C)C)C,0.79,TRUE
2275,17-Octadecynoic acid,C#CCCCCCCCCCCCCCCCC(=O)O,0.78,TRUE
1750,Menthyl Lactate,CC1CCC(C(C1)OC(=O)C(C)O)C(C)C,0.77,TRUE
801,Betulin,CC(=C)C1CCC2(C1C3CCC4C5(CCC(C(C5CCC4(C3(CC2)C)C)(C)C)O)C)CO,0.73,TRUE
102,Myristicin,COC1=CC(=CC2=C1OCO2)CC=C,0.66,TRUE
1202,gamma.-Lumicolchicine,CC(=O)NC1CCC2=CC(=C(C(=C2C3=C1C4C3C=C(C4=O)OC)OC)OC)OC,0.17,TRUE
1767,Methylcodeine,CN1CCC23C4C1CC5=C2C(=C(C=C5)OC)OC3C(C=C4)OC,0.16,TRUE
1948,Precocene II,CC1(C=CC2=CC(=C(C=C2O1)OC)OC)C,0.1,TRUE
1951,(2S)-Isoxanthohumol,CC(=CCC1=C2C(=C(C=C1O)OC)C(=O)CC(O2)C3=CC=C(C=C3)O)C,0.02,TRUE
1953,Apigenin,C1=CC(=CC=C1C2=CC(=O)C3=C(C=C(C=C3O2)O)O)O,0.02,TRUE
1936,"4'-Hydroxy-5,7-dimethoxyflavan",COC1=CC2=C(CCC(O2)C3=CC=C(C=C3)O)C(=C1)OC,0.01,TRUE
1954,Tricin,COC1=CC(=CC(=C1O)OC)C2=CC(=O)C3=C(C=C(C=C3O2)O)O,0.01,TRUE
1959,Isorhamnetin,COC1=C(C=CC(=C1)C2=C(C(=O)C3=C(C=C(C=C3O2)O)O)O)O,0.01,TRUE
1962,Galangin 3-methyl ether,COC1=C(OC2=CC(=CC(=C2C1=O)O)O)C3=CC=CC=C3,0.01,TRUE
1217,Kaempferol,C1=CC(=CC=C1C2=C(C(=O)C3=C(C=C(C=C3O2)O)O)O)O,0,TRUE
