SMILES,Label
COc1ccccc1-c1oc2ccc(C)cc2c(=O)c1O,1
Clc1ccc(-n2nc3c4c(ncc3c2OCc2ccccc2Cl)CCOC4)cc1,1
CC(=O)Nc1cccc(Nc2cc3c(cn2)ncn3CC2CC2)c1,1
CC(NC(=O)C(=O)c1c[nH]c2ccc([N+](=O)[O-])cc12)c1ccccc1,1
NCCCC(=O)O,1
CC1(CC(=O)O)CSC(=N)N1,1
N=C1NC(CC(=O)O)CS1,1
CC1SC(=N)NC1CC(=O)O,1
O=C(O)CC1CCNC1,1
CC(C(=O)O)C1CSC(=N)N1,1
C#Cc1ccc2c(c1)C(c1ccccc1F)=NCc1c(C(=O)NC)ncn1-2,1
CP(=O)(O)C1(O)CC(N)C1,1
CP(=O)(O)C1CC(N)C1,1
CCC(C)N(C)C(=O)c1cc2ccccc2c(-c2ccccc2Cl)n1,1
CCCCNC(=O)c1cc(-c2ccc(F)cc2F)ccc1O,1
NCc1cn(O)nc1-c1ccc(-c2ccccc2)cc1,1
COC(c1ccc(C(C)=O)cc1)C(F)(F)C(=O)C12CC3CC(CC(C3)C1)C2,1
CCCC=CC(O)C(F)(F)C(=O)c1ccc(Cl)cc1,1
CC(=O)c1ccc(C(O)C(F)(F)C(=O)C23CC4CC(CC(C4)C2)C3)cc1,1
NCc1cnn(O)c1,1
O=C(Nc1c(-c2cccs2)nc2c(Br)cc(Br)cn12)c1ccc(Cl)cc1,1
Cc1ccc2c(c1)Oc1sc(Cl)cc1C(N1CCN(CC(C)(C)C(=O)O)CC1)=N2,1
O=C(Nc1c(-c2cccs2)nc2ccccn12)c1ccc(Cl)cc1,1
Clc1ccc(COc2c3cnc4c(c3nn2-c2ccc(Cl)cc2)CCCC4)cc1,1
Fc1ccc(COc2c3cnc4c(c3nn2-c2ccc(Cl)cc2)CCCC4)cc1,1
Fc1ccccc1COc1c2cnc3c(c2nn1-c1ccc(Cl)cc1)CCCC3,1
Fc1ccccc1-n1nc2c(cnc3ccccc32)c1OCc1ccccc1Cl,1
O=C(NCc1ccc(O)c(O)c1)C(=O)c1c[nH]c2ccccc12,1
O=C(O)C1=CCNCC1,1
C#Cc1ccc2c(c1)C(c1ccccn1)=NCc1c(-c3nc(C(C)C)no3)ncn1-2,1
C#Cc1ccc2c(c1)C(c1ccccc1)=NCc1c(C(=O)NC)ncn1-2,1
C#Cc1ccc2c(c1)C(c1ccccn1)=NCc1c(C(=O)NC)ncn1-2,1
O=c1cc(C2CCNCC2)o[nH]1,1
Oc1ccccc1,1
CCOC(=O)c1ncc2[nH]c3cccc(OC(C)C)c3c2c1C,1
Oc1ccc2c(c1)CCN(CCCCc1ccccc1)CC2O,1
CCOC(=O)c1cncn1C(C)c1ccccc1,1
Cc1cc(-c2nnc3c4ccccc4c(OCc4ccccn4)nn23)no1,1
OC(c1ccc(F)c(Cl)c1)(c1ccc2c(cnn2-c2ccc(F)cc2)c1)C(F)(F)F,1
CC(C)(C)OC(=O)c1cc2c(cn1)[nH]c1ccccc12,1
CCOC(=O)c1ncn2c1CN(C)C(=O)c1cc(F)ccc1-2,1
CCOC(=O)c1cncn1C(C)c1ccc(C2(C(F)(F)F)N=N2)cc1,1
CCCN(CCC)C(=O)Cc1c(-c2ccc(Cl)cc2)nc2c(NC(=O)CCCC(=O)O)cccn12,1
CCCN(CCC)C(=O)Cc1c(-c2ccc(Cl)c([N+](=O)[O-])c2)nc2c(Cl)cc(Cl)cn12,1
Cc1ccc2c(c1)-c1nc(Cc3cc(C)no3)nn1Cc1c(C)ncn1-2,1
CC(C)c1cc(CCCC2(C)N=N2)cc(C(C)C)c1O,1
CCCN(CCC)C(=O)Cc1c(-c2ccc([N+](=O)[O-])cc2)nc2c(Cl)cc(Cl)cn12,1
CCCN(CCC)C(=O)Cc1c(-c2ccc(O)cc2)nc2c(Cl)cc(Cl)cn12,1
CCCCN(C)C(=O)Cc1c(-c2ccc(Cl)c(N)c2)nc2c(Cl)cc(Cl)cn12,1
CCCCN(C)C(=O)Cc1c(-c2ccc(Cl)c([N+](=O)[O-])c2)nc2c(Cl)cccn12,1
CCCCN(C)C(=O)Cc1c(-c2ccc(Cl)c(N)c2)nc2c(Cl)cccn12,1
CC(C)(O)C(=O)c1oc2nc(-c3ccccc3Cl)c(-c3ccc(Cl)cc3)cc2c1NC(=O)CO,1
CC(C)(O)C(=O)c1oc2nc(-c3ccc(Cl)cc3Cl)c(-c3ccc(Cl)cc3)cc2c1NC(=O)CO,1
Clc1ccc(-n2nc3c4c(ncc3c2OCc2ccccc2Cl)CCCC4)cc1,1
NCc1cn(O)nc1Cc1ccccc1,1
NCc1cnn(O)c1Br,1
O=c1[nH]oc2c1CCNC2,1
NCc1cn(O)nc1-c1ccccc1,1
CCCN(CCC)C(=O)Cc1c(-c2ccc(Cl)c(N)c2)nc2c(Cl)cc(Cl)cn12,1
Nc1nc(CC(=O)O)cs1,1
Cc1nc(N)ccc1C(=O)O,1
Nc1ccc(C(=O)O)c(-c2ccccc2)n1,1
CC(C)c1cccc(C(C)C)c1O,1
CCCN(CCC)C(=O)Cc1c(-c2ccc(OC)cc2)nc2c(Cl)cc(Cl)cn12,1
NCc1cn(O)nc1-c1cccc(-c2ccccc2)c1,1
C#Cc1ccc2c(c1)C(c1ccccc1)=NCc1c(-c3nc(C(C)C)no3)ncn1-2,1
NCc1cc(=O)[nH]o1,1
C#Cc1ccc2c(c1)C(c1ccccc1F)=NCc1c(-c3nc(C(C)C)no3)ncn1-2,1
Cc1ccc(CNC(=O)C(=O)c2c[nH]c3ccc([N+](=O)[O-])cc23)cc1,1
Cc1ccc(-c2nc3ccc(F)cn3c2CC(=O)N(C)C)cc1,1
CCCN(CCC)C(=O)Cc1c(-c2ccc(N)cc2)nc2c(Cl)cc(Cl)cn12,1
COCc1nc2n(n1)Cc1c(C)ncn1-c1ccc(Br)cc1-2,1
Cc1ccc2nc(-c3ccc(F)cc3)c(CC(=O)N(C)C)n2c1,1
Cc1ncn2c1Cn1ncnc1-c1cc(Br)ccc1-2,1
Cc1ncn2c1Cn1nc(CN3CCCC3=O)nc1-c1cc(Br)ccc1-2,1
Oc1c(Br)cc(Br)cc1-c1cc(Br)cc(Br)c1O,1
Cc1cc(C(=O)O)cnc1N,1
CCCCc1nc(N)ccc1C(=O)O,1
NCC=CC(=O)O,1
Nc1ccc(C(=O)O)c(Cl)n1,1
N=C1CCC(C(=O)O)CN1,1
O=C(O)CC1CN=CN1,1
NC1=NC(CC(=O)O)CN1,1
O=C(O)Cc1c[nH]cn1,1
CCc1nc(N)ccc1C(=O)O,1
NCc1cnn(O)c1Cl,1
Cc1cc(Cc2nc3n(n2)Cc2c(C)ncn2-c2ccc(O)cc2-3)on1,1
CCCCN(C)C(=O)Cc1c(-c2ccc(OC)cc2)nc2c(Cl)cc(Cl)cn12,1
CN(C(=O)Cc1c(-c2ccc(O)cc2)nc2c(Cl)cc(Cl)cn12)c1ccccc1,1
NCc1cn(O)nc1I,1
Cc1c(CN)o[nH]c1=O,1
Cc1nn(O)cc1CN,1
COc1ccc(-c2nc3c(Cl)cc(Cl)cn3c2CC(=O)N(C)c2ccccc2)cc1,1
Cc1nc2n(n1)Cc1c(C)ncn1-c1ccc(Br)cc1-2,1
COc1ccc2c(c1)CCc1cc(O)cc(OC)c1-2,1
Cc1cc(Cc2nc3n(n2)Cc2c(C)ncn2-c2ccccc2-3)on1,1
CCc1cc(N)ncc1C(=O)O,1
CCc1cccc(CC)c1O,1
Cc1cc(Cc2nc3n(n2)Cc2c(C)ncn2-c2ccc(Br)cc2-3)on1,1
CN1C(=O)COc2cc(Nc3cc4c(cc3F)ncn4CC3CC3)cnc21,1
O=C(NCc1ccc(F)cc1)C(=O)c1c[nH]c2ccccc12,1
Clc1ccc(-n2nc3c4c(ncc3c2Oc2ccccc2Cl)CCCC4)cc1,1
CC(C)(C)OC(=O)NC(c1ccccc1)C(F)(F)C(=O)c1ccc2c(c1)OCO2,1
On1cc2c(n1)CCNC2,1
NCc1cn(O)nc1CCc1ccncc1,1
Cc1c(CN)cnn1O,1
O=C(O)C1CCNCC1,1
On1ncc2c1CCNC2,1
CC=CC=CC(O)C(F)(F)C(=O)C=CCCCC,1
CC(N)Cn1ncc2ccc(O)cc21,1
CCc1ccc(C(O)C(F)(F)C(=O)C23CC4CC(CC(C4)C2)C3)cc1,1
CCC(=O)NC1CCC(C(=O)N(C)c2ccc(-c3nc4ccccc4o3)cc2)C1,1
CC(C)CC(=O)C(F)(F)C(NC(=O)OC(C)(C)C)c1ccccc1,1
O=C(C12CC3CC(CC(C3)C1)C2)C(F)(F)C(O)C=Cc1ccccc1,1
O=C(NCc1ccc(O)c(O)c1)C(=O)c1c[nH]c2ccc([N+](=O)[O-])cc12,1
CN1CCC2(O)c3cc(Br)ccc3N(C)C12c1ccccc1,1
CC1(C)CCc2ncc3c(OCc4ccccc4Cl)n(-c4ccc(Cl)cc4)nc3c2C1,1
COc1cc(CCc2ccc(O)cc2)cc(OC)c1,1
Cc1cc(N)ncc1C(=O)O,1
CCCCc1cc(N)ncc1C(=O)O,1
COc1cc(O)cc(CCc2cccc(O)c2)c1,1
NC1=NCC(C(=O)O)CN1,1
COc1ccc(S(=O)(=O)Nc2c(C)cc(C)cc2C)cc1,1
NCc1cn(O)nc1N,1
Nc1ccc(C(=O)O)cn1,1
CCc1cc(C(=O)O)cnc1N,1
CCCN(CCC)C(=O)Cc1c(-c2ccc(OC(=O)CCC(=O)OC)cc2)nc2c(Cl)cc(Cl)cn12,1
CC=CC=CC(O)C(F)(F)C(=O)C(C)(C)C,1
CC(=O)c1ccc(C(O)CC(=O)C23CC4CC(CC(C4)C2)C3)cc1,1
CCCC=CC(O)C(F)(F)C(=O)c1ccc2ccccc2c1,1
NCC(CC(=O)O)c1ccc(Cl)cc1,1
CC(C)c1cc(C2(C(F)(F)F)N=N2)cc(C(C)C)c1CO,1
CCCCN(C)C(=O)Cc1c(-c2ccc(O)cc2)nc2c(Cl)cc(Cl)cn12,1
Cc1cc(-c2nncc3c(C(C)(C)C)c(OCc4ncnn4C)nn23)no1,1
CN1C(=O)C(N2CCc3c(nn(Cc4ccccc4)c3Br)C2=O)COc2ccccc21,1
COc1ccc(C(O)C(F)(F)C(=O)c2ccc3ccccc3c2)cc1,1
Nc1ncc(C(=O)O)cc1I,1
CN1C(=O)CN=C(c2ccccc2)c2cc(Cl)ccc21,1
O=C(O)c1cc(-c2ccc(C3CCNCC3)cc2)c2ccc(-c3ccc(C(F)(F)F)cc3)cc2c1,1
COc1ccc2c(c1)-n1ncc(C(=O)Nc3ccccc3)c1NC2,1
COc1ccc2cnc3c(C(=O)NC4CCCCC4)cnn3c2c1,1
CN(C(=O)Cc1c(-c2nccs2)nc2c(Cl)cc(Cl)cn12)c1ccccc1,1
NCCCCc1no[nH]c1=O,1
Cc1cccc(C)c1O,1
Clc1ccc(-n2nc3c4c(ncc3c2OCC2CC2)CCCC4)cc1,1
O=c1cc(-c2cccc([N+](=O)[O-])c2)oc2ccc(Br)cc12,1
COc1cc(CCc2ccc(OC)c(OC)c2)cc(OC)c1,1
Clc1ccc(-n2nc3c(cnc4ccccc43)c2OCC2CC2)cc1,1
CCCN(CCC)C(=O)Cc1c(-c2nccs2)nc2c(Cl)cc(Cl)cn12,1
Clc1ccc(-n2nc3c(cnc4ccc(-n5ccnc5)cc43)c2OCC2CC2)cc1,1
Cc1cc(Cc2nc3n(n2)Cc2c(C)ncn2-c2ccc(Cl)cc2-3)on1,1
Cc1cc(Cc2nc3n(n2)Cc2c(C)ncn2-c2ccc(OC(F)(F)F)cc2-3)on1,1
Clc1ccc(-n2nc3c4c(ncc3c2OCc2ccccc2Cl)CCCCC4)cc1,1
CCOC(=O)C1C(C)=NC(=O)NC1c1cccc(O)c1,1
COC(=O)C1C(C)=NC(=O)NC1c1ccccc1,1
O=C(NCc1ccc(O)c(O)c1)C(=O)c1c[nH]c2ccc(Cl)cc12,1
CCCN(CCC)C(=O)Cc1c(-c2ccc(Cl)c(NC(=O)CCC(=O)O)c2)nc2c(Cl)cc(Cl)cn12,1
CCCN(CCC)C(=O)Cc1c(-c2ccc(Cl)cc2)nc2c(NC(=O)CC(=O)O)cccn12,1
CCCN(CCC)C(=O)Cc1c(-c2ccc(Cl)cc2)nc2c(NC(=O)CCC(=O)O)cccn12,1
NC1CC=C(C(=O)O)C1,1
Cc1c(F)c(Nc2cnc3c(c2)OCC(=O)N3C)cc2c1ncn2CC1CC1,1
CCc1nn(O)cc1CN,1
NCCCc1no[nH]c1=O,1
COc1cc(O)cc(C=Cc2cccc(O)c2)c1,1
CCOC(=O)C1=C(C)N(C)C(=S)NC1c1cccc(O)c1,1
Cc1noc(Cc2nc3n(n2)Cc2c(C)ncn2-c2ccc(Br)cc2-3)n1,1
COc1ccc2c(c1)-c1nc(Cc3cc(C)no3)nn1Cc1c(C)ncn1-2,1
O=C(Nc1c(-c2cccs2)nc2ccc(I)cn12)c1ccc(Cl)cc1,1
O=C(C12CC3CC(CC(C3)C1)C2)C(F)(F)C(O)c1ccccc1,1
CC1=C(C#N)C(c2ccc3[nH]nc(C)c3c2)C(C#N)=C(C)N1,1
CCCCN(C)C(=O)Cc1c(-c2ccc(Cl)c([N+](=O)[O-])c2)nc2c(Cl)cc(Cl)cn12,1
CCCN(CCC)C(=O)Cc1c(-c2ccc(Cl)cc2)nc2c(NC(=O)CCC(=O)OCC)cccn12,1
Clc1ccccc1COc1c2cnc3ccccc3c2nn1-c1ccc2c(c1)OCO2,1
O=C(Nc1c(-c2cccs2)nc2ccc(F)cn12)c1ccc(Cl)cc1,1
CN(C(=O)Cn1c(=O)oc2ccc(-c3cccnc3)cc21)c1ccc(C(F)(F)F)cc1,1
Cc1ncn2c1Cn1nc(CC3CC3)nc1-c1cc(Br)ccc1-2,1
CC(CC(O)C(F)(F)C(=O)c1ccc2c(c1)OCO2)O[Si](C(C)C)(C(C)C)C(C)C,1
Cc1cc(C(O)(c2ccc3c(cnn3-c3ccc(F)cc3)c2)C(F)(F)F)ccc1F,1
COC(=O)C1C(C)=NC(=S)NC1c1cccc(O)c1,1
CN1C(=O)C(N2CCc3cn(CC4CCS(=O)(=O)CC4)nc3C2=O)COc2ccccc21,1
CC(=O)c1ccc(C(O)C(F)(F)C(=O)c2ccccn2)cc1,1
NCc1cn(O)nc1CCc1ccccc1,1
Clc1ccc(-n2nc3c(cnc4ccccc43)c2OCc2ccccc2Cl)cc1,1
FC(F)(F)c1ccccc1COc1c2cnc3c(c2nn1-c1ccc(Cl)cc1)CCCC3,1
O=c1c2cnc3ccccc3c2[nH]n1-c1ccc(Cl)cc1,1
O=C(c1ccc2ccccc2c1)C(F)F,1
Clc1ccc(-n2nc3c4c(ncc3c2OCc2cccc(Cl)c2)CCCC4)cc1,1
O=C(Nc1c(-c2ccccc2)nc2ccccn12)c1ccccc1,1
COC(=O)c1cc2c(cn1)[nH]c1ccccc12,1
N#Cc1cc(C(O)(c2ccc3c(cnn3-c3ccc(F)cc3)c2)C(F)(F)F)ccc1F,1
OC(c1ccc2c(cnn2-c2ccc(F)cc2)c1)(c1cccc(Cl)c1Cl)C(F)(F)F,1
CC=CC=CC(O)C(F)(F)C(=O)c1ccc2ccccc2c1,1
O=C(c1ccc2ccccc2c1)C(F)(F)C(O)C1CCCCC1,1
CCOC(=O)C1C(C)=NC(=S)NC1c1cccc(O)c1,1
Cc1nn(O)c(C)c1CN,1
Cc1ncn2c1Cn1nc(C(C)(C)C)nc1-c1cc(Br)ccc1-2,1
CC(C)c1ccccc1O,1
CC(C)(C)c1cc(C(C)(C)C)c2c(c1)C(O)(C(F)(F)F)C(=O)O2,1
CCOC(=O)C1C(C)=NC(=S)NC1c1ccc(O)c(O)c1,1
COc1ccc2c(c1)-n1ncc(C(=O)NCc3ccco3)c1NC2,1
CC1(C)CC(=O)c2c(SCCO)sc(-c3nccs3)c2C1,1
C=CC1CC1(NC(=O)C1CC(Oc2cc(-c3csc(NC(=O)C(C)C)n3)nc3c(Br)c(OC)ccc23)CN1C(=O)C(NC(=O)OC1CCCC1)C(C)(C)C)C(=O)O,1
CN1CCC2(O)c3cc(I)ccc3N(C)C12c1ccccc1,1
O=C(NC1CCc2ccccc21)C(=O)c1c[nH]c2ccc([N+](=O)[O-])cc12,1
CC1(C)C2CCC(C(O)C(F)(F)C(=O)c3ccc4c(c3)OCO4)C1C2,1
NS(=O)(=O)c1cc(NC(=O)Cc2ccccc2)ccc1Oc1cccc(Cl)c1,1
NC1(C(=O)O)C(F)CC2C(C(=O)O)C21,1
CNc1ccc(C(=O)O)cn1,1
CCn1cc(-c2cccc(C(F)(F)F)c2)c2sc(C(=N)NC3CCS(=O)(=O)CC3)cc2c1=O,1
Cc1cc(OC2CCS(=O)(=O)CC2)cc(C)c1-c1cccc(COc2ccc(C(=O)O)c(F)c2)c1,1
CN(C)C(=O)Cc1c(-c2ccc(F)cc2)nc2ccc(F)cn12,1
O=C(C12CC3CC(CC(C3)C1)C2)C(F)(F)C(NS(=O)(=O)c1ccccc1)c1ccccc1,1
CC(C)(C)OC(=O)NC(c1ccccc1)C(F)(F)C(=O)c1ccc2ccccc2c1,1
O=C(C12CC3CC(CC(C3)C1)C2)C(F)(F)C(O)c1ccc(Cl)cc1,1
OC(c1ccnc(Cl)c1)(c1ccc2c(cnn2-c2ccc(F)cc2)c1)C(F)(F)F,1
Nc1cc(-c2ccccc2)c(C(=O)O)cn1,1
COc1ccc2cnc3c(C(=O)NCc4cccs4)cnn3c2c1,1
CCC1CN2CCC3(O)C(=Nc4cccc(-c5ccoc5)c43)C2CC1C(=COC)C(=O)OC,1
NCCc1no[nH]c1=O,1
O=C1c2ccccc2C(=O)N1CC(O)C(F)(F)C(=O)C12CC3CC(CC(C3)C1)C2,1
CCOC(=O)C1C(CC)=NC(=S)NC1c1cccc(O)c1,1
Cc1ccc2nc(-c3cccs3)c(NC(=O)c3ccc(Cl)cc3)n2c1,1
O=C(N1CCS(=O)(=O)CC1)N1CC(c2ccc(OC(F)(F)F)cc2)CC(c2nc(C3CC3)no2)C1,1
CN1C(=O)CCC1c1cccnc1,1
COc1ccc2cnc3c(C(=O)NCc4ccco4)cnn3c2c1,1
N#CC1(c2ccccn2)CCN(Cc2cc(C(=O)O)c(=O)n3ccccc23)CC1,1
CN1C(=O)C(N2CCc3cn(Cc4ccccc4)nc3C2=O)COc2ccccc21,1
COc1ccc2cnc3c(C(=O)Nc4ccccc4)cnn3c2c1,1
O=C(c1ccc(Cl)cc1)C(F)(F)C(NCc1ccccc1)c1ccccc1,1
O=C(c1ccc2ccccc2c1)C(F)(F)C(NS(=O)(=O)c1ccccc1)c1ccccc1,1
O=C(Nc1c(-c2cccs2)nc2ccc(Br)cn12)c1ccc(Oc2ccccc2)cc1,1
O=C(c1ccc(OCCC2CCOCC2)cc1)C1CCC(Cn2nnc3ccccc3c2=O)C1C(=O)O,1
CCC1CN2CCC3(O)C(=Nc4cccc(C)c43)C2CC1C(=COC)C(=O)OC,1
O=C(Nc1c(-c2cccs2)nc2ccc(-c3cccs3)cn12)c1ccccc1,1
O=C(Nc1c(-c2cccs2)nc2ccc(Br)cn12)c1ccccc1,1
Cc1cc(OC2CCS(=O)(=O)CC2)cc(C)c1-c1cccc(COc2ccc(CCC(=O)O)c(F)c2)c1,1
O=C(Nc1c(-c2cccs2)nc2ccc(-c3ccccc3)cn12)c1ccccc1,1
CCC1CN2CCC3(O)C(=Nc4cccc(-c5ccccc5)c43)C2CC1C(=COC)C(=O)OC,1
O=C(NCc1ncc(C(F)(F)F)cc1Cl)c1ccc2c(c1)C1(CCS(=O)(=O)CC1)C(C1CC1)N2S(=O)(=O)c1ccc(F)cc1,1
CC=CC=CC(NCc1ccccc1)C(F)(F)C(=O)c1ccc2ccccc2c1,1
O=C(c1ccc2ccccc2c1)C(F)(F)C(NCc1ccccc1)c1ccccc1,1
CC1CCC(C(C)C)C(OC(=O)OC(C)OC(=O)C2C3CC(F)C(N)(C(=O)O)C32)C1,1
Cc1cc(-c2nnc3c4ccccc4c(OCc4cn(C)nn4)nn23)no1,1
O=C(Nc1c(-c2cccs2)nc2cc(Br)ccn12)c1ccc(Cl)cc1,1
O=C(Nc1c(C2CCCC2)nc2ccc(Br)cn12)c1ccccc1,1
COc1ccc(Nc2cc3c(cn2)ncn3CC2CC2)c(OC)c1,1
O=C(Nc1c(-c2cccs2)nc2ccc(C(F)(F)F)cn12)c1ccc(Cl)cc1,1
O=c1[nH]oc(C2CCNCC2)c1-c1cccc2ccccc12,0
NC(=O)C1=CCC(N)C1,0
NC1CC=C(C(=O)O)C1,0
CCCCCNC(=O)C1=CCC(N)C1,0
O=P1(O)CCC(CO)C1,0
CCONC(=O)C1=CCC(N)C1,0
N=c1ccc(-c2cccc(OCc3ccccc3)c2)nn1CCCC(=O)O,0
N=c1ccc(-c2cccc(N)c2)nn1CCCC(=O)O,0
CCOC(=O)c1ncn2c1CN=C(c1ccc(F)cc1)c1cc(F)ccc1-2,0
CCCCP(=O)(O)C1=CCC(N)C1,0
CC1=NN=C(c2cc3c(C(F)(F)F)cccc3s2)c2cc3oc(=O)[nH]c3cc2C1,0
c1ccc2c(NCCCCCCCNc3c4c(nc5ccccc35)CCCC4)c3c(nc2c1)CCCC3,0
O=c1[nH]oc(C2CCNCC2)c1Cc1ccc2ccccc2c1-c1ccccc1,0
O=c1[nH]oc(C2CCNCC2)c1C(Br)c1ccc2ccccc2c1,0
Cc1ccc2c(c1)Oc1sc(Cl)cc1C(N1CCN(CC(C)(C)C(=O)O)CC1)=N2,0
CCCC(O)CCC=CC=CC#CC#CC=CCO,0
CCCCP(=O)(O)C1=CCC(NC(=O)CCCCCNc2ccc([N+](=O)[O-])c3nonc23)C1,0
COc1ccc2cnc3c(C(=O)NCc4ccccc4OC)cnn3c2c1,0
O=c1[nH]oc(C2CCNCC2)c1Cc1ccc2ccccc2c1Br,0
O=c1[nH]oc(C2CCNCC2)c1-c1ccccc1,0
CC(C(=O)O)C1CSC(=N)N1,0
COc1ccc(S(=O)(=O)Nc2c(C)cc(C)cc2C)cc1,0
O=C(O)C1CCP(=O)(O)C1,0
CCCNC(=O)C1=CCC(N)C1,0
CONC(=O)C1=CCC(N)C1,0
NC1CC=C(C(O)=NO)C1,0
CCOC(=O)c1ncn2c1CN=C(c1ccc(Cl)cc1)c1ccccc1-2,0
CN1C(=O)C2CN(S(=O)(=O)c3ccc4occc4c3)CC2c2cnccc21,0
N=C(N)NC1CCP(=O)(O)C1,0
NC1CCP(=O)(O)C1,0
N=c1ccc(-c2ccc(O)cc2)nn1CCCC(=O)O,0
COc1ccc(-c2ccc(=N)n(CCCC(=O)O)n2)cc1,0
N=c1ccc(-c2ccccc2)nn1CCCC(=O)O,0
N=c1ccc(-c2cccc([N+](=O)[O-])c2)nn1CCCC(=O)O,0
O=c1[nH]oc(C2CCNCC2)c1-c1cccc(-c2ccccc2)c1,0
On1cc(C2CCNCC2)c(-c2cn(Cc3ccccc3)c(-c3ccccc3)n2)n1,0
On1cc(C2CCNCC2)cn1,0
CP(=O)(O)C1=CCNCC1,0
CN(C)C(=O)Cc1c(-c2ccc(F)cc2)nc2ccc(F)cn12,0
Cc1ccc2nc(-c3ccc(F)cc3)c(CC(=O)N(C)C)n2c1,0
CN1C(=O)C2CN(S(=O)(=O)c3ccc4c(c3)OCO4)CC2c2cnccc21,0
On1ncc(C2CCNCC2)c1-c1cn(Cc2ccccc2)c(-c2ccccc2)n1,0
CCCC(O)CCC=CC=CC#CC#CCCCO,0
On1cc(C2CCNCC2)c(-c2c[nH]c(-c3ccccc3)n2)n1,0
O=c1[nH]oc(C2CCNCC2)c1Cc1ccc2ccccc2c1,0
COc1ccc2c(c1)-n1ncc(C(=O)NCc3ccccc3)c1NC2,0
N=c1ccc(-c2cccc(O)c2)nn1CCCC(=O)O,0
O=c1[nH]oc(C2CCNCC2)c1-c1ccc2ccccc2c1,0
O=S(=O)(O)C1CCNCC1,0
CCOC(=O)c1ncn2c1CN=C(c1cccc([N+](=O)[O-])c1)c1cc(F)ccc1-2,0
CCOC(=O)c1ncn2c1CN=C(c1ccc(C)cc1)c1ccccc1-2,0
On1cc(C2CCNCC2)c(-c2c[nH]cn2)n1,0
On1cc(C2CCNCC2)c(-c2cccc(-c3ccccc3)c2)n1,0
N=c1ccc(-c2cccc(Cl)c2)nn1CCCC(=O)O,0
On1ncc(C2CCNCC2)c1-c1cn(Cc2ccccc2)c(Cl)n1,0
Cc1ccc(NC(=O)C2=CCC(N)C2)cc1,0
COc1ccc2c(c1)-n1ncc(C(N)=O)c1NC2,0
On1ncc(C2CCNCC2)c1-c1c[nH]c(-c2ccccc2)n1,0
On1ncc(C2CCNCC2)c1-c1c[nH]cn1,0
CCCCP(=O)(O)C1=CCC(NC(=O)CCCCCNC(=O)c2ccccc2NC)C1,0
COc1ccc2cnc3c(C(=O)NCC4CCCCC4)cnn3c2c1,0
COc1ccc2cnc3c(C(=O)OCc4ccccc4OC)cnn3c2c1,0
NCC1CCP(=O)(O)C1,0
N=c1ccc(-c2ccc([N+](=O)[O-])cc2)nn1CCCC(=O)O,0
CP(=O)(O)OCCN,0
CCCCP(=O)(O)CCCN,0
On1cc(C2CCNCC2)c(-c2cn(Cc3ccccc3)cn2)n1,0
COc1ccc2c(c1)-n1ncc(C(=O)NCC3CCCCC3)c1NC2,0
CCCCP(=O)(O)C1=CCC(NC(=O)CCCCCNC(=O)CCCCC2SCC3NC(=O)NC32)C1,0
CN1CCc2cc3c(cc2C1C1OC(=O)c2c1ccc1c2OCO1)OCO3,0
COc1ccc2cnc3c(C(=O)NCc4ccccc4)cnn3c2c1,0
COc1ccc2c(c1)-n1ncc(C(=O)NCc3ccccc3OC)c1NC2,0
CCOC(=O)C1(C#N)C(c2ccccc2)Cc2c(c3ccccc3n2C(=O)OC(C)(C)C)C1CC=O,0
Cc1nccn1CC1CCc2c(c3ccccc3n2C)C1=O,0
C=CCONC(=O)C1=CCC(N)C1,0
COc1ccc2c(c1)-n1ncc(C(=O)NC3CCCCC3)c1NC2,0
CC1(C)CC(=O)c2c(SCCO)sc(-c3nccs3)c2C1,0
CCCCCSc1nnc(COc2ccc3c(c2)CCC(=O)N3)o1,0
CNC(=O)c1ccc(N2C(=S)N(c3ccc(C#N)c(C(F)(F)F)c3)C(=O)C2(C)C)cc1F,0
CCCCP(=O)(O)C1=CCC(NC(=O)CCCCCNC(=O)CCC2=C3C(C)=CC(C)=[N+]3[B-](F)(F)n3c(C)cc(C)c32)C1,0
COc1ccc2c(c1)-n1ncc(C(=O)NC(C)C)c1NC2,0
On1cc(C2CCNCC2)c(-c2cn(Cc3ccccc3)c(Cl)n2)n1,0
O=c1cc(C2CCNCC2)o[nH]1,0
CC1(CC(=O)O)CSC(=N)N1,0
Cc1ccc(-c2nc3ccc(F)cn3c2CC(=O)N(C)C)cc1,0
CNC(=O)C1=CCC(N)C1,0
Cc1ccc2c(c1)c1c3n2CCNC3CCC1,0
CCn1cc(-c2cccc(C(F)(F)F)c2)c2sc(C(=N)NC3CCS(=O)(=O)CC3)cc2c1=O,0
N=c1ccc(-c2ccc(Cl)cc2)nn1CCCC(=O)O,0
N=c1ccc(-c2ccc(OCc3ccccc3)cc2)nn1CCCC(=O)O,0
On1ncc(C2CCNCC2)c1-c1cccc(-c2ccccc2)c1,0
CC1SC(=N)NC1CC(=O)O,0
COc1ccc2cnc3c(C(=O)NC(C)C)cnn3c2c1,0
COc1ccc2cnc3c(C(N)=O)cnn3c2c1,0
CCOC(=O)C1(C#N)C(c2ccccc2)Cc2c(c3ccccc3n2Cc2ccccc2)C1CC=O,0
Cc1ccc(-c2nc(C#N)c(S(=O)(=O)N(C)CCO)o2)cc1,
CCOC(=O)c1cn2c(n1)CCC2,
N#Cc1ccc(CSc2nc(=O)cc(O)[nH]2)cc1,
Fc1ccc(-c2nnnn2-c2ccc(Br)cn2)cc1,
CCc1ccc(NC(=O)c2c(C(=O)Nc3ccc(C(=O)OC)cc3)sc3nc(C)cc(=O)n23)cc1,
COC(=O)C1CCC2C3CC=C4CC(O)CCC4(C)C3CCC12C,
CC(=O)OC1CCC2(C)C(=CCC3C2CCC2(C)C(C(=O)O)CCC32)C1,
CC(=O)OC1CCC2(C)C(=CCC3C2CCC2(C)C3CCC2C2(C)CCC(=O)O2)C1,
CC(C(=O)O)C1CCC2C3CCC4CC5CCC4(C)C3(O5)C(=O)CC12C,
COC(=O)CCC(C)C1CCC2C3CCC4CC(O)CCC4(C)C3CC(OC)C12C,
CC12CCCCC1CCC1C2CCC2(C)C1CCC2(C)O,
CC12CCC3C(CCC4CCCCC43C)C1CCC2O,
CSc1nc2n(n1)C(c1ccc(C(F)(F)F)cc1)C1C(=O)CC(C)(C)CC1=N2,
Cc1n[nH]c(C)c1CCC(=O)NCCc1nc2ccccc2[nH]1,
O=C(NCCCc1nnc2ccccn12)c1cc(F)ccc1-n1cnnn1,
CC(C(=O)NCCc1nc2ccccc2[nH]1)N1Cc2ccccc2C1=O,
Cc1noc2nc(-c3ccccc3)cc(C(=O)Nc3n[nH]c(CC(C)C)n3)c12,
COc1ccc2cnn(CC(=O)NCCCc3nc4ccccc4[nH]3)c(=O)c2c1OC,
CCOC(=O)c1csc(NC(=O)c2ccccc2-n2cnnn2)n1,
O=C(NCc1nnc2ccccn12)c1cc(Br)ccc1-n1cnnn1,
Cc1oc2c(C)c3oc(=O)c(CCC(=O)NCCc4ccccn4)c(C)c3cc2c1C,
Cn1c(Sc2ncnc3[nH]cnc23)nc2c1c(=O)n(Cc1ccc(Cl)cc1)c(=O)n2C,
Cn1c(Sc2ncnc3[nH]cnc23)nc2c1c(=O)n(Cc1ccccc1)c(=O)n2C,
Cn1c(SCCCO)nc2c1c(=O)n(Cc1ccc(Cl)cc1)c(=O)n2C,
Cn1c(=O)[nH]c(=O)c2c1nc(NCc1cccnc1)n2CCO,
N#Cc1nc(-c2ccccc2)oc1S(=O)(=O)Cc1ccc(Cl)cc1Cl,
Cc1ccc(SCC(=O)C(C#N)c2nc3ccccc3n2C)cc1,
COc1ccc(N2C(=O)c3sc4nc5ccccc5n4c3C2=O)cc1,
Cc1ccc(-c2csc3ncnc(Oc4ccc5c(c4)OCO5)c23)cc1,
CC(=O)c1c(C)oc2ccc(N(C(C)=O)S(=O)(=O)c3ccc(F)cc3C)cc12,
Cc1ccc(NS(=O)(=O)c2cc3c4c(cccc4c2)C(=O)NC3=O)cc1,
O=S(=O)(NCCc1ccccn1)c1ccc2ccccc2c1,
O=C1C(=O)N(CCCn2ccnc2)C(c2ccccc2)C1C(=O)c1cc2ccccc2o1,
COc1ccc(C2C(C(=O)c3cc4ccccc4o3)C(=O)C(=O)N2CCN2CCOCC2)cc1OC,
C=CCn1c(=O)c2c(C)c(C)sc2n2c(Nc3ccc(OC)cc3)nnc12,
Cc1cc(C)n2c(SCc3nnnn3-c3ccccc3)nnc2n1,
Cn1c(SCC(=O)c2ccc(Cl)cc2Cl)nnc1-c1cccnc1,
COC(=O)CSc1nnc(-c2sc3ccccc3c2Cl)n1C,
Cc1sc2ncnc(SCC(=O)c3ccc4ccccc4c3)c2c1C,
Cc1sc2ncnc(Sc3nnnn3-c3ccccc3)c2c1-c1ccccc1,
CCOC(=O)CCCSc1nc(N)c2c(C)c(Cc3ccccc3)sc2n1,
COc1ccc(S(=O)(=O)Nc2cccnc2)cc1C(=O)O,
CN(C)CCCN1C(=O)C(=O)C(C(=O)c2ccc(Cl)cc2)C1c1ccncc1,
Cc1nc(SCC(=O)Nc2c(F)cccc2F)c2cc(-c3ccccc3)sc2n1,
COc1ccc(CCNC(=O)CSc2ncnc3sc4c(c23)CCCC4)cc1,
COc1ccc(CCNc2ncnc3sc(C)c(C)c23)cc1,
Cc1cccc(Oc2ncnc3sccc23)c1,
c1ccc(-c2cn3ccccc3n2)cc1,
Cc1sc2ncn3nnnc3c2c1-c1ccccc1,
O=C1c2ccccc2C(=O)N1CCSc1ncnc2sc(-c3ccccc3)cc12,
COc1cccc(Oc2ncnc3sc(-c4ccccc4)cc23)c1,
COc1ccc(Nc2ncnc3sc(-c4ccccc4)cc23)cc1,
COC(=O)c1c(NC(=O)CSc2ncnc3sc(-c4ccccc4)cc23)sc(C)c1C,
Nc1nc2c(s1)CN(Cc1ccccc1)CC2,
COc1cc(C(C#N)N2CCCCCC2)ccc1O,
Cc1nc(SCC(=O)c2ccc3c(c2)OCO3)c2c3c(sc2n1)CCC3,
C=CCn1c(SCc2ccc3c(c2)OCO3)nc2sc(C)c(C)c2c1=O,
COc1ccc(C(=O)CSc2nc(=O)cc(O)[nH]2)cc1OC,
Cc1nc(NCCc2ccccc2)c2c3c(sc2n1)CCC3,
Cc1nc(NCCc2ccccc2)c2c3c(sc2n1)CCCC3,
Cc1sc2ncnc(Sc3nnnn3-c3ccccc3)c2c1C,
Cc1oc2cc(O)ccc2c(=O)c1Oc1ccc(C(=O)O)cc1,
N#Cc1c(N)sc2c1CCN(Cc1ccccc1)C2,
COc1cc(C(CC(=O)c2ccc(Cl)cc2)SCCO)cc(OC)c1OC,
O=c1[nH]c2c(c(=O)[nH]1)CN(Cc1ccccc1)CC2,
COC(=O)c1ccnc2c1CN(Cc1ccccc1)CC2,
COC(=O)c1cc(Cl)nc2c1CN(Cc1ccccc1)CC2,
CNCc1cc(=O)[nH]c2ccccc12,
Cc1csc(NC(=O)c2cc(-c3cccs3)nc3c2cnn3C(C)C)n1,
Cc1cc(C)n(-c2ccc3nnc(CCCC(=O)Nc4cc(F)c(F)c(F)c4)n3n2)n1,
NC(=O)CSc1oc(-c2ccco2)nc1S(=O)(=O)c1ccc(Cl)cc1,
COc1ccccc1NC(=O)CSc1oc(-c2ccc(F)cc2)nc1S(=O)(=O)c1ccccc1,
CCCS(=O)(=O)c1nc(S(=O)(=O)c2ccc(C)cc2)c(NCc2ccco2)s1,
CNc1oc(-c2ccco2)nc1S(=O)(=O)c1ccccc1,
O=C(CSc1nc2ccccc2c2nnnn12)NCc1cccc(Cl)c1,
O=C(CSc1nc2ccccc2c2nnnn12)NCC(=O)Nc1ncns1,
Cc1cccc(NC(=O)CSc2nc3c4ccccc4ncn3n2)c1,
COc1ccc(-c2nonc2NC(=O)c2ccc(Cl)cc2Cl)cc1,
Cc1cc(C)c2oc(C(=O)N(Cc3ccc(C)o3)C3CCS(=O)(=O)C3)c(C)c2c1,
CCc1ccc(OC(C)C(=O)Nc2nonc2-c2ccc(OC)cc2)cc1,
Cc1c(C(=O)N(Cc2ccco2)C2CCS(=O)(=O)C2)oc2ccccc12,
Cc1ccc(O)c(-c2[nH]nc3c2C(c2ccccc2F)N(Cc2ccco2)C3=O)c1,
O=C1C(=O)N(c2nc3ccc(F)cc3s2)C(c2cccnc2)C1C(=O)c1ccc2c(c1)OCCO2,
O=C1c2[nH]nc(-c3ccccc3O)c2C(c2ccccc2F)N1Cc1ccncc1,
c1ccc2c(Cn3c(CN4CCOCC4)nc4ccccc43)cccc2c1,
Cc1ccccc1OCCCn1c(CCO)nc2ccccc21,
OCCc1nc2ccccc2n1CCCOc1ccccc1Cl,
C=CCN1CC(c2nc3ccccc3n2Cc2ccc3ccccc3c2)CC1=O,
C=CCN1CC(c2nc3ccccc3n2CCCOc2cc(C)ccc2C)CC1=O,
C=CCN1CC(c2nc3ccccc3n2Cc2ccc(Cl)c(Cl)c2)CC1=O,
C#CCn1c(C2CC(=O)N(Cc3ccc(F)cc3)C2)nc2ccccc21,
O=C1CC(c2nc3ccccc3[nH]2)CN1Cc1ccc(F)cc1,
Cc1cccc(C)c1OCCn1c(C2CC(=O)N(C(C)(C)C)C2)nc2ccccc21,
CC(C)(C)N1CC(c2nc3ccccc3n2CCOc2ccc(Cl)cc2)CC1=O,
COc1ccc(CCNC(=O)c2c(N)n(CCc3ccc(F)cc3)c3nc4ccccc4nc23)cc1,
Cc1cc(C)c(S(=O)(=O)Nc2c(C)cccc2C)cc1N(C)S(=O)(=O)c1ccccc1,
CNS(=O)(=O)c1ccc2c(c1)C(=NO)c1cc(S(=O)(=O)NC)ccc1-2,
CCCCNS(=O)(=O)c1ccc2c(c1)C(=NO)c1cc(S(=O)(=O)NCCCC)ccc1-2,
Cc1ccccc1OCC(=O)Nc1ccnc2cc(C(F)(F)F)ccc12,
Cc1ccc(C)c(NC(=O)Cn2nnc(-c3ccc(Cl)cc3)n2)c1,
O=C(c1ccc2noc(-c3ccccc3)c2c1)N1CCCc2ccccc21,
Fc1ccc(-c2cn3cc(Cc4ccccc4F)sc3n2)cc1,
Cc1cccc(OCc2nnc3sc(-c4ccncc4)nn23)c1,
COc1ccc(-c2nn3c(COc4cccc(C)c4)nnc3s2)cc1OC,
Cc1ccc(-n2c(N)c(C(=O)OCC(C)C)c3nc4ccccc4nc32)cc1,
O=C(Nc1cccc(F)c1)c1cccc([N+](=O)[O-])c1C(=O)O,
CC(=O)NCCc1nc2ccccc2n1Cc1ccc2ccccc2c1,
Cc1oc2cc3oc(=O)c(CC(=O)NCc4ccco4)c(C)c3cc2c1-c1ccccc1,
COc1ccc(CNC(=O)Cc2c(C)c3c(cc(C)c4c(C)coc43)oc2=O)cc1OC,
Cc1ccc(CNC(=O)Cc2c(C)c3c(cc(C)c4c(C)coc43)oc2=O)cc1,
Cc1oc2cc3oc(=O)c(CC(=O)NCCc4ccccc4F)c(C)c3cc2c1C,
COc1cccc(CNC(=O)Cc2c(C)c3cc4c(C)c(C)oc4cc3oc2=O)c1,
Cc1oc2c(C)c3oc(=O)c(CC(=O)NCc4ccco4)c(C)c3cc2c1C,
Cc1cc(O)c2c(C)c(CC(=O)NCc3cccc(Cl)c3)c(=O)oc2c1,
CCN(CC)CCN1C(=O)C(=O)C(C(=O)c2cc3cccc(OC)c3o2)C1c1cccc(OC)c1,
CCNC(=O)c1cc2c(=O)n3ccccc3nc2n(Cc2cccnc2)c1=N,
COc1cccc(C2C(C(=O)c3c(C)nc4ccccn34)C(=O)C(=O)N2CCN2CCOCC2)c1,
Cc1ccc(C2C(C(=O)c3c(C)nc4ccccn34)C(=O)C(=O)N2CCN(C)C)o1,
Cc1nc2ccccn2c1C(=O)C1C(=O)C(=O)N(CCCn2ccnc2)C1c1ccc(F)cc1,
CCN(CC)CCCN1C(=O)C(=O)C(C(=O)c2c(C)nc3ccccn23)C1c1ccc(C(C)C)cc1,
Cc1ccc(C2C(C(=O)c3sc(C)nc3C)C(=O)C(=O)N2CCCN(C)C)o1,
O=C1C(=O)N(CCN2CCOCC2)C(c2ccccn2)C1C(=O)c1cc2ccccc2o1,
Cc1nc2ccccn2c1C(=O)C1C(=O)C(=O)N(CCCN(C)C)C1c1ccc(Cl)cc1,
N=c1c(C(=O)NCC2CCCO2)cc2c(=O)n3ccccc3nc2n1Cc1ccco1,
CN1C(=O)c2cccc3c(S(=O)(=O)Nc4ccccn4)ccc1c23,
Cc1ccccc1NS(=O)(=O)c1ccc2c3c(cccc13)C(=O)N2C,
O=c1c2c3nc4ccccc4nc3n(CCc3ccccc3)c2ncn1Cc1ccco1,
COc1cc(NS(=O)(=O)c2ccc3c4c(cccc24)C(=O)N3C)cc(OC)c1,
COc1ccc(N(C(=O)C(C)C)S(=O)(=O)c2cccs2)cc1,
COc1ccc(OC)c(S(=O)(=O)Nc2cc(Cl)ccc2O)c1,
Fc1ccc(-n2ncc3c(SCCOc4ccccc4)ncnc32)cc1,
Cc1ccc(N(C)C(=O)Oc2ccc3ccccc3c2)cc1,
O=C(O)CCCN1C(=O)c2cccc3c(O)ccc(c23)C1=O,
O=S(=O)(NC12CC3CC(CC(C3)C1)C2)c1cccc(C(F)(F)F)c1,
O=S(=O)(NC1CCCCC1)c1ccc(Cl)c(C(F)(F)F)c1,
O=S(=O)(NC12CC3CC(CC(C3)C1)C2)c1ccc(Cl)c(C(F)(F)F)c1,
COc1ccc(S(=O)(=O)N(C(=O)c2ccc(Cl)cc2)c2ccc3oc(C)c(C(C)=O)c3c2)cc1,
CC1=Nc2nc(CCCO)nn2C(c2ccc(Cl)cc2Cl)C1C(N)=O,
CC1=Nc2nc(CCCO)nn2C(c2ccccc2F)C1C(N)=O,
O=C(O)CS(=O)c1ccc(C(F)(F)F)cc1[N+](=O)[O-],
N#Cc1nc(-c2ccc(Cl)cc2)oc1NC1CCCCC1,
Cc1ccc(-c2nc(C#N)c(NC3CCCCC3)o2)cc1,
N#Cc1nc(-c2ccccc2)oc1NC1CCCCC1,
COc1cc2c(cc1OC)C(c1ccc(O)cc1)NCC2,
COc1ccc(C(=O)CSc2nc(=O)cc(C)[nH]2)cc1C,
COc1ccc(C(=O)CSc2nc(=O)c3c(C)cc(C)nc3[nH]2)cc1,
Cc1csc2nc(CSc3nnnn3-c3ccccc3)c(Br)n12,
Cc1ccc(NC(=O)CSc2nnc3cc(-c4ccccc4)nc(C)n23)cc1,
Cc1nc2c(c(NC3CCCCC3)n1)CCC2,
Cc1ccc(-c2csc3ncnc(Nc4cccc(C(=O)O)c4)c23)cc1,
C=CCNC1CS(=O)(=O)CC1S(=O)(=O)c1cc(C)c(OC)cc1C,
COc1ccc(C)cc1S(=O)(=O)C1CS(=O)(=O)CC1NCc1ccccc1C,
CSc1nc(NC2CCCC2)c(C#N)c(-c2ccccc2)n1,
CSc1nc(NC2CCS(=O)(=O)C2)c(C#N)c(-c2ccc(C)cc2)n1,
CCC(CO)Nc1nc(SC)nc(-c2ccc(Cl)cc2)c1C#N,
CCC(CO)Nc1nc(SC)nc(-c2ccc(C(C)(C)C)cc2)c1C#N,
CSc1nc(NCC(C)O)c(C#N)c(-c2ccc(C(C)(C)C)cc2)n1,
C=CCN1C(=O)COc2ccc(-c3nc(NC(=O)COC)sc3C)cc21,
C=CCN1C(=O)COc2ccc(-c3nc(NC(C)=O)sc3C)cc21,
COc1ccc(NC(=O)CSc2cn[nH]c(=O)n2)cc1OC,
NS(=O)(=O)c1ccc(NC(=O)CSc2cn[nH]c(=O)n2)cc1,
CCOC(=O)c1sc(NC(=O)CSc2[nH]c(=O)nnc2C)nc1C,
CC(=O)Nc1ccc(S(=O)(=O)N2CCc3cc4cccc(C)c4nc32)cc1,
COc1cc(C)c(C)cc1S(=O)(=O)N1CCc2cc3cccc(C)c3nc21,
COc1ccc(S(=O)(=O)N2CCc3cc4cccc(C)c4nc32)c(OC)c1,
Cc1cccc2cc3c(nc12)N(S(=O)(=O)c1ccc(C(C)C)cc1)CC3,
COc1ccc(C(=O)N2CCc3cc4cccc(C)c4nc32)cc1,
O=S(=O)(Cc1ccc(Cl)cc1)N1CCc2cc3ccccc3nc21,
COC(=O)c1ccc(CSc2nc(=O)c(CCO)c(C)[nH]2)cc1,
CC(=O)c1sc(NC(=O)CSc2nc(=O)c(CCO)c(C)[nH]2)nc1C,
CCN1C(=O)COc2ccc(-c3nc(NC(C)=O)sc3C)cc21,
CCOC(=O)c1sc(-c2ccc(F)cc2)nc1C,
CSc1nc(NCCCO)c(C#N)c(-c2ccc(C(C)(C)C)cc2)n1,
CSc1nc(NCCO)c(C#N)c(-c2ccc(C(C)(C)C)cc2)n1,
O=C(CSc1nnc2ccc3ccccc3n12)c1cc2ccccc2o1,
O=C(CSc1nnc2cc(-c3ccccc3)ncn12)Nc1ccccc1,
O=C(O)c1nc(NCCCO)c2ccccc2n1,
O=C(O)c1nc(NC2CCCCC2)c2ccccc2n1,
Cc1ccn2cc(-c3ccc(-c4ccccc4)cc3)nc2c1,
CC(NC(=O)CSc1cn[nH]c(=O)n1)c1ccccc1,
Cc1ccc(NC(=O)CSc2cn[nH]c(=O)n2)cc1C,
Cc1n[nH]c(=O)nc1SCC(=O)Nc1cc(C(F)(F)F)ccc1Cl,
Cc1n[nH]c(=O)nc1SCC(=O)NCc1ccco1,
CCCOC(=O)c1ccc(NC(=O)CSc2[nH]c(=O)nnc2C)cc1,
Cc1nnc(NN=Cc2ccncc2)nc1NN=Cc1ccncc1,
O=c1cn[nH]c(NC2CCCC2)n1,
CCCc1cc(=O)n2c(C(=O)Nc3cccc(C)c3)c(C(=O)Nc3ccc(Cl)cc3C)sc2n1,
COc1ccc(C(=O)Cn2c3ccccc3c3nc4ccccc4nc32)cc1,
Cc1ccc(Cl)cc1NC(=O)C(C)n1cnc2sc(-c3ccccc3)cc2c1=O,
Brc1ccc2ncnc(NC3CCCCCC3)c2c1,
Fc1ccc(-c2cn3ccccc3n2)cc1,
Brc1ccc2ncnc(NC3CCCC3)c2c1,
c1ccc2c(NC3CCCCCC3)ncnc2c1,
COc1ccc(CCNC(=O)Cn2cnc3sc(C(N)=O)c(C)c3c2=O)cc1OC,
Cc1[nH]c2ccc(Br)cc2c(=O)c1CN1CCc2ccccc2C1,
Cc1[nH]c2ccccc2c(=O)c1CN1CCc2ccccc2C1,
CCN1CCN(Cc2c(C)[nH]c3ccc(N(CC)CC)cc3c2=O)CC1,
Cc1[nH]c2ccc(F)cc2c(=O)c1CN1CCc2ccccc2C1,
O=c1c2cc(-c3ccccc3)sc2ncn1CCOc1ccccc1,
O=C(Cn1cnc2sc(-c3ccccc3)cc2c1=O)Nc1cc(C(F)(F)F)ccc1Cl,
O=C(Cn1cnc2sc(-c3ccccc3)cc2c1=O)Nc1ccccc1,
O=C(Cn1cnc2sc(-c3ccccc3)cc2c1=O)NCc1ccco1,
Nc1cc(=O)[nH]c(SCc2ccccc2CSc2nc(=O)cc(N)[nH]2)n1,
COCCOC(=O)Cn1nnc2sc(-c3ccccc3)cc2c1=O,
O=C(Cn1nnc2sc(-c3ccccc3)cc2c1=O)NCCc1ccccc1,
O=C(Cn1nnc2sc(-c3ccccc3)cc2c1=O)NCc1ccccc1,
O=C(Cn1nnc2sc(-c3ccccc3)cc2c1=O)Nc1ccccc1,
O=C(Cn1nnc2sc(-c3ccccc3)cc2c1=O)NCc1ccco1,
Nc1c(C(=O)NCc2ccccc2)c2nc3ccccc3nc2n1Cc1ccco1,
