smiles,label
Cc1ccc(-c2nc(C#N)c(S(=O)(=O)N(C)CCO)o2)cc1,1
CCOC(=O)c1cn2c(n1)CCC2,1
N#Cc1ccc(CSc2nc(=O)cc(O)[nH]2)cc1,1
Fc1ccc(-c2nnnn2-c2ccc(Br)cn2)cc1,1
CCc1ccc(NC(=O)c2c(C(=O)Nc3ccc(C(=O)OC)cc3)sc3nc(C)cc(=O)n23)cc1,1
COC(=O)C1CCC2C3CC=C4CC(O)CCC4(C)C3CCC12C,1
CC(=O)OC1CCC2(C)C(=CCC3C2CCC2(C)C(C(=O)O)CCC32)C1,1
CC(=O)OC1CCC2(C)C(=CCC3C2CCC2(C)C3CCC2C2(C)CCC(=O)O2)C1,1
CC(C(=O)O)C1CCC2C3CCC4CC5CCC4(C)C3(O5)C(=O)CC12C,1
COC(=O)CCC(C)C1CCC2C3CCC4CC(O)CCC4(C)C3CC(OC)C12C,1
CC12CCCCC1CCC1C2CCC2(C)C1CCC2(C)O,1
CC12CCC3C(CCC4CCCCC43C)C1CCC2O,1
CSc1nc2n(n1)C(c1ccc(C(F)(F)F)cc1)C1C(=O)CC(C)(C)CC1=N2,1
Cc1n[nH]c(C)c1CCC(=O)NCCc1nc2ccccc2[nH]1,1
O=C(NCCCc1nnc2ccccn12)c1cc(F)ccc1-n1cnnn1,1
CC(C(=O)NCCc1nc2ccccc2[nH]1)N1Cc2ccccc2C1=O,1
Cc1noc2nc(-c3ccccc3)cc(C(=O)Nc3n[nH]c(CC(C)C)n3)c12,1
COc1ccc2cnn(CC(=O)NCCCc3nc4ccccc4[nH]3)c(=O)c2c1OC,1
CCOC(=O)c1csc(NC(=O)c2ccccc2-n2cnnn2)n1,1
O=C(NCc1nnc2ccccn12)c1cc(Br)ccc1-n1cnnn1,1
Cc1oc2c(C)c3oc(=O)c(CCC(=O)NCCc4ccccn4)c(C)c3cc2c1C,1
Cn1c(Sc2ncnc3[nH]cnc23)nc2c1c(=O)n(Cc1ccc(Cl)cc1)c(=O)n2C,1
Cn1c(Sc2ncnc3[nH]cnc23)nc2c1c(=O)n(Cc1ccccc1)c(=O)n2C,1
Cn1c(SCCCO)nc2c1c(=O)n(Cc1ccc(Cl)cc1)c(=O)n2C,1
Cn1c(=O)[nH]c(=O)c2c1nc(NCc1cccnc1)n2CCO,1
N#Cc1nc(-c2ccccc2)oc1S(=O)(=O)Cc1ccc(Cl)cc1Cl,1
Cc1ccc(SCC(=O)C(C#N)c2nc3ccccc3n2C)cc1,1
COc1ccc(N2C(=O)c3sc4nc5ccccc5n4c3C2=O)cc1,1
Cc1ccc(-c2csc3ncnc(Oc4ccc5c(c4)OCO5)c23)cc1,1
CC(=O)c1c(C)oc2ccc(N(C(C)=O)S(=O)(=O)c3ccc(F)cc3C)cc12,1
Cc1ccc(NS(=O)(=O)c2cc3c4c(cccc4c2)C(=O)NC3=O)cc1,1
O=S(=O)(NCCc1ccccn1)c1ccc2ccccc2c1,1
O=C1C(=O)N(CCCn2ccnc2)C(c2ccccc2)C1C(=O)c1cc2ccccc2o1,1
COc1ccc(C2C(C(=O)c3cc4ccccc4o3)C(=O)C(=O)N2CCN2CCOCC2)cc1OC,1
C=CCn1c(=O)c2c(C)c(C)sc2n2c(Nc3ccc(OC)cc3)nnc12,1
Cc1cc(C)n2c(SCc3nnnn3-c3ccccc3)nnc2n1,1
Cn1c(SCC(=O)c2ccc(Cl)cc2Cl)nnc1-c1cccnc1,1
COC(=O)CSc1nnc(-c2sc3ccccc3c2Cl)n1C,1
Cc1sc2ncnc(SCC(=O)c3ccc4ccccc4c3)c2c1C,1
Cc1sc2ncnc(Sc3nnnn3-c3ccccc3)c2c1-c1ccccc1,1
CCOC(=O)CCCSc1nc(N)c2c(C)c(Cc3ccccc3)sc2n1,1
COc1ccc(S(=O)(=O)Nc2cccnc2)cc1C(=O)O,1
CN(C)CCCN1C(=O)C(=O)C(C(=O)c2ccc(Cl)cc2)C1c1ccncc1,1
Cc1nc(SCC(=O)Nc2c(F)cccc2F)c2cc(-c3ccccc3)sc2n1,1
COc1ccc(CCNC(=O)CSc2ncnc3sc4c(c23)CCCC4)cc1,1
COc1ccc(CCNc2ncnc3sc(C)c(C)c23)cc1,1
Cc1cccc(Oc2ncnc3sccc23)c1,1
c1ccc(-c2cn3ccccc3n2)cc1,1
Cc1sc2ncn3nnnc3c2c1-c1ccccc1,1
O=C1c2ccccc2C(=O)N1CCSc1ncnc2sc(-c3ccccc3)cc12,1
COc1cccc(Oc2ncnc3sc(-c4ccccc4)cc23)c1,1
COc1ccc(Nc2ncnc3sc(-c4ccccc4)cc23)cc1,1
COC(=O)c1c(NC(=O)CSc2ncnc3sc(-c4ccccc4)cc23)sc(C)c1C,1
Nc1nc2c(s1)CN(Cc1ccccc1)CC2,1
COc1cc(C(C#N)N2CCCCCC2)ccc1O,1
Cc1nc(SCC(=O)c2ccc3c(c2)OCO3)c2c3c(sc2n1)CCC3,1
C=CCn1c(SCc2ccc3c(c2)OCO3)nc2sc(C)c(C)c2c1=O,1
COc1ccc(C(=O)CSc2nc(=O)cc(O)[nH]2)cc1OC,1
Cc1nc(NCCc2ccccc2)c2c3c(sc2n1)CCC3,1
Cc1nc(NCCc2ccccc2)c2c3c(sc2n1)CCCC3,1
Cc1sc2ncnc(Sc3nnnn3-c3ccccc3)c2c1C,1
Cc1oc2cc(O)ccc2c(=O)c1Oc1ccc(C(=O)O)cc1,1
N#Cc1c(N)sc2c1CCN(Cc1ccccc1)C2,1
COc1cc(C(CC(=O)c2ccc(Cl)cc2)SCCO)cc(OC)c1OC,1
O=c1[nH]c2c(c(=O)[nH]1)CN(Cc1ccccc1)CC2,1
COC(=O)c1ccnc2c1CN(Cc1ccccc1)CC2,1
COC(=O)c1cc(Cl)nc2c1CN(Cc1ccccc1)CC2,1
CNCc1cc(=O)[nH]c2ccccc12,1
Cc1csc(NC(=O)c2cc(-c3cccs3)nc3c2cnn3C(C)C)n1,1
Cc1cc(C)n(-c2ccc3nnc(CCCC(=O)Nc4cc(F)c(F)c(F)c4)n3n2)n1,1
NC(=O)CSc1oc(-c2ccco2)nc1S(=O)(=O)c1ccc(Cl)cc1,1
COc1ccccc1NC(=O)CSc1oc(-c2ccc(F)cc2)nc1S(=O)(=O)c1ccccc1,1
CCCS(=O)(=O)c1nc(S(=O)(=O)c2ccc(C)cc2)c(NCc2ccco2)s1,1
CNc1oc(-c2ccco2)nc1S(=O)(=O)c1ccccc1,1
O=C(CSc1nc2ccccc2c2nnnn12)NCc1cccc(Cl)c1,1
O=C(CSc1nc2ccccc2c2nnnn12)NCC(=O)Nc1ncns1,1
Cc1cccc(NC(=O)CSc2nc3c4ccccc4ncn3n2)c1,1
COc1ccc(-c2nonc2NC(=O)c2ccc(Cl)cc2Cl)cc1,1
Cc1cc(C)c2oc(C(=O)N(Cc3ccc(C)o3)C3CCS(=O)(=O)C3)c(C)c2c1,1
CCc1ccc(OC(C)C(=O)Nc2nonc2-c2ccc(OC)cc2)cc1,1
Cc1c(C(=O)N(Cc2ccco2)C2CCS(=O)(=O)C2)oc2ccccc12,1
Cc1ccc(O)c(-c2[nH]nc3c2C(c2ccccc2F)N(Cc2ccco2)C3=O)c1,1
O=C1C(=O)N(c2nc3ccc(F)cc3s2)C(c2cccnc2)C1C(=O)c1ccc2c(c1)OCCO2,1
O=C1c2[nH]nc(-c3ccccc3O)c2C(c2ccccc2F)N1Cc1ccncc1,1
c1ccc2c(Cn3c(CN4CCOCC4)nc4ccccc43)cccc2c1,1
Cc1ccccc1OCCCn1c(CCO)nc2ccccc21,1
OCCc1nc2ccccc2n1CCCOc1ccccc1Cl,1
C=CCN1CC(c2nc3ccccc3n2Cc2ccc3ccccc3c2)CC1=O,1
C=CCN1CC(c2nc3ccccc3n2CCCOc2cc(C)ccc2C)CC1=O,1
C=CCN1CC(c2nc3ccccc3n2Cc2ccc(Cl)c(Cl)c2)CC1=O,1
C#CCn1c(C2CC(=O)N(Cc3ccc(F)cc3)C2)nc2ccccc21,1
O=C1CC(c2nc3ccccc3[nH]2)CN1Cc1ccc(F)cc1,1
Cc1cccc(C)c1OCCn1c(C2CC(=O)N(C(C)(C)C)C2)nc2ccccc21,1
CC(C)(C)N1CC(c2nc3ccccc3n2CCOc2ccc(Cl)cc2)CC1=O,1
COc1ccc(CCNC(=O)c2c(N)n(CCc3ccc(F)cc3)c3nc4ccccc4nc23)cc1,1
Cc1cc(C)c(S(=O)(=O)Nc2c(C)cccc2C)cc1N(C)S(=O)(=O)c1ccccc1,1
CNS(=O)(=O)c1ccc2c(c1)C(=NO)c1cc(S(=O)(=O)NC)ccc1-2,1
CCCCNS(=O)(=O)c1ccc2c(c1)C(=NO)c1cc(S(=O)(=O)NCCCC)ccc1-2,1
Cc1ccccc1OCC(=O)Nc1ccnc2cc(C(F)(F)F)ccc12,1
Cc1ccc(C)c(NC(=O)Cn2nnc(-c3ccc(Cl)cc3)n2)c1,1
O=C(c1ccc2noc(-c3ccccc3)c2c1)N1CCCc2ccccc21,1
Fc1ccc(-c2cn3cc(Cc4ccccc4F)sc3n2)cc1,1
Cc1cccc(OCc2nnc3sc(-c4ccncc4)nn23)c1,1
COc1ccc(-c2nn3c(COc4cccc(C)c4)nnc3s2)cc1OC,1
Cc1ccc(-n2c(N)c(C(=O)OCC(C)C)c3nc4ccccc4nc32)cc1,1
O=C(Nc1cccc(F)c1)c1cccc([N+](=O)[O-])c1C(=O)O,1
CC(=O)NCCc1nc2ccccc2n1Cc1ccc2ccccc2c1,1
Cc1oc2cc3oc(=O)c(CC(=O)NCc4ccco4)c(C)c3cc2c1-c1ccccc1,1
COc1ccc(CNC(=O)Cc2c(C)c3c(cc(C)c4c(C)coc43)oc2=O)cc1OC,1
Cc1ccc(CNC(=O)Cc2c(C)c3c(cc(C)c4c(C)coc43)oc2=O)cc1,1
Cc1oc2cc3oc(=O)c(CC(=O)NCCc4ccccc4F)c(C)c3cc2c1C,1
COc1cccc(CNC(=O)Cc2c(C)c3cc4c(C)c(C)oc4cc3oc2=O)c1,1
Cc1oc2c(C)c3oc(=O)c(CC(=O)NCc4ccco4)c(C)c3cc2c1C,1
Cc1cc(O)c2c(C)c(CC(=O)NCc3cccc(Cl)c3)c(=O)oc2c1,1
CCN(CC)CCN1C(=O)C(=O)C(C(=O)c2cc3cccc(OC)c3o2)C1c1cccc(OC)c1,1
CCNC(=O)c1cc2c(=O)n3ccccc3nc2n(Cc2cccnc2)c1=N,1
COc1cccc(C2C(C(=O)c3c(C)nc4ccccn34)C(=O)C(=O)N2CCN2CCOCC2)c1,1
Cc1ccc(C2C(C(=O)c3c(C)nc4ccccn34)C(=O)C(=O)N2CCN(C)C)o1,1
Cc1nc2ccccn2c1C(=O)C1C(=O)C(=O)N(CCCn2ccnc2)C1c1ccc(F)cc1,1
CCN(CC)CCCN1C(=O)C(=O)C(C(=O)c2c(C)nc3ccccn23)C1c1ccc(C(C)C)cc1,1
Cc1ccc(C2C(C(=O)c3sc(C)nc3C)C(=O)C(=O)N2CCCN(C)C)o1,1
O=C1C(=O)N(CCN2CCOCC2)C(c2ccccn2)C1C(=O)c1cc2ccccc2o1,1
Cc1nc2ccccn2c1C(=O)C1C(=O)C(=O)N(CCCN(C)C)C1c1ccc(Cl)cc1,1
N=c1c(C(=O)NCC2CCCO2)cc2c(=O)n3ccccc3nc2n1Cc1ccco1,1
CN1C(=O)c2cccc3c(S(=O)(=O)Nc4ccccn4)ccc1c23,1
Cc1ccccc1NS(=O)(=O)c1ccc2c3c(cccc13)C(=O)N2C,1
O=c1c2c3nc4ccccc4nc3n(CCc3ccccc3)c2ncn1Cc1ccco1,1
COc1cc(NS(=O)(=O)c2ccc3c4c(cccc24)C(=O)N3C)cc(OC)c1,1
COc1ccc(N(C(=O)C(C)C)S(=O)(=O)c2cccs2)cc1,1
COc1ccc(OC)c(S(=O)(=O)Nc2cc(Cl)ccc2O)c1,1
Fc1ccc(-n2ncc3c(SCCOc4ccccc4)ncnc32)cc1,1
Cc1ccc(N(C)C(=O)Oc2ccc3ccccc3c2)cc1,1
O=C(O)CCCN1C(=O)c2cccc3c(O)ccc(c23)C1=O,1
O=S(=O)(NC12CC3CC(CC(C3)C1)C2)c1cccc(C(F)(F)F)c1,1
O=S(=O)(NC1CCCCC1)c1ccc(Cl)c(C(F)(F)F)c1,1
O=S(=O)(NC12CC3CC(CC(C3)C1)C2)c1ccc(Cl)c(C(F)(F)F)c1,1
COc1ccc(S(=O)(=O)N(C(=O)c2ccc(Cl)cc2)c2ccc3oc(C)c(C(C)=O)c3c2)cc1,1
CC1=Nc2nc(CCCO)nn2C(c2ccc(Cl)cc2Cl)C1C(N)=O,1
CC1=Nc2nc(CCCO)nn2C(c2ccccc2F)C1C(N)=O,1
O=C(O)CS(=O)c1ccc(C(F)(F)F)cc1[N+](=O)[O-],1
N#Cc1nc(-c2ccc(Cl)cc2)oc1NC1CCCCC1,1
Cc1ccc(-c2nc(C#N)c(NC3CCCCC3)o2)cc1,1
N#Cc1nc(-c2ccccc2)oc1NC1CCCCC1,1
COc1cc2c(cc1OC)C(c1ccc(O)cc1)NCC2,1
COc1ccc(C(=O)CSc2nc(=O)cc(C)[nH]2)cc1C,1
COc1ccc(C(=O)CSc2nc(=O)c3c(C)cc(C)nc3[nH]2)cc1,1
Cc1csc2nc(CSc3nnnn3-c3ccccc3)c(Br)n12,1
Cc1ccc(NC(=O)CSc2nnc3cc(-c4ccccc4)nc(C)n23)cc1,1
Cc1nc2c(c(NC3CCCCC3)n1)CCC2,1
Cc1ccc(-c2csc3ncnc(Nc4cccc(C(=O)O)c4)c23)cc1,1
C=CCNC1CS(=O)(=O)CC1S(=O)(=O)c1cc(C)c(OC)cc1C,1
COc1ccc(C)cc1S(=O)(=O)C1CS(=O)(=O)CC1NCc1ccccc1C,1
CSc1nc(NC2CCCC2)c(C#N)c(-c2ccccc2)n1,1
CSc1nc(NC2CCS(=O)(=O)C2)c(C#N)c(-c2ccc(C)cc2)n1,1
CCC(CO)Nc1nc(SC)nc(-c2ccc(Cl)cc2)c1C#N,1
CCC(CO)Nc1nc(SC)nc(-c2ccc(C(C)(C)C)cc2)c1C#N,1
CSc1nc(NCC(C)O)c(C#N)c(-c2ccc(C(C)(C)C)cc2)n1,1
C=CCN1C(=O)COc2ccc(-c3nc(NC(=O)COC)sc3C)cc21,1
C=CCN1C(=O)COc2ccc(-c3nc(NC(C)=O)sc3C)cc21,1
COc1ccc(NC(=O)CSc2cn[nH]c(=O)n2)cc1OC,1
NS(=O)(=O)c1ccc(NC(=O)CSc2cn[nH]c(=O)n2)cc1,1
CCOC(=O)c1sc(NC(=O)CSc2[nH]c(=O)nnc2C)nc1C,1
CC(=O)Nc1ccc(S(=O)(=O)N2CCc3cc4cccc(C)c4nc32)cc1,1
COc1cc(C)c(C)cc1S(=O)(=O)N1CCc2cc3cccc(C)c3nc21,1
COc1ccc(S(=O)(=O)N2CCc3cc4cccc(C)c4nc32)c(OC)c1,1
Cc1cccc2cc3c(nc12)N(S(=O)(=O)c1ccc(C(C)C)cc1)CC3,1
COc1ccc(C(=O)N2CCc3cc4cccc(C)c4nc32)cc1,1
O=S(=O)(Cc1ccc(Cl)cc1)N1CCc2cc3ccccc3nc21,1
COC(=O)c1ccc(CSc2nc(=O)c(CCO)c(C)[nH]2)cc1,1
CC(=O)c1sc(NC(=O)CSc2nc(=O)c(CCO)c(C)[nH]2)nc1C,1
CCN1C(=O)COc2ccc(-c3nc(NC(C)=O)sc3C)cc21,1
CCOC(=O)c1sc(-c2ccc(F)cc2)nc1C,1
CSc1nc(NCCCO)c(C#N)c(-c2ccc(C(C)(C)C)cc2)n1,1
CSc1nc(NCCO)c(C#N)c(-c2ccc(C(C)(C)C)cc2)n1,1
O=C(CSc1nnc2ccc3ccccc3n12)c1cc2ccccc2o1,1
O=C(CSc1nnc2cc(-c3ccccc3)ncn12)Nc1ccccc1,1
O=C(O)c1nc(NCCCO)c2ccccc2n1,1
O=C(O)c1nc(NC2CCCCC2)c2ccccc2n1,1
Cc1ccn2cc(-c3ccc(-c4ccccc4)cc3)nc2c1,1
CC(NC(=O)CSc1cn[nH]c(=O)n1)c1ccccc1,1
Cc1ccc(NC(=O)CSc2cn[nH]c(=O)n2)cc1C,1
Cc1n[nH]c(=O)nc1SCC(=O)Nc1cc(C(F)(F)F)ccc1Cl,1
Cc1n[nH]c(=O)nc1SCC(=O)NCc1ccco1,1
CCCOC(=O)c1ccc(NC(=O)CSc2[nH]c(=O)nnc2C)cc1,1
Cc1nnc(NN=Cc2ccncc2)nc1NN=Cc1ccncc1,1
O=c1cn[nH]c(NC2CCCC2)n1,1
CCCc1cc(=O)n2c(C(=O)Nc3cccc(C)c3)c(C(=O)Nc3ccc(Cl)cc3C)sc2n1,1
COc1ccc(C(=O)Cn2c3ccccc3c3nc4ccccc4nc32)cc1,1
Cc1ccc(Cl)cc1NC(=O)C(C)n1cnc2sc(-c3ccccc3)cc2c1=O,1
Brc1ccc2ncnc(NC3CCCCCC3)c2c1,1
Fc1ccc(-c2cn3ccccc3n2)cc1,1
Brc1ccc2ncnc(NC3CCCC3)c2c1,1
c1ccc2c(NC3CCCCCC3)ncnc2c1,1
COc1ccc(CCNC(=O)Cn2cnc3sc(C(N)=O)c(C)c3c2=O)cc1OC,1
Cc1[nH]c2ccc(Br)cc2c(=O)c1CN1CCc2ccccc2C1,1
Cc1[nH]c2ccccc2c(=O)c1CN1CCc2ccccc2C1,1
CCN1CCN(Cc2c(C)[nH]c3ccc(N(CC)CC)cc3c2=O)CC1,1
Cc1[nH]c2ccc(F)cc2c(=O)c1CN1CCc2ccccc2C1,1
O=c1c2cc(-c3ccccc3)sc2ncn1CCOc1ccccc1,1
O=C(Cn1cnc2sc(-c3ccccc3)cc2c1=O)Nc1cc(C(F)(F)F)ccc1Cl,1
O=C(Cn1cnc2sc(-c3ccccc3)cc2c1=O)Nc1ccccc1,1
O=C(Cn1cnc2sc(-c3ccccc3)cc2c1=O)NCc1ccco1,1
Nc1cc(=O)[nH]c(SCc2ccccc2CSc2nc(=O)cc(N)[nH]2)n1,1
COCCOC(=O)Cn1nnc2sc(-c3ccccc3)cc2c1=O,1
O=C(Cn1nnc2sc(-c3ccccc3)cc2c1=O)NCCc1ccccc1,1
O=C(Cn1nnc2sc(-c3ccccc3)cc2c1=O)NCc1ccccc1,1
O=C(Cn1nnc2sc(-c3ccccc3)cc2c1=O)Nc1ccccc1,1
O=C(Cn1nnc2sc(-c3ccccc3)cc2c1=O)NCc1ccco1,1
Nc1c(C(=O)NCc2ccccc2)c2nc3ccccc3nc2n1Cc1ccco1,1
O=C(NCCO)c1nc(NCCO)c2ccccc2n1,1
O=C(NCc1ccccc1)c1nc(NCc2ccccc2)c2ccccc2n1,1
O=C(Nc1ccccc1)c1nc(Nc2ccccc2)c2ccccc2n1,1
CCOC(=O)c1cnc2c(C)c(C)ccc2c1NCc1ccccc1,1
CC1CCc2c(sc3ncnc(NCCc4nc5ccccc5[nH]4)c23)C1,1
CCOC(=O)c1sc2ncnc(Nc3ccc(OC)cc3)c2c1C,1
COC(=O)C(C)Oc1ccc2c(=O)c(Oc3cc(C)cc(C)c3C)coc2c1,1
CCOC(=O)c1sc2ncn(CC(=O)NC3CCCCC3)c(=O)c2c1C,1
O=C(Cn1cnc2sc(-c3ccccc3)cc2c1=O)NC1CCCCC1,1
CCOC(=O)c1cnc2ccc(F)cc2c1NCCc1ccc(OC)c(OC)c1,1
CCOC(=O)c1cnc2ccc(F)cc2c1Nc1ccc(C(C)=O)cc1,1
CCOC(=O)c1cnc2ccc(F)cc2c1NCc1cccnc1,1
CCOC(=O)c1nc(Nc2ccc(OC(C)C)cc2)c2ccccc2n1,1
CCOC(=O)c1nc(Nc2ccc(Br)cc2)c2ccccc2n1,1
CCOC(=O)c1nc(Nc2ccc(C)cc2)c2ccccc2n1,1
CCOC(=O)c1cnc2ccc(Cl)cc2c1Nc1cc(Cl)ccc1O,1
CC(O)C(Nc1ncnc2ccc(Br)cc12)C(=O)O,1
CCOc1ccccc1NC(=O)Cn1cnc2sc(-c3ccccc3)cc2c1=O,1
COC(=O)c1sc2ncn(Cc3cccc(Cl)c3)c(=O)c2c1C,1
COC(=O)c1sc2ncn(Cc3cccc(C)c3)c(=O)c2c1C,1
CCOC(=O)c1sc2ncn(CC(=O)Nc3ccc(Cl)cc3C)c(=O)c2c1C,1
Cc1sc2ncnc(SCCc3ccccc3)c2c1C,1
CC(=O)C(C)Sc1ncnc2sc3c(c12)CCC(C)C3,1
CCOC(=O)c1csc(NN=Cc2ccc(Cl)cc2)n1,1
O=C1c2sc3nc4ccccc4n3c2C(=O)N1c1cc(Cl)ccc1Cl,1
Cc1nnc(SCCSc2nnc(C)n2N)n1N,1
CCOC(=O)c1cnc2c(ccc3ccccc32)c1NCCOC(=O)c1ccc(C)cc1,1
Cc1[nH]c2ccc(Br)cc2c(=O)c1CN1CCC(C)CC1,1
CCOC(=O)c1cnc2ccc(C(=O)OC)cc2c1NCCO,1
CC(Nc1ncnc2ccc(Br)cc12)c1ccccc1,1
OCCCCCNc1ncnc2ccc(Br)cc12,1
CC1CCc2c(sc3ncn4c(CCc5ccccc5)nnc4c23)C1,1
COc1ccc(-c2csc3ncn(CC(=O)NCc4ccco4)c(=O)c23)cc1,1
CCOC(=O)c1sc2ncn(Cc3ccc(Cl)cc3Cl)c(=O)c2c1C,1
CCC(C)OC(=O)C(C)n1cnc2sc(-c3ccccc3)cc2c1=O,1
CCOC(=O)c1cnc2c(C)cc(C)cc2c1Nc1ccc(OC)c(OC)c1,1
Cc1ccc2[nH]c(-c3ccccc3)c(CN3CCN(C)CC3)c(=O)c2c1,1
Cc1ccc2[nH]c(-c3ccccc3)c(CN3CCOCC3)c(=O)c2c1,1
CCOC(=O)c1c(N)n(-c2ccc(C)c(Cl)c2)c2nc3ccccc3nc12,1
O=C(CSc1ncnc2sc3c(c12)CCCC3)c1ccco1,1
Cc1sc2ncnc(N3CCN(Cc4ccccc4)CC3)c2c1C,1
CCOC(=O)c1nn(-c2ccc(Br)cc2)cc1O,1
CCOC(=O)c1nn(-c2ccc(Cl)cc2)cc1O,1
O=C(O)CCc1nc2ccccc2[nH]c1=O,1
O=C1C(=NC2CCCCC2)C(Cl)C(=O)N1c1cccc(C(F)(F)F)c1,1
CCOC(=O)c1cnc2ccc(C)cc2c1NCCc1ccccc1,1
CCOC(=O)c1c(NC(=O)COc2ccccc2Br)sc2c1CCCC2,1
CCOC(=O)c1cnc2c(ccc3ccccc32)c1NCc1cccnc1,1
Cn1c(=O)c2c(nc3n(-c4ccccc4)c(-c4ccc(O)c(Cl)c4)cn23)n(C)c1=O,1
Brc1ccc2ncnc(NC3CCCCC3)c2c1,1
Cc1csc(NN=Cc2ccc(C(F)(F)F)cc2)n1,1
COCCCn1c(C(=O)NCc2ccccc2Cl)cc2c(=O)n3ccccc3nc21,1
Cc1ccc(Cl)cc1-n1ncc2c1ncn1c(-c3ccccc3O)nnc21,1
Cc1ccc(-c2nnc3c4cnn(-c5ccccc5Cl)c4ncn23)cc1,1
Cc1ccccc1-n1ncc2c1ncn1c(-c3ccccc3O)nnc21,1
COc1ccc(-c2nnc3c4cnn(-c5ccccc5C)c4ncn23)c(O)c1,1
Cc1ccc(-n2ncc3c2ncn2c(-c4cccc([N+](=O)[O-])c4)nnc32)c(C)c1,1
Cc1ccc(-n2ncc3c2ncn2c(-c4ccccc4Cl)nnc32)c(C)c1,1
Oc1cc2ccccc2cc1-c1nnc2c3cnn(-c4ccc(F)cc4)c3ncn12,1
COc1ccc(-c2nnc3c4cnn(-c5ccc(Cl)cc5)c4ncn23)cc1OC,1
Cc1ccc(-c2nnc3c4cnn(-c5ccc(C)c(Cl)c5)c4ncn23)cc1,1
Cc1ccc(-n2ncc3c(NCCO)nc(N4CCN(c5ccccc5F)CC4)nc32)cc1,1
CC(C)OCCCNc1ncnc2c1c(-c1ccccc1)cn2-c1ccccc1,1
COc1ccc(Nc2nc(N3CCN(c4cccc(Cl)c4)CC3)nc3nccnc23)cc1,1
COc1ccc(Nc2nc(N3CCN(c4ccccc4)CC3)nc3nccnc23)cc1,1
Cc1ccc(Nc2nc(Nc3ccc(C)cc3)c3nccnc3n2)cc1,1
OCCN1CCN(Nc2nc(Nc3ccccc3)c3nccnc3n2)CC1,1
COc1ccccc1N1CCN(Nc2nc(Nc3ccccc3)c3nccnc3n2)CC1,1
c1ccc(Nc2nc(Nc3ccccc3)c3nccnc3n2)cc1,1
COCCNc1nc(Nc2ccc(F)cc2)nc2nccnc12,1
COCCNc1nc(NCCC2=CCCCC2)nc2nccnc12,1
COCCNc1nc(NCCc2ccccc2)nc2nccnc12,1
COc1ccc(Nc2nc(NCc3ccccc3)c3nccnc3n2)cc1OC,1
COc1cc(Nc2nc(NCc3ccccc3)c3nccnc3n2)cc(OC)c1OC,1
c1ccc(CNc2nc(N3CCN(Cc4ccccc4)CC3)nc3nccnc23)cc1,1
COc1cc(Nc2nc(N3CCOCC3)c3nccnc3n2)cc(OC)c1OC,1
COc1ccc(CNc2nc(N3CCCC3)c3cnn(C)c3n2)cc1OC,1
Cn1ncc2c(Nc3ccc(F)cc3)nc(NC3CCCC3)nc21,1
Cn1ncc2c(Nc3ccc(F)cc3)nc(NC3CCCCC3)nc21,1
Cn1ncc2c(Nc3ccc(Cl)cc3)nc(NC3CCCCC3)nc21,1
Cn1ncc2c(Nc3cccc(Cl)c3)nc(NC3CCCCC3)nc21,1
COc1ccc(C(=O)NNc2ncnc3c2cnn3-c2ccc(C)cc2C)cc1,1
Cc1cccc(-n2ncc3c(Nc4c(C)n(C)n(-c5ccccc5)c4=O)ncnc32)c1,1
Cc1ccc(-n2ncc3c(N4CCN(Cc5ccccc5)CC4)ncnc32)cc1C,1
COc1ccc(C(=O)NNc2ncnc3c2cnn3-c2ccc(C)c(C)c2)cc1OC,1
Cc1ccc(-n2ncc3c(NNC(=O)CCc4ccccc4)ncnc32)cc1C,1
Cc1ccc(-n2ncc3c(NCCCn4ccnc4)ncnc32)cc1C,1
COc1ccc(CCNc2ncnc3c2cnn3-c2ccc(F)cc2)cc1OC,1
Fc1ccc(-n2ncc3c(NCCCc4ccccc4)ncnc32)cc1,1
Cc1ccc(Cl)cc1-n1ncc2c(NCc3ccccc3)ncnc21,1
O=C(Cc1cccc2ccccc12)NNc1ncnc2c1cnn2-c1cccc(Cl)c1,1
Clc1cccc(-n2ncc3c(N4CCN(Cc5ccccc5)CC4)ncnc32)c1,1
Fc1ccccc1N1CCN(c2ncnc3c2cnn3-c2cccc(Cl)c2)CC1,1
NC(=O)CSc1oc(-c2ccc(F)cc2)nc1S(=O)(=O)c1ccc(Cl)cc1,1
CCOC(=O)c1csc(-c2cc(Cl)ccc2O)n1,1
CCOC(=O)c1coc(-c2ccc(C(F)(F)F)cc2)n1,1
CCOC(=O)c1coc(-c2ccc(Cl)c(Cl)c2)n1,1
Cc1ccc(C(=O)NCCCc2nc3ccccc3[nH]2)c(-n2cnnn2)c1C,1
O=C(NCCc1nc2ccccc2[nH]1)c1cc(Cl)ccc1-n1cnnn1,1
COc1ccccc1-c1nc2nccc(-c3cc4ccccc4o3)n2n1,1
CCN1CCN(C(=O)c2cc(-c3ccccc3)nc3c2c(C)nn3C)CC1,1
c1ccc(CN2CCc3[nH]ccc3C2)cc1,1
CCOC(=O)c1nn(-c2ccc(F)cc2)c(-c2ccccc2)c1C#N,1
CCOC(=O)CSc1nnc(-c2ccccc2)n1-c1ccccc1,1
Cn1c(=O)n(C)c2cc(S(=O)(=O)NC(Cc3c[nH]c4ccccc34)C(=O)O)ccc21,1
Cc1cc(S(=O)(=O)Nc2ccc(C(=O)O)c(O)c2)ccc1F,1
O=C1NC(=O)c2cc(S(=O)(=O)NCc3ccco3)cc3cccc1c23,1
COc1ccc(OC)c(S(=O)(=O)NC(Cc2c[nH]c3ccccc23)C(=O)O)c1,1
CN1C(=O)c2cccc3cc(S(=O)(=O)Nc4nccs4)cc(c23)C1=O,1
CCN1C(=O)c2cccc3cc(S(=O)(=O)Nc4ccccc4C(=O)OC)cc(c23)C1=O,1
CCN1C(=O)c2cccc3cc(S(=O)(=O)Nc4ccccc4C)cc(c23)C1=O,1
CCN1C(=O)c2cccc3cc(S(=O)(=O)Nc4cccc(C(=O)O)c4)cc(c23)C1=O,1
O=C(CCCCCn1nnc2ccccc2c1=O)Nc1nnc(C2CCCC2)s1,1
Cc1ccc(C(=O)Nc2nnc(C3CCCO3)s2)c(-n2cnnn2)c1C,1
Cc1csc(NC(=O)CCc2nnc3ccc(-n4nc(C)cc4C)nn23)n1,1
Cc1cc(C)n(-c2ccc3nnc(CCC(=O)Nc4nc(C)c(C)s4)n3n2)n1,1
COc1ccc2cnn(CC(=O)NCCC3=CCCCC3)c(=O)c2c1OC,1
COc1ccc2cnn(CC(=O)NCC3(CC(=O)O)CCCCC3)c(=O)c2c1OC,1
COc1ccc2cnn(CC(=O)NC(C(=O)O)c3ccccc3)c(=O)c2c1OC,1
Cc1nnc(NC(=O)c2cc(F)ccc2-n2cnnn2)s1,1
Cc1sc2ncnc(SCCC(=O)NCc3cccs3)c2c1C,1
CC(=O)c1cccc(NC(=O)c2cc(-c3ccccc3)nc3onc(C)c23)c1,1
COc1cc(NC(=O)c2cc(C3CC3)nc3onc(C)c23)cc(OC)c1,1
O=C(NC1CCCCCCC1)C1CCCN(c2ccc3nnc(C(F)(F)F)n3n2)C1,1
FC(F)(F)c1nnc2ccc(NC3CC3)nn12,1
c1cc2nncn2nc1NC1CCCCC1,1
CCOc1ccc2c(Cc3ccc(Cl)cc3)noc2c1,1
Cc1ccc(Sc2nc(N)c3nc(-c4ccccc4)oc3n2)cc1,1
Cc1ccccc1-c1nc(C(N)=O)c(NN)o1,1
Cc1sc2nc(SCCCN3C(=O)c4cccc5cccc(c45)C3=O)nc(N)c2c1C,1
Nc1nc(SCCCN2C(=O)c3cccc4cccc(c34)C2=O)nc2sc3c(c12)CCCC3,1
Cc1oc2nc(SCC(=O)NCCCO)nc(N)c2c1C,1
O=C1c2cccc3cccc(c23)C(=O)N1CCCc1nnc(Nc2ccccc2)s1,1
C=CCn1c(=O)c2c3c(sc2n2c(Nc4ccccc4)nnc12)CCC3,1
C=CCn1c(=O)c2c3c(sc2n2c(Nc4ccc(OC)cc4)nnc12)CCC3,1
CC12CCC3c4ccc(O)cc4CCC3C1CC(O)C2O,1
COc1ccc(C2C(C(=O)c3c(C)nn(C)c3C)C(=O)C(=O)N2CCCn2ccnc2)cc1,1
Cc1nn(C)c(C)c1C(=O)C1C(=O)C(=O)N(CCN2CCOCC2)C1c1ccc(Cl)cc1,1
COc1ccc(C2C(C(=O)c3c(C)nn(C)c3C)C(=O)C(=O)N2CCN2CCOCC2)cc1,1
COc1cccc(C2C(C(=O)c3c(C)nn(C)c3C)C(=O)C(=O)N2CCCN(C)C)c1OC,1
Cc1nn(C)c(C)c1C(=O)C1C(=O)C(=O)N(CCN(C)C)C1c1ccc(C(C)C)cc1,1
Cc1nn(C)c(C)c1C(=O)C1C(=O)C(=O)N(Cc2cccnc2)C1c1ccc(F)cc1,1
O=[N+]([O-])c1ccc2c(c1)CN(Cc1ccccc1)CC2,1
Cc1cc(Br)cn2c(CN3CCN(C(=O)OC(C)(C)C)CC3)cnc12,1
O=[N+]([O-])c1ccc2nc(-c3ccc(-c4ccccc4)cc3)cn2c1,1
O=[N+]([O-])c1cccn2cc(-c3ccc(-c4ccccc4)cc3)nc12,1
O=[N+]([O-])c1ccc2nc(-c3ccc(O)cc3)cn2c1,1
Cc1cc([N+](=O)[O-])c2nc(-c3ccc(-c4ccccc4)cc3)cn2c1,1
CCOC(=O)c1sc(-c2ccccc2)nc1C(F)(F)F,1
CCc1ccccc1NC(=O)CSc1n[nH]c2nc(=O)c(Cc3ccccc3Cl)nn12,1
FC(F)(F)c1nnc2n1N=C(NC1CCCCC1)CS2,1
Cc1cccc(N=C2CSc3nnc(-c4ccccc4Br)n3N2)c1C,1
Cc1c(Cl)cccc1N=C1CSc2nnc(-c3ccccc3Br)n2N1,1
CCOC(=O)c1cn2c(Cl)cccc2n1,1
NNc1oc(-c2ccccc2)nc1C(N)=O,1
COC(=O)c1nc(-c2ccc(C)cc2)oc1NN,1
Cc1nc2cc(NS(=O)(=O)c3ccc(Cl)cc3)ccc2[nH]1,1
CC1(O)CCC(C(C)(C)O)CC1,1
CCN(CC)S(=O)(=O)c1cccc(-c2cn3cc(Cl)ccc3n2)c1,1
Cc1cccn2cc(-c3cccc(S(=O)(=O)N4CCCCCC4)c3)nc12,1
O=S(=O)(c1cccc(-c2cn3cc(Cl)ccc3n2)c1)N1CCCCCC1,1
CC1CN(S(=O)(=O)c2cccc(-c3cn4ccccc4n3)c2)CC(C)O1,1
CCc1ccc(C2C(c3nc4ccccc4s3)C(=O)C(=O)N2c2nnc(C)s2)cc1,1
CCc1ccc(C2C(c3nc4ccccc4s3)C(=O)C(=O)N2c2nc(C)c(C(=O)OC)s2)cc1,1
COc1cc(-c2nn3c(-c4ccc(Cl)cc4)nnc3s2)cc(OC)c1OC,1
CCOC(=O)c1cn2cc(F)ccc2n1,1
CCOC(=O)c1cn2c(-c3ccc(C)cc3)csc2n1,1
Cc1cccc2nc(CCN3C(=O)c4ccccc4C3=O)cn12,1
O=C1c2ccccc2C(=O)N1CCc1cn2cc(Cl)cc(Cl)c2n1,1
O=C(O)c1coc(-c2ccc(C(F)(F)F)cc2)n1,1
CCOC(=O)c1cc(-c2ccc(OC)cc2)c2c(C)nn(-c3ccccc3)c2n1,1
CCOC(=O)c1cn2cc(C)ccc2n1,1
FC(F)(F)c1ccc(-c2nc3ncccc3o2)cc1,1
O=C(O)c1cc(=O)[nH]c(-c2ccccc2)n1,1
Cc1cccn2cc(-c3ccc(Cl)c(Cl)c3)nc12,1
Cc1nc(NC2CC2)sc1C(=O)O,1
Cc1noc2nc(-c3ccccc3)cc(C(=O)NCCCOC(C)C)c12,1
CC12CCC3c4ccc(O)cc4CCC3C1CCC2O,1
Cc1oc2cc3oc(=O)c(CCC(=O)N4CCc5ccccc5C4)c(C)c3cc2c1C,1
COCCCNC(=O)c1cc(-c2ccccc2)nc2onc(C)c12,1
COc1ccc2c(C)c(CC(=O)Nc3nnc(C)s3)c(=O)oc2c1,1
Fc1ccc2nc(-c3ccc(Cl)cc3Cl)cn2c1,1
Cc1ccc2nc(-c3ccc(F)c(C)c3)cn2c1,1
Cc1ccc(-c2cn3cccc(C)c3n2)cc1C,1
Cn1cnc2cc(C(=O)O)c(Nc3ccc(Br)cc3Cl)c(F)c21,1
Nc1ccc(C(F)(F)F)cn1,1
Cc1ccc(-c2nnc(CNC(=O)COc3cc(C)c(Cl)c(C)c3)o2)cc1,1
Cc1cc(S(=O)(=O)NCc2ccc(-c3ccccc3F)o2)ccc1F,1
COC(=O)c1n[nH]c2ccc(C)cc2c1=O,1
Cc1ccc(-c2cc(C(=O)N3CC(C)Oc4ccccc43)no2)cc1,1
CC(=O)N1N=C(c2ccc(C)cc2)OC1c1ccccc1[N+](=O)[O-],1
Cc1cccc(C)c1OCC(=O)Nc1nc(C)c(-c2nc(-c3cccs3)no2)s1,1
CCOC(=O)c1nc(-c2ccc(C)cc2)oc1NNC(=O)c1ccccc1F,1
C=CCOc1ccc(C(=O)Nc2ccccc2-c2nc(-c3ccc(F)cc3)no2)cc1,1
CCOc1ccccc1C(=O)Nc1ccccc1-c1nc(-c2ccc(F)cc2)no1,1
Cc1ccc(C(=O)Nc2ccccc2-c2nc(-c3ccc(C)cc3)no2)cc1,1
Cc1ccc2oc(C(=O)NCCc3nc(-c4ccccc4)no3)c(C)c2c1,1
COc1ccc(OCCn2ccc(=O)c(O)c2C)cc1,1
Cc1nnc(C(CC(=O)Nc2ccccc2)c2ccccc2)o1,1
Oc1ccc(CN2CCc3ccccc3C2)cc1,1
Cc1ccc(-n2ncc3c2ncn2c(-c4ccco4)nnc32)cc1,1
CCC1(c2ccc(C)c(C)c2)NC(=O)N(CC(=O)O)C1=O,1
O=C(O)c1ccc(C(F)(F)F)cc1,1
O=C(O)c1cc(C2CC2)n2nc(-c3ccccc3F)cc2n1,1
OC(c1cccc(C(F)(F)F)c1)C1CCCNC1,1
FC(F)(F)c1cccc(-c2ccc(Cl)nc2)c1,1
FC(F)(F)c1ccc(C2CCCN2)cc1,1
CC(C)c1nc(Nc2ccc3c[nH]nc3c2)c2ccccc2n1,1
COc1cc2nc(C(F)(F)F)nc(NC3CCC(O)CC3)c2cc1OC,1
Cn1ncc2c(NC3CCCCC3)ncnc21,1
Cn1ncc2c(NC3CCCC3)ncnc21,1
OC1CCC(Nc2nc(C(F)(F)F)nc3c(F)cccc23)CC1,1
Fc1ccc2nc(C(F)(F)F)nc(NC3CC3)c2c1,1
COc1ccc2c(NC3CCC(O)CC3)nc(C(F)(F)F)nc2c1,1
CCOC(=O)c1cn2ccc(C)cc2n1,1
Cc1ccc2c(C)c(C(=O)N(Cc3sccc3C)C3CCS(=O)(=O)C3)oc2c1,1
COCCN1C(=O)C(=O)C(C(=O)c2cc3ccccc3o2)C1c1ccc(Cl)c(Cl)c1,1
Cc1nnc(N2C(=O)C(=O)C(C(=O)c3cc4ccccc4o3)C2c2ccc(Cl)c(Cl)c2)s1,1
Cc1cc(C)c2c(CC(=O)Nc3nc4ccc(S(C)(=O)=O)cc4s3)coc2c1,1
O=C1C(=O)N(Cc2ccncc2)C(c2ccncc2)C1C(=O)c1cc2ccccc2o1,1
O=C1C(=O)N(CCc2ccccc2)C(c2cccs2)C1C(=O)c1cc2ccccc2o1,1
COc1ccccc1OCC(=O)Nc1c(C(=O)c2ccc(C)cc2)oc2ccccc12,1
COc1ccccc1OCC(=O)Nc1c(C(=O)c2ccccc2)oc2ccccc12,1
CCCOc1ccc(C2C(C(=O)c3cccs3)C(=O)C(=O)N2Cc2ccco2)cc1OCC,1
O=C1C(=O)N(Cc2cccnc2)C(c2cccc(O)c2)C1C(=O)c1ccc2c(c1)OCCO2,1
O=C(c1sc2ccccc2c1Cl)N(Cc1cccc(Cl)c1)C1CCS(=O)(=O)C1,1
CCCOc1ccc(C2C(C(=O)OC)=C(C)N=C3SC(CC)C(=O)N32)cc1OCC,1
CCOc1cc(C2C(C(=O)c3cc4ccccc4o3)C(=O)C(=O)N2CCCn2ccnc2)ccc1O,1
O=C1C(=O)N(Cc2ccco2)C(c2cccc(O)c2)C1C(=O)c1ccc(Cl)cc1,1
CCOC(=O)C1C(=O)C(=O)N(Cc2cccnc2)C1c1ccc(C)cc1,1
Cc1ccn2cc(-c3ccc(F)cc3)nc2c1,1
Cc1ccc(C2C(C(=O)c3cccs3)C(=O)C(=O)N2CCN(C)C)o1,1
C=CCOc1ccc(C2C(C(=O)c3ccc(Cl)cc3)C(=O)C(=O)N2Cc2ccncc2)cc1OC,1
Cc1ccc(-c2cn3cc(C)ccc3n2)cc1,1
CCOC(=O)c1cnc(-c2ccc(C)cc2)s1,1
CCN(CC)CCCNc1ncnc2c1cnn2-c1ccc(F)cc1,1
COc1ccc(Nc2nc(N3CCCC3)nc3c2cnn3C)cc1,1
c1ccc(Nc2nc(NC3CCCC3)nc3nccnc23)cc1,1
CC(=O)Nc1ccc(Nc2ncnc3c2cnn3-c2ccc(C)cc2C)cc1,1
COc1ccc(Nc2nc(NC3CCCC3)nc3c2cnn3C)cc1,1
COc1ccc(Nc2nc(Nc3cccc(Cl)c3)nc3nccnc23)cc1,1
Cc1ccc(Nc2nc(NCCN3CCOCC3)nc3nccnc23)cc1Cl,1
Cc1cc2nc(-c3ccc(F)cc3)cn2cc1N,1
NCCc1cn2cc(C(F)(F)F)ccc2n1,1
Cc1ccc(-c2nc3ccc(C)cn3c2C(=O)O)cc1,1
COCc1nc2c(s1)CN(C(=O)c1ccccc1F)CC2,1
Cc1c(C)n2c3c(=O)[nH]c(=O)n(C)c3nc2n1CCO,1
Cc1c(C)n2c3c(=O)[nH]c(=O)n(C)c3nc2n1CCCO,1
Nc1ccc2c(c1)CN(Cc1ccccc1)CC2,1
CCc1cc2c(N3CCN(C(=O)c4ccc(C)cc4)CC3)nc(C)nc2s1,1
OCc1c(-c2ccc(Cl)cc2Cl)nc2ccccn12,1
CCOC(=O)c1cn2ccccc2n1,1
CN(C)C(CNC(=O)c1cc(-c2ccc3c(c2)CCCC3)on1)c1ccccc1,1
Cc1ccc(C(=O)c2oc3ccccc3c2NS(=O)(=O)c2ccccc2)cc1,1
C=CCOc1ccc(C(=O)Nc2nonc2-c2ccc(F)cc2)cc1,1
COc1ccc(CN(Cc2ccco2)C(=O)c2cc(=O)c3ccc(Br)cc3o2)cc1,1
Cc1ccc(-c2cc(C(=O)Nc3ccccn3)no2)cc1C,1
c1ccc2c(c1)c(NCCCn1ccnc1)nn1cnnc21,1
Cc1ccc(O)c(-c2[nH]nc3c2C(c2cccc(O)c2)N(Cc2ccco2)C3=O)c1,1
O=C(c1cc(=O)c2ccccc2o1)N(Cc1cccc2ccccc12)c1ccccn1,1
CCC(Oc1ccccc1F)C(=O)Nc1nonc1-c1ccc(OC)c(C)c1,1
Cc1cc(OCc2nc(C#N)c(NCc3ccncc3)o2)ccc1Cl,1
CSc1ncc(C(=O)NC2CCCC2)c(NC2CCCC2)n1,1
CSc1ncc(C#N)c(NC2CCCC2)n1,1
CSc1ncc(C(N)=O)c(NC2CCCC2)n1,1
Cc1cc(N)c2nc(-c3ccc(-c4ccccc4)cc3)cn2c1,1
Cc1cn2c3c(=O)n(Cc4ccccc4Cl)c(=O)n(C)c3nc2n1CCO,1
O=C(NNc1ncnc2c1cnn2-c1ccc(Cl)c(Cl)c1)c1ccco1,1
Cc1cccc(OCCCn2cnc3sc(C(N)=O)c(C)c3c2=O)c1,1
Cc1noc(C)c1Cn1cnc2sc(C(N)=O)c(C)c2c1=O,1
Nc1cccn2cc(-c3ccc(-c4ccccc4)cc3)nc12,1
COc1cc2c(cc1OC)C(c1ccc(C(F)(F)F)cc1)NCC2,1
COc1cc2c(cc1OC)C(c1ccccc1C(F)(F)F)NCC2,1
Cc1ccc(OCc2nc(C)c(C(=O)NC(C)C)s2)cc1,1
O=[N+]([O-])c1ccc2nc(-c3ccccc3)cn2c1,1
Nc1nc(S(=O)(=O)Cc2ccc(F)cc2)ns1,1
Nc1nc(S(=O)(=O)Cc2ccccc2)ns1,1
CSc1ncc(C(=O)O)c(NC2CCCC2)n1,1
Cc1ccc(CNc2cc(C)nc(-n3nc(C)cc3C)n2)cc1,1
Cc1c(CCC(=O)Nn2cnnc2)c(=O)oc2cc3occ(-c4ccccc4)c3cc12,1
O=C(Nc1nc2ccccc2[nH]1)c1ccccc1-n1cnnn1,1
CC(NC(=O)CCCn1c(=O)[nH]c2ccccc2c1=O)C(=O)O,1
O=C(O)c1cccn2cc(-c3ccccc3)nc12,1
O=C(O)c1cc(-c2ccccc2)[nH]c(=O)n1,1
Nc1ccc(NC23CC4CC(CC(C4)C2)C3)nc1,1
Nc1ccc2nc(-c3ccc(F)cc3)cn2c1,1
Nc1ccc2nc(-c3ccc(-c4ccccc4)cc3)cn2c1,1
O=c1c(O)c(-c2ccc(F)cc2)oc2cc(Cl)ccc12,1
O=C(O)c1c2ccccc2nc2cc(O)cc(O)c12,1
O=C(NCCCCCc1nnc2ccccn12)c1ccccc1-n1cnnn1,1
CC(C)c1n[nH]c(NC(=O)Cn2cnc3sc(-c4ccccc4)cc3c2=O)n1,1
O=C(Cn1cnc2sc(-c3ccccc3)cc2c1=O)Nc1nc[nH]n1,1
Cn1c(CCNC(=O)c2cc(Br)ccc2-n2cnnn2)nc2ccccc21,1
O=C(CCCn1cnc2ccccc2c1=O)NCCc1nc2ccccc2[nH]1,1
COc1ccc2cc(NC(=O)CCCc3nnc4ccccn34)cnc2c1,1
Cc1cc(C(=O)NC(CC(C)C)c2nnc3ccccn23)c2c(C)noc2n1,1
Cc1ccc(C(=O)NCCc2nnc3ccccn23)c(-n2cnnn2)c1C,1
N#Cc1nc(-c2ccccc2F)oc1S(=O)(=O)c1ccc(Cl)cc1,1
Cc1ccc(S(=O)(=O)c2oc(-c3ccccc3F)nc2C#N)cc1,1
Cc1ccc(Sc2oc(-c3ccccc3F)nc2C#N)cc1,1
CCCCOC(=O)c1c(O)[nH]c(C)c(Br)c1=O,1
CCOc1ccc(C(C)C)cc1S(=O)(=O)Nc1cccc(O)c1,1
CCOc1ccc(Br)cc1S(=O)(=O)Nc1cccc(O)c1,1
CS(=O)(=O)NCCc1csc(-c2ccncc2)n1,1
CC(C)Oc1ccc(S(=O)(=O)NCCc2ncc3ccccn23)cc1,1
CC(=O)N1CCc2cc(S(=O)(=O)NCCc3ncc4ccccn34)ccc21,1
CCOc1ccc(-c2ncncc2-c2ccc(Br)cc2)c(O)c1,1
Cc1ccc2c(-c3oc4ccccc4c3NC(=O)c3ccco3)cc(=O)oc2c1,1
CC12CCC3c4ccc(OCc5ccc(F)cc5)cc4CCC3C1CC(O)C2O,1
CCOc1ccc(-c2nc(N)nc(C)c2-c2ccc(Cl)cc2)c(O)c1,1
COc1c(-c2cc(C)[nH]n2)c(O)c(OC)c2occc12,1
CCOc1cc(O)c(-c2[nH]ncc2-c2nc(C)cs2)cc1CC,1
N=C(N)NCCCC(NC(=O)CCn1nnc2ccccc2c1=O)C(=O)O,1
COc1cccc(C(=O)COc2cc(C)cc3oc(=O)c(C)c(C)c23)c1,1
COc1ccc(-c2cc(=O)oc3cc(OCC(=O)OCc4ccccc4)ccc23)cc1,1
COc1ccc(-c2cc(=O)oc3c(C)c4occ(C)c4cc23)cc1,1
Cc1cc2oc(=O)cc(-c3oc4ccccc4c3N)c2cc1Cl,1
CS(=O)(=O)Nc1ccc(C(=O)O)c(O)c1,1
Cc1ccc2nc(-c3ccc(F)c(C)c3)c(CC(=O)O)n2c1,1
O=C(O)Cc1c(-c2ccc(Cl)cc2)nc2ccccn12,1
Cc1ccn2c(CC(=O)O)c(-c3ccc(C)c(C)c3)nc2c1,1
Cc1ccc(-c2nc3c(C)cccn3c2CC(=O)O)cc1C,1
COc1ccc(OCCCn2cnc3sc(C(N)=O)c(C)c3c2=O)cc1,1
Cc1sc2ncnc(NCCc3nc4ccccc4[nH]3)c2c1C,1
Cc1c(-c2nc(-c3ccccc3F)no2)nnn1-c1ccc(Br)cc1,1
Cc1ccccc1-c1noc(-c2nnn(-c3cc(F)ccc3F)c2C)n1,1
Cc1c(-c2nc(-c3ccccc3F)no2)nnn1-c1ccc(F)c(Cl)c1,1
CCOC(=O)c1cn2c(n1)CCCC2,1
COc1cccc(-c2cn3c4c(=O)n(C)c(=O)n(C)c4nc3n2-c2ccc(Cl)cc2)c1,1
COc1cccc(-c2cn3c4c(=O)n(C)c(=O)n(C)c4nc3n2-c2ccc(F)cc2)c1,1
CCOc1ccc(-c2cn3c4c(=O)n(C)c(=O)n(C)c4nc3n2-c2ccc(F)cc2)cc1Cl,1
Cn1c(=O)c2c(nc3n(-c4cccc(Cl)c4)c(-c4cccc([N+](=O)[O-])c4)cn23)n(C)c1=O,1
Cc1cn2c3c(=O)n(C)c(=O)n(C)c3nc2n1CCc1ccccc1,1
COc1cc(-n2nnc(C(=O)NCc3ccccc3)c2N)ccc1Cl,1
Cc1ccc(-n2nnnc2SCC(=O)Nc2ccc3nccnc3c2)cc1Cl,1
COC(=O)c1c(N)c(C(=O)N2CCOCC2)nn1-c1ccc(Cl)cc1,1
CN(C)CCN1C(=O)C(=O)C(C(=O)c2ccc3ccccc3c2O)C1c1ccc(F)cc1,1
CN(C)CCN1C(=O)C(=O)C(C(=O)c2ccc3ccccc3c2O)C1c1ccc(Cl)cc1,1
COc1cccc(C2C(C(=O)c3ccc4ccccc4c3O)C(=O)C(=O)N2CCCN(C)C)c1,1
O=c1cc(CSc2n[nH]c(=O)[nH]c2=O)[nH][nH]1,1
O=C(CSc1ncnc2sc3c(c12)CCCC3)c1cccs1,1
O=C(O)CSc1nnc(-c2ccc(Cl)cc2)n1-c1ccccc1,1
O=C(O)CSc1nnc(-c2ccc(Cl)cc2Cl)n1-c1ccccc1,1
O=c1cc(CSc2nnc(-c3ccc(Cl)cc3)n2-c2ccccc2)[nH][nH]1,1
CCOC(=O)c1c(C)nc2c(c1-c1ccc(Br)cc1)C(=O)CC(C)(C)C2,1
Cc1cc(=O)[nH]c(NN=Cc2ccccc2F)n1,1
c1ccc(-n2nnnc2Sc2ncnc3c4c(sc23)CCCC4)cc1,1
Brc1c(CSc2nc3ccccc3o2)nc2ccccn12,1
CC(=O)Nc1ccc(S(=O)(=O)Nc2nc3ccccc3nc2NCCc2ccccc2)cc1,1
c1nc(NC2CCCCC2)c2c3c(sc2n1)CCCC3,1
COc1ccc(NS(=O)(=O)c2ccc3c4c(cccc24)C(=O)N3)cc1,1
CCOC(=O)C1C(C)=NC(=O)NC1c1cccc(OC)c1,1
O=C(O)c1cc2ccccc2c(Cc2c(O)c(C(=O)O)cc3ccccc23)c1O,1
c1ccc2oc(SCCSc3nc4ccccc4o3)nc2c1,1
CC(=O)Nc1cc2nc3ccccc3nc2cc1NC(C)=O,1
Cc1ccc(S(=O)(=O)Nc2ccc3sc(C)nc3c2)cc1,1
Cc1ccc2ncnc(NC3CCCCC3)c2c1,1
O=C1C(=Nc2ccccc2F)C(Cl)C(=O)N1c1ccc(Br)cc1,1
Cc1nc(Sc2nnnn2-c2ccccc2)c2c3c(sc2n1)CCC3,1
Clc1ccc2nc(CSc3nnnn3-c3ccccc3)c(Br)n2c1,1
Cc1cccc(Nn2c(N)c(C#N)c3nc4ccccc4nc32)c1,1
NCC=CC(=O)O,1
CC1(O)CCC2C(CCC3C2CCC2(C)C(C(=O)Cn4cc(C#N)cn4)CCC32)C1,1
ClC(=Cn1cncn1)c1ccc(Cl)cc1Cl,1
CC(C)=CCc1c(O)cc2c(c1O)C(=O)CC(c1ccc(O)cc1)O2,1
CCCNC(=O)c1nnc2c(-c3c(F)cccc3OC)cccc2c1N,1
Cc1ncsc1CCCl,1
CCOC(=O)c1cncn1C(C)c1ccccc1,1
CC(C)=CCCC(C)(OC1OC(COC2OC(CO)C(O)C2O)C(O)C(O)C1O)C1CCC2(C)C1C(O)CC1C3(C)CCC(OC4OC(CO)C(O)C(O)C4OC4OC(CO)C(O)C(O)C4O)C(C)(C)C3CCC12C,1
COc1cc(C=CC(=O)O)cc(OC)c1OC,1
O=c1[nH]oc2c1CCNC2,1
COc1ccccc1-c1oc2ccc(C)cc2c(=O)c1O,1
Clc1ccc(-n2nc3c4c(ncc3c2OCc2ccccc2Cl)CCOC4)cc1,1
CC(=O)Nc1cccc(Nc2cc3c(cn2)ncn3CC2CC2)c1,1
CC(NC(=O)C(=O)c1c[nH]c2ccc([N+](=O)[O-])cc12)c1ccccc1,1
NCCCC(=O)O,1
CC1(CC(=O)O)CSC(=N)N1,1
N=C1NC(CC(=O)O)CS1,1
CC1SC(=N)NC1CC(=O)O,1
O=C(O)CC1CCNC1,1
CC(C(=O)O)C1CSC(=N)N1,1
C#Cc1ccc2c(c1)C(c1ccccc1F)=NCc1c(C(=O)NC)ncn1-2,1
CP(=O)(O)C1(O)CC(N)C1,1
CP(=O)(O)C1CC(N)C1,1
CCC(C)N(C)C(=O)c1cc2ccccc2c(-c2ccccc2Cl)n1,1
CCCCNC(=O)c1cc(-c2ccc(F)cc2F)ccc1O,1
NCc1cn(O)nc1-c1ccc(-c2ccccc2)cc1,1
COC(c1ccc(C(C)=O)cc1)C(F)(F)C(=O)C12CC3CC(CC(C3)C1)C2,1
CCCC=CC(O)C(F)(F)C(=O)c1ccc(Cl)cc1,1
CC(=O)c1ccc(C(O)C(F)(F)C(=O)C23CC4CC(CC(C4)C2)C3)cc1,1
NCc1cnn(O)c1,1
O=C(Nc1c(-c2cccs2)nc2c(Br)cc(Br)cn12)c1ccc(Cl)cc1,1
Cc1ccc2c(c1)Oc1sc(Cl)cc1C(N1CCN(CC(C)(C)C(=O)O)CC1)=N2,1
O=C(Nc1c(-c2cccs2)nc2ccccn12)c1ccc(Cl)cc1,1
Clc1ccc(COc2c3cnc4c(c3nn2-c2ccc(Cl)cc2)CCCC4)cc1,1
Fc1ccc(COc2c3cnc4c(c3nn2-c2ccc(Cl)cc2)CCCC4)cc1,1
Fc1ccccc1COc1c2cnc3c(c2nn1-c1ccc(Cl)cc1)CCCC3,1
Fc1ccccc1-n1nc2c(cnc3ccccc32)c1OCc1ccccc1Cl,1
O=C(NCc1ccc(O)c(O)c1)C(=O)c1c[nH]c2ccccc12,1
O=C(O)C1=CCNCC1,1
C#Cc1ccc2c(c1)C(c1ccccn1)=NCc1c(-c3nc(C(C)C)no3)ncn1-2,1
C#Cc1ccc2c(c1)C(c1ccccc1)=NCc1c(C(=O)NC)ncn1-2,1
C#Cc1ccc2c(c1)C(c1ccccn1)=NCc1c(C(=O)NC)ncn1-2,1
O=c1cc(C2CCNCC2)o[nH]1,1
Oc1ccccc1,1
CCOC(=O)c1ncc2[nH]c3cccc(OC(C)C)c3c2c1C,1
Oc1ccc2c(c1)CCN(CCCCc1ccccc1)CC2O,1
CCOC(=O)c1cncn1C(C)c1ccccc1,1
Cc1cc(-c2nnc3c4ccccc4c(OCc4ccccn4)nn23)no1,1
OC(c1ccc(F)c(Cl)c1)(c1ccc2c(cnn2-c2ccc(F)cc2)c1)C(F)(F)F,1
CC(C)(C)OC(=O)c1cc2c(cn1)[nH]c1ccccc12,1
CCOC(=O)c1ncn2c1CN(C)C(=O)c1cc(F)ccc1-2,1
CCOC(=O)c1cncn1C(C)c1ccc(C2(C(F)(F)F)N=N2)cc1,1
CCCN(CCC)C(=O)Cc1c(-c2ccc(Cl)cc2)nc2c(NC(=O)CCCC(=O)O)cccn12,1
CCCN(CCC)C(=O)Cc1c(-c2ccc(Cl)c([N+](=O)[O-])c2)nc2c(Cl)cc(Cl)cn12,1
Cc1ccc2c(c1)-c1nc(Cc3cc(C)no3)nn1Cc1c(C)ncn1-2,1
CC(C)c1cc(CCCC2(C)N=N2)cc(C(C)C)c1O,1
CCCN(CCC)C(=O)Cc1c(-c2ccc([N+](=O)[O-])cc2)nc2c(Cl)cc(Cl)cn12,1
CCCN(CCC)C(=O)Cc1c(-c2ccc(O)cc2)nc2c(Cl)cc(Cl)cn12,1
CCCCN(C)C(=O)Cc1c(-c2ccc(Cl)c(N)c2)nc2c(Cl)cc(Cl)cn12,1
CCCCN(C)C(=O)Cc1c(-c2ccc(Cl)c([N+](=O)[O-])c2)nc2c(Cl)cccn12,1
CCCCN(C)C(=O)Cc1c(-c2ccc(Cl)c(N)c2)nc2c(Cl)cccn12,1
CC(C)(O)C(=O)c1oc2nc(-c3ccccc3Cl)c(-c3ccc(Cl)cc3)cc2c1NC(=O)CO,1
CC(C)(O)C(=O)c1oc2nc(-c3ccc(Cl)cc3Cl)c(-c3ccc(Cl)cc3)cc2c1NC(=O)CO,1
Clc1ccc(-n2nc3c4c(ncc3c2OCc2ccccc2Cl)CCCC4)cc1,1
NCc1cn(O)nc1Cc1ccccc1,1
NCc1cnn(O)c1Br,1
O=c1[nH]oc2c1CCNC2,1
NCc1cn(O)nc1-c1ccccc1,1
CCCN(CCC)C(=O)Cc1c(-c2ccc(Cl)c(N)c2)nc2c(Cl)cc(Cl)cn12,1
Nc1nc(CC(=O)O)cs1,1
Cc1nc(N)ccc1C(=O)O,1
Nc1ccc(C(=O)O)c(-c2ccccc2)n1,1
CC(C)c1cccc(C(C)C)c1O,1
CCCN(CCC)C(=O)Cc1c(-c2ccc(OC)cc2)nc2c(Cl)cc(Cl)cn12,1
NCc1cn(O)nc1-c1cccc(-c2ccccc2)c1,1
C#Cc1ccc2c(c1)C(c1ccccc1)=NCc1c(-c3nc(C(C)C)no3)ncn1-2,1
NCc1cc(=O)[nH]o1,1
C#Cc1ccc2c(c1)C(c1ccccc1F)=NCc1c(-c3nc(C(C)C)no3)ncn1-2,1
Cc1ccc(CNC(=O)C(=O)c2c[nH]c3ccc([N+](=O)[O-])cc23)cc1,1
Cc1ccc(-c2nc3ccc(F)cn3c2CC(=O)N(C)C)cc1,1
CCCN(CCC)C(=O)Cc1c(-c2ccc(N)cc2)nc2c(Cl)cc(Cl)cn12,1
COCc1nc2n(n1)Cc1c(C)ncn1-c1ccc(Br)cc1-2,1
Cc1ccc2nc(-c3ccc(F)cc3)c(CC(=O)N(C)C)n2c1,1
Cc1ncn2c1Cn1ncnc1-c1cc(Br)ccc1-2,1
Cc1ncn2c1Cn1nc(CN3CCCC3=O)nc1-c1cc(Br)ccc1-2,1
Oc1c(Br)cc(Br)cc1-c1cc(Br)cc(Br)c1O,1
Cc1cc(C(=O)O)cnc1N,1
CCCCc1nc(N)ccc1C(=O)O,1
NCC=CC(=O)O,1
Nc1ccc(C(=O)O)c(Cl)n1,1
N=C1CCC(C(=O)O)CN1,1
O=C(O)CC1CN=CN1,1
NC1=NC(CC(=O)O)CN1,1
O=C(O)Cc1c[nH]cn1,1
CCc1nc(N)ccc1C(=O)O,1
NCc1cnn(O)c1Cl,1
Cc1cc(Cc2nc3n(n2)Cc2c(C)ncn2-c2ccc(O)cc2-3)on1,1
CCCCN(C)C(=O)Cc1c(-c2ccc(OC)cc2)nc2c(Cl)cc(Cl)cn12,1
CN(C(=O)Cc1c(-c2ccc(O)cc2)nc2c(Cl)cc(Cl)cn12)c1ccccc1,1
NCc1cn(O)nc1I,1
Cc1c(CN)o[nH]c1=O,1
Cc1nn(O)cc1CN,1
COc1ccc(-c2nc3c(Cl)cc(Cl)cn3c2CC(=O)N(C)c2ccccc2)cc1,1
Cc1nc2n(n1)Cc1c(C)ncn1-c1ccc(Br)cc1-2,1
COc1ccc2c(c1)CCc1cc(O)cc(OC)c1-2,1
Cc1cc(Cc2nc3n(n2)Cc2c(C)ncn2-c2ccccc2-3)on1,1
CCc1cc(N)ncc1C(=O)O,1
CCc1cccc(CC)c1O,1
Cc1cc(Cc2nc3n(n2)Cc2c(C)ncn2-c2ccc(Br)cc2-3)on1,1
CN1C(=O)COc2cc(Nc3cc4c(cc3F)ncn4CC3CC3)cnc21,1
O=C(NCc1ccc(F)cc1)C(=O)c1c[nH]c2ccccc12,1
Clc1ccc(-n2nc3c4c(ncc3c2Oc2ccccc2Cl)CCCC4)cc1,1
CC(C)(C)OC(=O)NC(c1ccccc1)C(F)(F)C(=O)c1ccc2c(c1)OCO2,1
On1cc2c(n1)CCNC2,1
NCc1cn(O)nc1CCc1ccncc1,1
Cc1c(CN)cnn1O,1
O=C(O)C1CCNCC1,1
On1ncc2c1CCNC2,1
CC=CC=CC(O)C(F)(F)C(=O)C=CCCCC,1
CC(N)Cn1ncc2ccc(O)cc21,1
CCc1ccc(C(O)C(F)(F)C(=O)C23CC4CC(CC(C4)C2)C3)cc1,1
CCC(=O)NC1CCC(C(=O)N(C)c2ccc(-c3nc4ccccc4o3)cc2)C1,1
CC(C)CC(=O)C(F)(F)C(NC(=O)OC(C)(C)C)c1ccccc1,1
O=C(C12CC3CC(CC(C3)C1)C2)C(F)(F)C(O)C=Cc1ccccc1,1
O=C(NCc1ccc(O)c(O)c1)C(=O)c1c[nH]c2ccc([N+](=O)[O-])cc12,1
CN1CCC2(O)c3cc(Br)ccc3N(C)C12c1ccccc1,1
CC1(C)CCc2ncc3c(OCc4ccccc4Cl)n(-c4ccc(Cl)cc4)nc3c2C1,1
COc1cc(CCc2ccc(O)cc2)cc(OC)c1,1
Cc1cc(N)ncc1C(=O)O,1
CCCCc1cc(N)ncc1C(=O)O,1
COc1cc(O)cc(CCc2cccc(O)c2)c1,1
NC1=NCC(C(=O)O)CN1,1
COc1ccc(S(=O)(=O)Nc2c(C)cc(C)cc2C)cc1,1
NCc1cn(O)nc1N,1
Nc1ccc(C(=O)O)cn1,1
CCc1cc(C(=O)O)cnc1N,1
CCCN(CCC)C(=O)Cc1c(-c2ccc(OC(=O)CCC(=O)OC)cc2)nc2c(Cl)cc(Cl)cn12,1
CC=CC=CC(O)C(F)(F)C(=O)C(C)(C)C,1
CC(=O)c1ccc(C(O)CC(=O)C23CC4CC(CC(C4)C2)C3)cc1,1
CCCC=CC(O)C(F)(F)C(=O)c1ccc2ccccc2c1,1
NCC(CC(=O)O)c1ccc(Cl)cc1,1
CC(C)c1cc(C2(C(F)(F)F)N=N2)cc(C(C)C)c1CO,1
CCCCN(C)C(=O)Cc1c(-c2ccc(O)cc2)nc2c(Cl)cc(Cl)cn12,1
Cc1cc(-c2nncc3c(C(C)(C)C)c(OCc4ncnn4C)nn23)no1,1
CN1C(=O)C(N2CCc3c(nn(Cc4ccccc4)c3Br)C2=O)COc2ccccc21,1
COc1ccc(C(O)C(F)(F)C(=O)c2ccc3ccccc3c2)cc1,1
Nc1ncc(C(=O)O)cc1I,1
CN1C(=O)CN=C(c2ccccc2)c2cc(Cl)ccc21,1
O=C(O)c1cc(-c2ccc(C3CCNCC3)cc2)c2ccc(-c3ccc(C(F)(F)F)cc3)cc2c1,1
COc1ccc2c(c1)-n1ncc(C(=O)Nc3ccccc3)c1NC2,1
COc1ccc2cnc3c(C(=O)NC4CCCCC4)cnn3c2c1,1
CN(C(=O)Cc1c(-c2nccs2)nc2c(Cl)cc(Cl)cn12)c1ccccc1,1
NCCCCc1no[nH]c1=O,1
Cc1cccc(C)c1O,1
Clc1ccc(-n2nc3c4c(ncc3c2OCC2CC2)CCCC4)cc1,1
O=c1cc(-c2cccc([N+](=O)[O-])c2)oc2ccc(Br)cc12,1
COc1cc(CCc2ccc(OC)c(OC)c2)cc(OC)c1,1
Clc1ccc(-n2nc3c(cnc4ccccc43)c2OCC2CC2)cc1,1
CCCN(CCC)C(=O)Cc1c(-c2nccs2)nc2c(Cl)cc(Cl)cn12,1
Clc1ccc(-n2nc3c(cnc4ccc(-n5ccnc5)cc43)c2OCC2CC2)cc1,1
Cc1cc(Cc2nc3n(n2)Cc2c(C)ncn2-c2ccc(Cl)cc2-3)on1,1
Cc1cc(Cc2nc3n(n2)Cc2c(C)ncn2-c2ccc(OC(F)(F)F)cc2-3)on1,1
Clc1ccc(-n2nc3c4c(ncc3c2OCc2ccccc2Cl)CCCCC4)cc1,1
CCOC(=O)C1C(C)=NC(=O)NC1c1cccc(O)c1,1
COC(=O)C1C(C)=NC(=O)NC1c1ccccc1,1
O=C(NCc1ccc(O)c(O)c1)C(=O)c1c[nH]c2ccc(Cl)cc12,1
CCCN(CCC)C(=O)Cc1c(-c2ccc(Cl)c(NC(=O)CCC(=O)O)c2)nc2c(Cl)cc(Cl)cn12,1
CCCN(CCC)C(=O)Cc1c(-c2ccc(Cl)cc2)nc2c(NC(=O)CC(=O)O)cccn12,1
CCCN(CCC)C(=O)Cc1c(-c2ccc(Cl)cc2)nc2c(NC(=O)CCC(=O)O)cccn12,1
NC1CC=C(C(=O)O)C1,1
Cc1c(F)c(Nc2cnc3c(c2)OCC(=O)N3C)cc2c1ncn2CC1CC1,1
CCc1nn(O)cc1CN,1
NCCCc1no[nH]c1=O,1
COc1cc(O)cc(C=Cc2cccc(O)c2)c1,1
CCOC(=O)C1=C(C)N(C)C(=S)NC1c1cccc(O)c1,1
Cc1noc(Cc2nc3n(n2)Cc2c(C)ncn2-c2ccc(Br)cc2-3)n1,1
COc1ccc2c(c1)-c1nc(Cc3cc(C)no3)nn1Cc1c(C)ncn1-2,1
O=C(Nc1c(-c2cccs2)nc2ccc(I)cn12)c1ccc(Cl)cc1,1
O=C(C12CC3CC(CC(C3)C1)C2)C(F)(F)C(O)c1ccccc1,1
CC1=C(C#N)C(c2ccc3[nH]nc(C)c3c2)C(C#N)=C(C)N1,1
CCCCN(C)C(=O)Cc1c(-c2ccc(Cl)c([N+](=O)[O-])c2)nc2c(Cl)cc(Cl)cn12,1
CCCN(CCC)C(=O)Cc1c(-c2ccc(Cl)cc2)nc2c(NC(=O)CCC(=O)OCC)cccn12,1
Clc1ccccc1COc1c2cnc3ccccc3c2nn1-c1ccc2c(c1)OCO2,1
O=C(Nc1c(-c2cccs2)nc2ccc(F)cn12)c1ccc(Cl)cc1,1
CN(C(=O)Cn1c(=O)oc2ccc(-c3cccnc3)cc21)c1ccc(C(F)(F)F)cc1,1
Cc1ncn2c1Cn1nc(CC3CC3)nc1-c1cc(Br)ccc1-2,1
CC(CC(O)C(F)(F)C(=O)c1ccc2c(c1)OCO2)O[Si](C(C)C)(C(C)C)C(C)C,1
Cc1cc(C(O)(c2ccc3c(cnn3-c3ccc(F)cc3)c2)C(F)(F)F)ccc1F,1
COC(=O)C1C(C)=NC(=S)NC1c1cccc(O)c1,1
CN1C(=O)C(N2CCc3cn(CC4CCS(=O)(=O)CC4)nc3C2=O)COc2ccccc21,1
CC(=O)c1ccc(C(O)C(F)(F)C(=O)c2ccccn2)cc1,1
NCc1cn(O)nc1CCc1ccccc1,1
Clc1ccc(-n2nc3c(cnc4ccccc43)c2OCc2ccccc2Cl)cc1,1
FC(F)(F)c1ccccc1COc1c2cnc3c(c2nn1-c1ccc(Cl)cc1)CCCC3,1
O=c1c2cnc3ccccc3c2[nH]n1-c1ccc(Cl)cc1,1
O=C(c1ccc2ccccc2c1)C(F)F,1
Clc1ccc(-n2nc3c4c(ncc3c2OCc2cccc(Cl)c2)CCCC4)cc1,1
O=C(Nc1c(-c2ccccc2)nc2ccccn12)c1ccccc1,1
COC(=O)c1cc2c(cn1)[nH]c1ccccc12,1
N#Cc1cc(C(O)(c2ccc3c(cnn3-c3ccc(F)cc3)c2)C(F)(F)F)ccc1F,1
OC(c1ccc2c(cnn2-c2ccc(F)cc2)c1)(c1cccc(Cl)c1Cl)C(F)(F)F,1
CC=CC=CC(O)C(F)(F)C(=O)c1ccc2ccccc2c1,1
O=C(c1ccc2ccccc2c1)C(F)(F)C(O)C1CCCCC1,1
CCOC(=O)C1C(C)=NC(=S)NC1c1cccc(O)c1,1
Cc1nn(O)c(C)c1CN,1
Cc1ncn2c1Cn1nc(C(C)(C)C)nc1-c1cc(Br)ccc1-2,1
CC(C)c1ccccc1O,1
CC(C)(C)c1cc(C(C)(C)C)c2c(c1)C(O)(C(F)(F)F)C(=O)O2,1
CCOC(=O)C1C(C)=NC(=S)NC1c1ccc(O)c(O)c1,1
COc1ccc2c(c1)-n1ncc(C(=O)NCc3ccco3)c1NC2,1
CC1(C)CC(=O)c2c(SCCO)sc(-c3nccs3)c2C1,1
C=CC1CC1(NC(=O)C1CC(Oc2cc(-c3csc(NC(=O)C(C)C)n3)nc3c(Br)c(OC)ccc23)CN1C(=O)C(NC(=O)OC1CCCC1)C(C)(C)C)C(=O)O,1
CN1CCC2(O)c3cc(I)ccc3N(C)C12c1ccccc1,1
O=C(NC1CCc2ccccc21)C(=O)c1c[nH]c2ccc([N+](=O)[O-])cc12,1
CC1(C)C2CCC(C(O)C(F)(F)C(=O)c3ccc4c(c3)OCO4)C1C2,1
NS(=O)(=O)c1cc(NC(=O)Cc2ccccc2)ccc1Oc1cccc(Cl)c1,1
NC1(C(=O)O)C(F)CC2C(C(=O)O)C21,1
CNc1ccc(C(=O)O)cn1,1
CCn1cc(-c2cccc(C(F)(F)F)c2)c2sc(C(=N)NC3CCS(=O)(=O)CC3)cc2c1=O,1
Cc1cc(OC2CCS(=O)(=O)CC2)cc(C)c1-c1cccc(COc2ccc(C(=O)O)c(F)c2)c1,1
CN(C)C(=O)Cc1c(-c2ccc(F)cc2)nc2ccc(F)cn12,1
O=C(C12CC3CC(CC(C3)C1)C2)C(F)(F)C(NS(=O)(=O)c1ccccc1)c1ccccc1,1
CC(C)(C)OC(=O)NC(c1ccccc1)C(F)(F)C(=O)c1ccc2ccccc2c1,1
O=C(C12CC3CC(CC(C3)C1)C2)C(F)(F)C(O)c1ccc(Cl)cc1,1
OC(c1ccnc(Cl)c1)(c1ccc2c(cnn2-c2ccc(F)cc2)c1)C(F)(F)F,1
Nc1cc(-c2ccccc2)c(C(=O)O)cn1,1
COc1ccc2cnc3c(C(=O)NCc4cccs4)cnn3c2c1,1
CCC1CN2CCC3(O)C(=Nc4cccc(-c5ccoc5)c43)C2CC1C(=COC)C(=O)OC,1
NCCc1no[nH]c1=O,1
O=C1c2ccccc2C(=O)N1CC(O)C(F)(F)C(=O)C12CC3CC(CC(C3)C1)C2,1
CCOC(=O)C1C(CC)=NC(=S)NC1c1cccc(O)c1,1
Cc1ccc2nc(-c3cccs3)c(NC(=O)c3ccc(Cl)cc3)n2c1,1
O=C(N1CCS(=O)(=O)CC1)N1CC(c2ccc(OC(F)(F)F)cc2)CC(c2nc(C3CC3)no2)C1,1
CN1C(=O)CCC1c1cccnc1,1
COc1ccc2cnc3c(C(=O)NCc4ccco4)cnn3c2c1,1
N#CC1(c2ccccn2)CCN(Cc2cc(C(=O)O)c(=O)n3ccccc23)CC1,1
CN1C(=O)C(N2CCc3cn(Cc4ccccc4)nc3C2=O)COc2ccccc21,1
COc1ccc2cnc3c(C(=O)Nc4ccccc4)cnn3c2c1,1
O=C(c1ccc(Cl)cc1)C(F)(F)C(NCc1ccccc1)c1ccccc1,1
O=C(c1ccc2ccccc2c1)C(F)(F)C(NS(=O)(=O)c1ccccc1)c1ccccc1,1
O=C(Nc1c(-c2cccs2)nc2ccc(Br)cn12)c1ccc(Oc2ccccc2)cc1,1
O=C(c1ccc(OCCC2CCOCC2)cc1)C1CCC(Cn2nnc3ccccc3c2=O)C1C(=O)O,1
CCC1CN2CCC3(O)C(=Nc4cccc(C)c43)C2CC1C(=COC)C(=O)OC,1
O=C(Nc1c(-c2cccs2)nc2ccc(-c3cccs3)cn12)c1ccccc1,1
O=C(Nc1c(-c2cccs2)nc2ccc(Br)cn12)c1ccccc1,1
Cc1cc(OC2CCS(=O)(=O)CC2)cc(C)c1-c1cccc(COc2ccc(CCC(=O)O)c(F)c2)c1,1
O=C(Nc1c(-c2cccs2)nc2ccc(-c3ccccc3)cn12)c1ccccc1,1
CCC1CN2CCC3(O)C(=Nc4cccc(-c5ccccc5)c43)C2CC1C(=COC)C(=O)OC,1
O=C(NCc1ncc(C(F)(F)F)cc1Cl)c1ccc2c(c1)C1(CCS(=O)(=O)CC1)C(C1CC1)N2S(=O)(=O)c1ccc(F)cc1,1
CC=CC=CC(NCc1ccccc1)C(F)(F)C(=O)c1ccc2ccccc2c1,1
O=C(c1ccc2ccccc2c1)C(F)(F)C(NCc1ccccc1)c1ccccc1,1
CC1CCC(C(C)C)C(OC(=O)OC(C)OC(=O)C2C3CC(F)C(N)(C(=O)O)C32)C1,1
Cc1cc(-c2nnc3c4ccccc4c(OCc4cn(C)nn4)nn23)no1,1
O=C(Nc1c(-c2cccs2)nc2cc(Br)ccn12)c1ccc(Cl)cc1,1
O=C(Nc1c(C2CCCC2)nc2ccc(Br)cn12)c1ccccc1,1
COc1ccc(Nc2cc3c(cn2)ncn3CC2CC2)c(OC)c1,1
O=C(Nc1c(-c2cccs2)nc2ccc(C(F)(F)F)cn12)c1ccc(Cl)cc1,1
CSc1nn(-c2c(Cl)cc(C(F)(F)F)cc2Cl)c(N)c1-c1ccccc1C,0
[O-][n+]1nc2c(-c3nc[nH]n3)cnn2c2cc(Cl)ccc21,0
CC(=O)C1CCC2C3CCC4CC(O)CCC4(C)C3CCC12C,0
O=C(NC1CCCCC1)C1Cc2c(sc3ccccc23)CN1,0
CCCCNc1c(C(=O)OCC)c(C)nc2c1cnn2CC,0
Cc1cc2c(C3CCCCC3)[nH]c(=O)nc2c(C#N)c1C,0
CC(=O)C1CCC2C3CCC4CC(O)(C#Cc5ccc(C=O)cc5)CCC4(C)C3CCC12C,0
O=C(NCCc1ccc(Cl)cc1)C(=O)c1c[nH]c2ccccc12,0
COc1ccc(CCNC(=O)C(=O)c2c[nH]c3ccccc23)cc1OC,0
CCCCCn1ncc2c(N)c(C(=O)NCCC)cnc21,0
C#CCCCCn1ncc2c(N)c(C(=O)OCC=C)c(C)nc21,0
O=c1c2cnc3ccccc3c2[nH]n1-c1ccccc1,0
Cc1cc2c(c(C#N)c1C)NC(=O)NC2C,0
CC(C)c1cccc(C(C)C)c1OC(=O)CN1CCCC1,0
CN1C(=O)CN=C(c2ccccc2)c2cc(Cl)ccc21,0
Cc1cc2c(c(C#N)c1C)N=CNC2C1CCCCC1,0
COc1ccc(-c2c(SC)nn(-c3c(Cl)cc(C(F)(F)F)cc3Cl)c2N)c(OC)c1,0
N#Cc1ccc(-c2nnc3c4ccccc4c(N4CCCC4)nn23)cc1,0
CCCC(=O)c1c(C)nc2c(c1N)c1ccccc1n2C,0
CC(=O)Oc1cccc(C(C)n2cnc3c(=O)[nH]cnc32)c1,0
CN=C1C[N+]([O-])=C(c2ccccc2)c2cc(Cl)ccc2N1,0
Cc1cc2c(C)ncnc2c(C#N)c1C,0
Cc1cc(NC(=O)Nc2ccc3c(ccn3C)c2)sn1,0
O=C(NC=NO)c1cnn2c1n[n+]([O-])c1ccc(Cl)cc12,0
O=C(NCCc1ccc(O)cc1)C(=O)c1c[nH]c2ccc([N+](=O)[O-])cc12,0
O=[PH]1(=O)CCC(CO)C1,0
On1cc(C2CCNCC2)c(-c2c[nH]c(-c3ccccc3)n2)n1,0
CCCCn1ncc2c(N)c(C(=O)OCC)c(C)nc21,0
COCCN(CCOC)c1nn2c(-c3ccc(N(C)C)cc3)nnc2c2ccccc12,0
NCC(CC(=O)O)c1ccc(Cl)cc1,0
CCOC(=O)c1cc2c(cn1)[nH]c1ccc(OCc3ccccc3)cc12,0
Cc1nc(-c2cnn3c2n[n+]([O-])c2ccc(Cl)cc23)nn1C,0
CCONC(=O)C1=CCC(N)C1,0
CN(C)N=Nc1ccc2c(c1)C(=O)N(C)Cc1c(C(=O)OC(C)(C)C)ncn1-2,0
C1=NC(c2ccccc2)c2ccccc2-c2[nH]nnc21,0
O=C(N1CCOCC1)N1Cc2c(-c3noc(C4CC4)n3)ncn2-c2ccc(F)cc21,0
CC(C)(C)OC(=O)N1Cc2c(-c3noc(C4CC4)n3)ncn2-c2ccccc21,0
NNC(=O)c1ccncc1,0
C=CCOC(=O)c1c(C)nc2c(cnn2CCC2CC2)c1N,0
CN(C)C(=O)N1Cc2c(-c3noc(C4CC4)n3)ncn2-c2ccccc21,0
CC(=NC(=O)c1cnn2c1n[n+]([O-])c1ccc(Cl)cc12)N(C)C,0
Cc1cccc2c1N(C(=O)N1CCOCC1)Cc1c(-c3noc(C4CC4)n3)ncn1-2,0
Brc1ccccc1-c1nnc2c3ccccc3c(N3CCCC3)nn12,0
O=C(c1ccccc1)c1cn2c(n1)sc1ccccc12,0
CC1CCc2nc3c(c(N)c2C1=O)c1c(n3C)CCCC1,0
CN(C)C(=O)N1c2cc(Cl)ccc2-n2cnc(-c3noc(C4CC4)n3)c2C1(C)C,0
CCCC(=O)c1cn2c(cc(OC)c3cc(CC)ccc32)n1,0
N#[N+]c1ccc(S(=O)(=O)[O-])cc1,0
CCSc1ccc(-c2ccccn2)c2c1C(=O)CC(C)C2,0
COc1nc(CSc2ccc(-c3nccs3)c3c2C(=O)CC(C)C3)ns1,0
O=C(NCc1ccc([N+](=O)[O-])cc1)C(=O)c1c[nH]c2ccccc12,0
COC(=O)N1Cc2c(-c3noc(C4CC4)n3)ncn2-c2ccccc21,0
O=c1c(-c2ccsc2)c[nH]c2c(-c3cccc(F)c3)cnn12,0
COc1ccc(CNC(=O)C(=O)c2c[nH]c3ccc([N+](=O)[O-])cc23)cc1,0
CCOC(=O)c1ncc2[nH]c3ccc(OCc4ccccc4)cc3c2c1CC,0
[N-]=[N+]=C1C=CC(=O)C=C1,0
NCc1ccc[n+]([O-])c1,0
CC(N)Cn1ncc2ccc(O)cc21,0
CN1C(=O)C(NC(=O)c2ccc(Br)cc2)N=C(c2ccccc2)c2ccccc21,0
COC(=O)c1c(C)nc2sc3c(c2c1N)CCCC3,0
CSc1nn(-c2c(Cl)cc(C(F)(F)F)cc2Cl)c(N)c1-c1ccc2c(c1)OCO2,0
CN1C(=O)C(N)N=C(c2ccccc2)c2ccccc21,0
O=C(NCCc1c[nH]c2ccccc12)C(=O)c1c[nH]c2ccccc12,0
CN(C)C(=O)N1Cc2c(-c3noc(C4CC4)n3)ncn2-c2cccc(Cl)c21,0
O=C1CC2(CCCC2)CC(=O)N1CCCCN1CCN(c2ncccn2)CC1,0
O=C(NCCCc1ccccc1)C(=O)c1c[nH]c2ccccc12,0
O=C(NCc1cccc(O)c1)C(=O)c1c[nH]c2ccccc12,0
O=c1oc2ccccc2c2c1cc(-c1ccccc1)n2-c1ccccc1,0
Cc1cccc(-n2nnc3c(=O)oc4ccccc4c32)c1,0
CC(=O)Nc1cc(F)ccc1Oc1ccccc1,0
O=C(NCCc1ccc(O)c(O)c1)C(=O)c1c[nH]c2ccc(Br)cc12,0
CCOC(=O)C(Cc1ccc(O)cc1)NC(=O)C(=O)c1c[nH]c2ccc(Cl)cc12,0
CN(C)Cc1ccc2c(c1)NC(=O)N(C)S2(=O)=O,0
CCCCc1ccc(C2=NN(S(=O)(=O)c3ccc(-c4ccc5ccccc5c4)cc3)CCC2)cc1,0
CC(NC(=O)C(=O)c1c[nH]c2ccc([N+](=O)[O-])cc12)c1ccccc1,0
NCC(CC(=O)O)c1cc(Br)cs1,0
CC1CCc2nc3sc4c(c3c(N)c2C1=O)CCCCC4,0
CCOC(=O)c1c(C)nc2c(cnn2CCC(C)C)c1N,0
On1ncc(C2CCNCC2)c1-c1cn(Cc2ccccc2)c(-c2ccccc2)n1,0
O=c1c2cnc3ccc(OCc4ccccc4)cc3c2[nH]n1-c1ccccc1,0
COc1cc(C)cc(OC)c1OC(=O)C(CCS(C)(=O)=O)N1C=CCCC1,0
CCOc1nc2nc(C(=O)c3ccccc3)cn2c2c1CCCCC2,0
NCCCC(=O)O,0
CCCC(=O)N(C)Cc1c(-c2ccc(Cl)cc2)nc2ccccn12,0
C#Cc1ccc2c(c1)C(=O)N(C)Cc1c(C(=O)OC(C)(C)C)ncn1-2,0
Cc1cccc(C(NC(=O)CNC(=O)c2ccc(F)cc2)c2ccccc2)c1,0
O=C(NCc1ccccc1F)C(=O)c1c[nH]c2ccc(Cl)cc12,0
O=C(NCc1ccccc1)C(=O)c1c[nH]c2ccc([N+](=O)[O-])cc12,0
CC(C)OC(=O)c1cn2c(n1)sc1ccccc12,0
COc1ccc(-c2c(SC)nn(-c3c(Cl)cc(C(F)(F)F)cc3Cl)c2N)cc1OC,0
CCCc1cc(OC)nc2nc(C(=O)c3ccccc3)cn12,0
CCOC(=O)c1c(C)nc2c(cnn2CC)c1N,0
Cn1cc(C(=O)C(=O)NCc2ccc(Cl)cc2)c2ccccc21,0
CSc1nn(-c2c(Cl)cc(C(F)(F)F)cc2Cl)c(N)c1-c1ccc(C)s1,0
CSc1nn(-c2c(Cl)cc(C(F)(F)F)cc2Cl)c(N)c1Br,0
CN1Cc2c(C(=O)OCCC(C)(C)C)ncn2-c2ccc(Cl)cc2C1=O,0
O=C1C=NC(c2ccccc2)c2cc([N+](=O)[O-])ccc2N1,0
Cc1c(C2CCNCC2)o[nH]c1=O,0
COCCN(CCOC)c1nn2c(-c3ccc(C)cc3)nnc2c2ccccc12,0
CN(CCc1cccc(F)c1)C1C2C3CC4C5C3CC2C5C41,0
COc1ccc(OCF)c(CN(C(C)=O)c2cc(F)ccc2Oc2ccccc2)c1,0
O=c1c2cnc3c(c2[nH]n1-c1ccc(Cl)cc1)CCCC3,0
O=C(NCc1ccccc1F)C(=O)c1c[nH]c2ccccc12,0
COc1nc2nc(C(=O)c3ccccc3)cn2c2c1CCC2,0
Cc1nnc(CNC(=O)C(N)CC(C)C)n1-c1ccc(Cl)cc1C(=O)c1ccccc1,0
COCC(C(=O)Oc1c(OC)cccc1OC)N1CCCOCC1,0
Cc1ccc(-c2nc3ccc(C)cn3c2CC(=O)N(C)C)cc1,0
COc1ccc(NNC(=O)C(=O)c2c[nH]c3ccccc23)cc1,0
O=c1[nH]oc2c1CCNC2,0
Clc1cccc2[nH]c3c(ncc4[nH]c5ccccc5c43)c12,0
Cc1cc(-c2nnc3c4ccccc4c(OCc4ccccn4)nn23)no1,0
COc1cc(C)n2cc(C(=O)c3ccccc3)nc2n1,0
COc1cccc(-c2ccc3nncn3n2)c1,0
CCCc1c(OC)nc2nc(C(=O)c3ccccc3)cn2c1C,0
CCc1ccc2c(c1)c(OC)cc1nc(C(C)=O)cn12,0
NC(=S)NCC(=O)O,0
COc1cccc(OC)c1OC(=O)C(CCSC)N1CCCCCC1,0
Clc1ccc2[nH]c3c(ncc4[nH]c5ccccc5c43)c2c1,0
CCOCCC(C(=O)Oc1c(OC)cccc1OC)N1CCCOCC1,0
O=C(NC1CCc2ccccc21)C(=O)c1c[nH]c2ccccc12,0
COc1cc(CNC(=O)C(=O)c2c[nH]c3ccc([N+](=O)[O-])cc23)ccc1O,0
O=C(Nc1ccc(O)cc1)C(=O)c1c[nH]c2ccc([N+](=O)[O-])cc12,0
CC1=NN=C(c2cc3c(C(F)(F)F)cccc3s2)c2cc3oc(=O)[nH]c3cc2C1,0
CCOC(=O)c1cn2c(n1)sc1cc(CC)ccc12,0
COc1cc2nc(C(=O)c3ccccc3)cn2c2ccccc12,0
CC(=O)C1(C)CCC2C(CCC3CC(O)CCC32C)C1,0
CC(C)c1cccc(C(C)C)c1O,0
CCOC(=O)C(C)NC(=O)C(=O)c1c[nH]c2ccc([N+](=O)[O-])cc12,0
O=c1cc(-c2cccc([N+](=O)[O-])c2)oc2ccc(Br)cc12,0
O=C1C=NC(c2ccccc2Cl)c2cc([N+](=O)[O-])ccc2N1,0
O=C(NNc1ccc(Cl)cc1)C(=O)c1c[nH]c2ccc(Cl)cc12,0
O=C(NCCc1ccccc1)C(=O)c1c[nH]c2ccccc12,0
CSc1nn(-c2c(Cl)cc(C(F)(F)F)cc2Cl)c(N)c1-c1ccc(F)cc1,0
CCOC(=O)c1ncc2[nH]c3ccc(OCc4ccccc4)cc3c2c1COC,0
CSc1nn(-c2c(Cl)cc(C(F)(F)F)cc2Cl)c(N)c1-c1ccccc1,0
C#Cc1ccc2c(c1)C(=O)N1CCC1c1c(-c3nc(-c4ccccc4)no3)ncn1-2,0
CCOC(=O)c1ncn2c1CN(C)C(=O)c1cc(F)ccc1-2,0
COCCNc1nn2c(-c3ccc(OC)cc3)nnc2c2ccccc12,0
O=C(Nc1ccc(O)cc1)C(=O)c1c[nH]c2ccccc12,0
O=C(NCc1ccc(F)cc1)C(=O)c1c[nH]c2ccc(Cl)cc12,0
O=C(NCCc1ccc(O)cc1)C(=O)c1c[nH]c2ccc(Br)cc12,0
CCCCCn1ncc2c(N)c(C(=O)NCCCC)cnc21,0
Cn1cc(C(=O)C(=O)NCCc2ccc(Cl)cc2)c2ccccc21,0
Nc1nc(CCC(=O)O)cs1,0
CCCCCNC(=O)C1=CCC(N)C1,0
CCCC[PH](=O)(=O)C1=CCC(N)C1,0
ClCc1nnc2ccc(-c3ccccc3)nn12,0
CC(C)(C)OC(=O)c1ncn2c1CN(C(=O)N1CCOCC1)c1ccccc1-2,0
CC(C)n1c(=O)c2c(-c3noc(C4CC4)n3)ncn2c2ccccc21,0
COc1ccc(-c2cc(C#N)c(=O)[nH]c2-c2ccc(N(C)C)cc2)cc1,0
CSc1nn(-c2c(Cl)cc(C(F)(F)F)cc2Cl)c(N)c1-c1ccc(Br)cc1,0
CC12NC(Cc3ccc(N=C=S)cc31)c1ccccc12,0
CSc1nn(-c2c(Cl)cc(C(F)(F)F)cc2Cl)c(N)c1-c1ccc(F)c(Cl)c1,0
OCc1cc2c(cn1)[nH]c1ccccc12,0
Cc1ccc(C(CN)CC(=O)O)s1,0
COc1ccccc1-c1c(SC)nn(-c2c(Cl)cc(C(F)(F)F)cc2Cl)c1N,0
N=c1ccc(-c2cccc(OCc3ccccc3)c2)nn1CCCC(=O)O,0
N=c1ccc(-c2cccc(N)c2)nn1CCCC(=O)O,0
CSc1nn(-c2c(Cl)cc(C(F)(F)F)cc2Cl)c(N)c1-c1ccc(C(F)(F)F)cc1,0
N#[N+]c1ccc2cccc(S(=O)(=O)[O-])c2c1,0
Cn1c2ccccc2c2cc3c(nc21)CCCC3=O,0
Cn1c2ccccc2n2c(=O)c(-c3ccccc3)nnc12,0
CN(Cc1cccnc1)C1C2C3CC4C5C3CC2C5C41,0
O=C(CNC(=O)c1ccc(F)cc1)NC(c1ccccc1)c1cccc(Cl)c1,0
Cc1cccc(NNC(=O)C(=O)c2c[nH]c3ccccc23)c1,0
COC(=O)Nc1cc2c(cn1)[nH]c1ccccc12,0
O=C(NCCc1ccc(O)c(O)c1)C(=O)c1c[nH]c2ccc(Cl)cc12,0
COc1nc2nc(C(=O)c3ccccc3)cn2c2c1CSCC2,0
COc1ccc(-c2c(SC)nn(-c3c(Cl)cc(C(F)(F)F)cc3Cl)c2N)cc1,0
CSc1ccc2c(c1)N(CCC1CCCCN1C)c1ccccc1S2,0
CC1CCc2nc3sc4ccccc4c3c(N)c2C1=O,0
O=c1[nH]oc(C2CCNCC2)c1Cc1ccccc1,0
COc1cc2nc(C(=O)c3ccccc3)cn2c2cc(C)c(C)cc12,0
COc1cc(CNC(=O)C(=O)c2c[nH]c3ccccc23)ccc1O,0
O=C(NCCc1ccccc1)C(=O)c1c[nH]c2ccc([N+](=O)[O-])cc12,0
CCCNC(=O)C1=CCC(N)C1,0
CC12CCC3CC(CCO)CCC3C1CCC2C#N,0
O=c1c(-c2ccsc2)c[nH]c2c(-c3cccc(Br)c3)cnn12,0
CSc1nn(-c2c(Cl)cc(C(F)(F)F)cc2Cl)c(N)c1-c1ccc(C#N)cc1,0
O=C(CNC(=O)c1ccc(F)cc1)NC(c1cccc(F)c1)c1cccc(F)c1,0
CN(Cc1ccccc1)C1C2C3CC4C5C3CC2C5C41,0
CONC(=O)C1=CCC(N)C1,0
O=C(OCc1ccccc1)c1cn2c(n1)sc1ccccc12,0
CN1CCN(c2nn3c(-c4ccccc4)nnc3c3ccccc23)CC1,0
O=c1c(-c2ccsc2)c[nH]c2c(-c3cccc4ccccc34)cnn12,0
O=C(O)c1cc(=O)c2ccccc2[nH]1,0
CSc1nc2nc(C(=O)c3ccccc3)cn2c2c1CSCC2,0
CC(C)[PH](=O)(=O)C1=CCC(N)C1,0
COc1cc(CNC2C3C4CC5C6C4CC3C6C52)cc(OC)c1OC,0
NC1CC=C([PH](=O)(=O)Cc2ccccc2)C1,0
CCSc1nc2nc(C(=O)c3ccccc3)cn2c2c1CCC2,0
Cc1ccc(C(CN)CC(=O)O)o1,0
CC(C)c1cc(NS(C)(=O)=O)cc(C(C)C)c1O,0
CCOC(=O)c1ncc2c(c1CC)c1cc(OCc3ccccc3)ccc1n2C,0
O=c1c(-c2ccsc2)c[nH]c2c(-c3ccccn3)cnn12,0
O=C(Nc1ccc(O)cc1)C(=O)c1c[nH]c2ccc(Cl)cc12,0
Cc1ccc(-c2nnc3c4ccccc4c(N4CCCC4)nn23)cc1C,0
CCOC(=O)c1c(C)nc2c(cnn2CCCC(C)(C)C)c1N,0
COc1cccc(CNC(=O)C(=O)c2c[nH]c3ccccc23)c1,0
COc1nc2nc(C(=O)c3ccccc3)cn2c(C)c1CC1CC1,0
CCOC(=O)Nc1cc2c(cn1)[nH]c1ccccc12,0
COc1cc(-c2nnc3c4ccccc4c(N4CCCC4)nn23)cc(Br)c1OC,0
CC(C)c1cc(NC(=O)C(F)(F)F)cc(C(C)C)c1O,0
O=c1cc(C2CCNCC2)o[nH]1,0
NCC(CC(=O)O)c1ccc(Cl)s1,0
CCCOC(=O)c1cc2c(cn1)sc1ccccc12,0
O=C(NCc1ccc(O)c(O)c1)C(=O)c1c[nH]c2ccc(Cl)cc12,0
CCOC(=O)C1CCN(Cc2cc(C(C)C)c(N)c(C(C)C)c2)CC1,0
O=c1c2cnc3ccccc3c2[nH]n1-c1ccc(Cl)cc1,0
COC(=O)c1c(C)nc2c(c(C)c(C)n2C)c1N,0
CCCCc1cc(OC)nc2nc(C(=O)c3ccccc3)cn12,0
C=CCOC(=O)c1c(C)nc2c(cnn2CCC#CC)c1N,0
Oc1ccc(-c2nnc3c4ccccc4c(N4CCCC4)nn23)cc1,0
CCc1cn2cc(C(=O)c3ccccc3)nc2nc1OC,0
CCc1c(OC)nc2nc(C(=O)c3ccccc3)cn2c1C,0
OC(CCCN1CCN(c2ncc(F)cn2)CC1)c1ccc(F)cc1,0
C=CCOC(=O)c1c(C)nc2c(cnn2CCC(C)C)c1N,0
Cc1cc2c(c(C#N)c1C)N=CNC2C,0
CSc1nc2nc(C(=O)c3ccccc3)cn2c2c1CCCC2,0
CCCc1c(SC)nc2nc(C(=O)c3ccccc3)cn2c1CC,0
CCc1ccc2c(c1)c(OC)cc1nc(C(=O)c3ccccc3)cn12,0
COc1nc2nc(C(=O)c3ccccc3)cn2c2c1CCCC2,0
O=C(NCc1ccc(O)cc1)C(=O)c1c[nH]c2ccccc12,0
Nc1nccn1CC(=O)O,0
COc1ccc(-c2cc(-c3nc(C)no3)c(=O)n(C)c2-c2ccncc2)cc1,0
CCCc1cc(SC)nc2nc(C(=O)c3ccccc3)cn12,0
COc1cccc(-c2c[nH]n3c(=O)c(-c4ccsc4)cnc23)c1,0
C#Cc1ccc2c(c1)C(=O)N1CCCC1c1c(-c3nc(-c4ccccc4)no3)ncn1-2,0
CC(=O)Nc1cc(C(C)C)c(O)c(C(C)C)c1,0
O=C(NNc1ccc([N+](=O)[O-])cc1)C(=O)c1c[nH]c2ccc([N+](=O)[O-])cc12,0
N#[N+]c1cccc(C(=O)[O-])c1,0
C=CCCCn1ncc2c(N)c(C(=O)OCC=C)c(C)nc21,0
CCCCCCn1ncc2c(N)c(C(=O)OCC)c(C)nc21,0
O=C(NC1CCCCCC=CC2CC2(C(=O)O)NC(=O)C2CC(Oc3ccncc3)CN2C1=O)OC1CCCC1,0
Cc1c(C(=O)O)cc(-c2ccc(C3CCNCC3)cc2)c2ccc(-c3ccc(C(F)(F)F)cc3)cc12,0
COCCN(CCOC)c1nn2c(-c3ccc(OC)c(C)c3)nnc2c2ccccc12,0
Cc1cc2c(c(C#N)c1C)NC(=O)C=NC2C1CC1,0
O=C(c1ccccn1)N1Cc2c(-c3noc(C4CC4)n3)ncn2-c2ccccc21,0
O=C(c1ccc(OCCC2CCOCC2)cc1)C1CCC(Cn2nnc3ccccc3c2=O)C1C(=O)O,0
CC(C)(C)C(=O)Oc1ccc2c(c1)[nH]c1c2ncc2[nH]c3ccccc3c21,0
COc1ccc(C(=O)c2cn3c(cc(OC)c4ccccc43)n2)cc1,0
CC(=O)CC1(C)CCC2C(CCC3CC(O)CCC32C)C1,0
CCCN(CCC)C(=O)Cc1c(-c2ccc(Cl)cc2)nc2c(Br)cc(Br)cn12,0
C#Cc1ccc2c(c1)C(=O)N(C)Cc1c(C(=O)OCCCOC(=O)c3ncn4c3CN(C)C(=O)c3cc(C#C)ccc3-4)ncn1-2,0
O=C(NCc1ccc(Cl)cc1)C(=O)c1c[nH]c2ccc(Cl)cc12,0
O=C(NCc1ncc(C(F)(F)F)cc1Cl)c1ccc2c(c1)C1(CCS(=O)(=O)CC1)C(C1CC1)N2S(=O)(=O)c1ccc(F)cc1,0
Clc1ccc2nnc3c(-c4cccs4)cnn3c2c1,0
[O-][n+]1nc2c(-c3cnoc3)cnn2c2cc(Cl)ccc21,0
Cc1cc(NC(=O)c2cccc(S(F)(F)(F)(F)F)c2)cc(-n2ccn3nc(-c4cccnc4)cc23)c1,0
CC(C)(O)c1cncc(-c2nc3ccc(F)cc3n2C2CC2)c1,0
CC(c1ccc(F)cc1)N(Cc1ccc(Cl)c(C(=O)O)c1)C(=O)c1cnc2ccccc2c1,0
CC12CCC3CC(CCO)CCC3C1CCC2=O,0
CCOC(=O)c1ncc2[nH]c3ccc(OC)cc3c2c1COC,0
CNCc1ccccc1-c1csc(C(C)Nc2nc(C)nc3cc(OC)c(OC)cc23)c1,0
CC1=NC(C)=C(C#N)C(c2ccc3[nH]nc(C)c3c2)C1C#N,0
CCCN(CCC)C(=O)Cc1c(-c2ccc(Cl)cc2)nc2c(Cl)cc(C(F)(F)F)cn12,0
Cc1c(NC(=O)c2cc(C(N)=O)nc3cc(F)ccc23)c(C(F)(F)F)nn1Cc1ccc(C(C)(C)C)cc1,0
CN(C)CC#Cc1ccc(OCCCc2sc(N3CCc4cccc(C(=O)Nc5nc6ccccc6s5)c4C3)nc2C(=O)O)c(F)c1,0
CC(C)(C)OC(=O)Nc1cnn2c1n[n+]([O-])c1ccc(Cl)cc12,0
O=c1c(-c2ccco2)n[nH]c2nc3ccccc3n12,0
CN1CCN(C(=O)C(C)(C)c2ccc(C(=O)Nc3cn4cc(-c5ccncc5)ccc4n3)cc2)CC1,0
COc1cc(-c2cn(C3CCc4c(F)cccc4N(CC(F)(F)F)C3=O)nn2)ccc1-n1cnc(C)c1,0
CC(C)(O)C1CCC(NC(=O)c2cnc3cc(OC(F)F)ccc3c2)CC1,0
CCCCCn1ncc2c(N)c(C(=O)NCC3CC3)cnc21,0
CCCCCn1ncc2c(N)c(C(=O)OCc3ccccc3)c(C)nc21,0
CC1(C)COC(c2cn3c(n2)sc2ccccc23)=N1,0
Cc1n[nH]c(-c2cnn3c2n[n+]([O-])c2ccc(Cl)cc23)n1,0
O=c1oc2ccc(Cl)cc2c2nc(-c3ccc(Cl)cc3)nn12,0
C=CCCOC(=O)c1c(C)nc2c(cnn2CCCCC)c1N,0
O=c1cc(-c2ccc([N+](=O)[O-])cc2)oc2ccc([N+](=O)[O-])cc12,0
CSc1nn(-c2c(Cl)cc(C(F)(F)F)cc2Cl)c(N)c1-c1cccc(C(C)C)c1,0
NC1CC[PH](=O)(=O)C1,0
COc1cc(CN(C)C2C3C4CC5C6C4CC3C6C52)cc(OC)c1OC,0
CN(Cc1ccccc1)C1C2C3CC4C2C(=O)C2C4C3C21,0
CCOC(=O)c1ncc2[nH]c3ccccc3c2c1COC,0
O=C1NC2CCCCCC2N1c1nc2cc(Cl)ccc2o1,0
CCc1ccc2c(c1)c(OC)c(CC)c1nc(C(=O)c3ccccc3)cn12,0
O=c1c(-c2ccsc2)c[nH]c2c(-c3ccsc3)cnn12,0
NCc1cc(=O)[nH]o1,0
CCNc1c(C(=O)OCC)c(C)nc2c1cnn2CC,0
Cc1ccc(NNC(=O)C(=O)c2c[nH]c3ccccc23)cc1,0
CN(NC(=O)C(=O)c1cn(C)c2ccccc12)c1ccccc1,0
CC#CCNC(=O)c1cnc2c(cnn2CCCCC)c1N,0
O=C(NNc1ccc(Cl)cc1)C(=O)c1c[nH]c2ccccc12,0
C=CCCn1ncc2c(N)c(C(=O)NCC=C)cnc21,0
O=c1c(-c2ccsc2)c[nH]c2c(-c3ccc4ccccc4c3)cnn12,0
CCOc1cc(OCC)c(-c2nnc3c4ccccc4c(N4CCCC4)nn23)cc1OCC,0
COc1cccc(OC)c1OC(=O)C(CCSC)N1CCCCC1,0
COc1ccc(CN(C)C2C3C4CC5C6C4CC3C6C52)cc1OC,0
CC(=O)Nc1ccc(-c2nnc3c4ccccc4c(N4CCCC4)nn23)cc1,0
O=C(NNc1ccccc1)C(=O)c1c[nH]c2ccc(Cl)cc12,0
CCOC(=O)c1c(C)nc2c(c1N)c1ccccc1n2C,0
CCN(CC)CCOC(=O)c1ccccc1-c1ccccc1,0
O=C(NNc1ccc(F)cc1)C(=O)c1c[nH]c2ccccc12,0
COc1ccc2c(c1)oc(=O)n1nc(-c3ccccc3F)nc21,0
Cc1ccc(NNC(=O)C(=O)c2c[nH]c3ccc([N+](=O)[O-])cc23)cc1,0
OCCNc1ncnc2c1ncn2Cc1ccccc1,0
CC1CCc2nc3c(c(N)c2C1=O)c1ccccc1n3C,0
O=C(Nc1cccnn1)N1CCC(=Cc2cccc(Oc3ccc(C(F)(F)F)cn3)c2)CC1,0
C=CCN(CC=C)C(=O)c1cnc2c(cnn2CCCCC)c1N,0
O=C(NNc1ccc(O)cc1)C(=O)c1c[nH]c2ccccc12,0
COc1ccc(NNC(=O)C(=O)c2c[nH]c3ccc([N+](=O)[O-])cc23)cc1,0
Cc1nc(N2CCC(O)C2)ncc1-c1cc(C(F)(F)F)cc2[nH]ncc12,0
COc1ccc(NC(=O)C(=O)c2c[nH]c3ccc([N+](=O)[O-])cc23)cc1,0
Cc1ccc(-c2cnc(C3(O)CCC(C(=O)O)C(C)(C)C3)s2)cc1Nc1cccc(C(F)(F)F)n1,0
COCCOc1nc(-c2ccc(Cl)nc2)nc2c1CN(C(=O)c1ncn3ccccc13)CC2,0
COc1ccc(OC)c(CN(C(C)=O)c2cc(F)ccc2Oc2ccccc2)c1,0
COc1cc(-c2c(SC)nn(-c3c(Cl)cc(C(F)(F)F)cc3Cl)c2N)cc(OC)c1OC,0
N#Cc1nn(-c2c(Cl)cc(C(F)(F)F)cc2Cl)c(N)c1[S+]([O-])C(F)(F)F,0
O=[N+]([O-])C1=Cc2cc(I)ccc2OC1C(F)(F)F,0
On1cc(C2CCNCC2)cn1,0
On1cc(C2CCNCC2)c(-c2cn(Cc3ccccc3)c(-c3ccccc3)n2)n1,0
CN(C)C1CCN(c2cc(-c3ccccc3)nc3ccnn23)C1,0
O=C(NNS(=O)(=O)c1ccccc1F)c1cc(F)cc(-c2ccccn2)c1,0
N#[N+]c1cccc2cccc(S(=O)(=O)[O-])c12,0
C=CCNC(=O)c1cnc2c(cnn2CCC#CC)c1N,0
COc1ccc(CNC(=O)C(=O)c2c[nH]c3ccc(Cl)cc23)cc1OC,0
O=c1oc2cc(Cl)ccc2c2nc(-c3ccccc3F)nn12,0
COCc1ncn2c1CN(C)C(=O)c1cc(Cl)ccc1-2,0
Nc1nn2c(-c3ccccc3)nnc2c2ccccc12,0
C=CCC1(c2cccc(C3(C(F)(F)F)N=N3)c2)C(=O)NC(=O)N(C)C1=O,0
CC#CCCn1ncc2c(N)c(C(=O)NCC3CC3)cnc21,0
O=c1c2cnc3cccc(O)c3c2[nH]n1-c1ccccc1,0
CNC(=O)Nc1ccc2c(c1)C1(CC2)OC(=O)N(CC(=O)N(Cc2ccc(F)cc2)C(C)C(F)(F)F)C1=O,0
N#Cc1ccc(Nc2ccc3[nH]c(=O)[nH]c3c2)c(Cl)c1,0
CNC(=O)c1cc(C(=O)NC2C3COCC32)cc2c1OC(CF)C2c1ccccc1,0
O=C(N1CCOCC1)N1Cc2c(-c3noc(C4CC4)n3)ncn2-c2ccc(Cl)cc21,0
c1ccc(-c2ccc(-c3nnc4c5ccccc5c(N5CCCC5)nn34)cc2)cc1,0
CN(C1CCc2c(CC(=O)O)c3cc(S(C)(=O)=O)ccc3n2C1)S(=O)(=O)c1ccc(F)cc1,0
O=c1nc(-c2ccccn2)sc2ccccc12,0
Cc1nc(Cc2cccc(C(F)(F)F)c2)sc1-c1ccc(C(N)=O)nc1,0
CSc1nc2nc(C(=O)c3ccccc3)cn2c2c1CCC2,0
O=C(NCCc1ccc(O)c(O)c1)C(=O)c1c[nH]c2ccccc12,0
CCCCCOc1ccc(-c2nnc3c4ccccc4c(N4CCCC4)nn23)cc1OC,0
O=C(Nc1cccnn1)N1CC(CC=Cc2cncc(Oc3ccc(C(F)(F)F)cn3)n2)C1,0
COc1cc2nc(C(=O)c3cccs3)cn2c2ccccc12,0
Cc1c(NC(=O)c2cc(C(N)=O)nc3cc(F)ccc23)c(C(F)(F)F)nn1Cc1ccc(C#N)cc1,0
O=C(NNc1ccc([N+](=O)[O-])cc1)C(=O)c1c[nH]c2ccccc12,0
Cc1cc(Nc2nccc(C)n2)cc(-c2cnc(C3(O)CCC(C(=O)O)C(C)(C)C3)s2)c1,0
CC(=O)N1CCC(c2ccc(C(=O)N=C(N)N)cc2C(F)(F)F)CC1,0
CCNC(=O)c1cc2c(N3CCOCC3C)ccnc2n1C,0
NS(=O)(=O)c1cc(NC(=O)C2(c3ccccc3Cl)CC2)ccc1Oc1cccc(Cl)c1,0
CSc1nn(-c2c(Cl)cc(C(F)(F)F)cc2Cl)c(N)c1-c1cccc(Cl)c1,0
CCOC(=O)CNC(=O)C(=O)c1c[nH]c2ccc(Br)cc12,0
C=C(C)COC(=O)c1c(C)nc2c(cnn2CCCCC)c1N,0
CCOc1c(Br)cc(Br)cc1-c1nnc2c3ccccc3c(N3CCCC3)nn12,0
CNC1Cc2cccc3[nH]c(=O)n(c23)C1,0
COc1ccc(CNC(=O)C(=O)c2c[nH]c3ccc([N+](=O)[O-])cc23)cc1OC,0
CSc1nn(-c2c(Cl)cc(C(F)(F)F)cc2Cl)c(N)c1-c1cc(C(F)(F)F)cc(C(F)(F)F)c1,0
CC(C)c1cc(CN(C)C)cc(C(C)C)c1O,0
CSc1nn(-c2c(Cl)cc(C(F)(F)F)cc2Cl)c(N)c1-c1ccsc1,0
CCCCc1c(OC)nc2nc(C(=O)c3ccccc3)cn2c1C,0
O=C(Nc1cccc(Cl)c1)c1cn2c(n1)sc1ccccc12,0
CSc1nn(-c2c(Cl)cc(C(F)(F)F)cc2Cl)c(N)c1-c1ccccn1,0
COC(=O)CC(C(=O)Oc1c(OC)cc(C)cc1OC)N1CCCCC1,0
Cc1cnc(-c2cc(Cl)ccc2F)cc1-n1c(=O)n(CC(N)=O)c2ccccc21,0
CCOC(=O)c1cc2c3cc(OCc4ccccc4)ccc3n(C)c2cn1,0
CC(C)(C)OC(=O)c1ncn2c1CN(C(=O)N1CCN(C(C)(C)C)CC1)c1cc(Cl)ccc1-2,0
Clc1ccc2c(c1)C(c1ccccc1)=NCc1[nH]nnc1-2,0
Fc1ccc2c(c1)[nH]c1c2ncc2[nH]c3ccccc3c21,0
COS(=O)(=O)c1cc(C(C)C)c(O)c(C(C)C)c1,0
C#CCN(C)C(=O)c1cnc2c(cnn2CCCCC)c1N,0
CC(NC(=O)Nc1cc2[nH]ncc2c(CO)n1)c1ccccn1,0
O=C1C=Cc2ccc3c(c2C1=O)CCCC3,0
CCCn1ncc2c(N)c(C(=O)OCC)c(C)nc21,0
CN(C)C(=O)Cc1c(-c2ccc(F)cc2)nc2ccc(F)cn12,0
Cc1ccc2nc(-c3ccc(F)cc3)c(CC(=O)N(C)C)n2c1,0
N#[N+]c1nc(CC(=O)[O-])c[nH]1,0
CCNc1cc2c(cn1)[nH]c1ccccc12,0
C=CCc1c(OC)nc2nc(C(=O)c3ccccc3)cn2c1CC,0
CC(C)C(NC(=O)C(=O)c1c[nH]c2ccc([N+](=O)[O-])cc12)C(=O)O,0
NCC(CC(=O)O)c1cc(Cl)cs1,0
Cc1cc(C)c(C(=O)OC2CCN(C)CC2)cc1C,0
Cc1cccc(NNC(=O)C(=O)c2c[nH]c3ccc([N+](=O)[O-])cc23)c1,0
CCCCCn1ncc2c(N)c(C(=O)N(C)CCC)cnc21,0
CCCCCn1ncc2c(N)c(C(=O)OCCC)c(C)nc21,0
CC(C)c1cc(Cl)cc(C(C)C)c1O,0
Cc1nc2c(c(N)c1C(=O)O)c1ccccc1n2C,0
CCOc1nc2nc(C(=O)c3ccccc3)cn2c2c1CCCC2,0
COc1ccc(CCNC(=O)C(=O)c2c[nH]c3ccccc23)cc1,0
CC1=NS(=O)(=O)c2c(CN)cccc2N1,0
Cn1c2c(c3c(N)c4c(nc31)CCCC4=O)CCCC2,0
O=C(NCc1ccc(O)cc1)C(=O)c1c[nH]c2ccc(Cl)cc12,0
CC1=NC(C)=C(C#N)C(c2ccc3c(c2)c(NC(=O)c2ccccc2C)nn3C)C1C#N,0
COc1ccc(-c2n[nH]c3nc4ccccc4n3c2=O)cc1,0
O=C(Nc1ccccc1)C(=O)c1c[nH]c2ccc([N+](=O)[O-])cc12,0
CN1C(=O)Nc2cccc(CN)c2S1(=O)=O,0
O=[N+]([O-])c1cc(-c2nnc3c4ccccc4c(N4CCCC4)nn23)ccc1Cl,0
COC(=O)CC(C(=O)Oc1c(OC)cccc1OC)N1CCCCCC1,0
CCOC(=O)c1c(C)nc2c(cnn2CCC(C)CC)c1N,0
C=CCOC(=O)c1cnc2c(cnn2CCC(C)C)c1N,0
C=CCNC(=O)c1cnc2c(cnn2CCCCC)c1NCCCC,0
CCCCCn1ncc2c(N)c(C(=O)Nc3ccccc3)cnc21,0
O=S(=O)(c1ccccc1)N1CCCC(c2ccc(-c3ccc4ccccc4c3)cc2)=N1,0
CCCCCn1ncc2c(N)c(C(=O)N(CC)CC)cnc21,0
CC(NC(=O)C(=O)c1c[nH]c2ccccc12)c1ccccc1,0
COc1ccc(-c2nnc3c4ccccc4c(N4CCCC4)nn23)cc1,0
Cn1c(-c2ccccn2)c(C2CCCC2)c2ccc(C(=O)NC3(C(=O)Nc4ccc(C=CC(=O)O)cc4)CCC3)cc21,0
CN(CCCc1cccc(F)c1)C1C2C3CC4C5C3CC2C5C41,0
CCOC(=O)C(C)NC(=O)C(=O)c1c[nH]c2ccc(Br)cc12,0
O=C(NCc1ccccc1Cl)C(=O)c1c[nH]c2ccccc12,0
CN(C)C1Cc2cccc3[nH]c(=O)n(c23)C1,0
Cc1nnc2ccc(-c3cccc(F)c3)nn12,0
N#[N+]c1ncc(CC(=O)[O-])s1,0
COc1ccc(CNC(=O)C(=O)c2c[nH]c3ccccc23)cc1,0
O=CNc1cc2c(cn1)[nH]c1ccccc12,0
CCc1ccc2c(c1)c(OC)c(C)c1nc(C(=O)c3ccccc3)cn12,0
COc1cccc(CNC(=O)C(=O)c2c[nH]c3ccc([N+](=O)[O-])cc23)c1,0
O=C(Nc1nccs1)c1cn2c(n1)sc1ccccc12,0
CN(C)c1nn2c(-c3ccccc3)nnc2c2ccccc12,0
O=C(NCc1ccccc1Cl)C(=O)c1c[nH]c2ccc([N+](=O)[O-])cc12,0
COCCN(CCOC)c1nn2c(-c3ccccc3)nnc2c2ccccc12,0
c1ccc(-c2nnc3c4ccccc4c(N4CCOCC4)nn23)cc1,0
CCCNC1Cc2cccc3[nH]c(=O)n(c23)C1,0
O=C(NNc1ccc(Cl)cc1)C(=O)c1c[nH]c2ccc([N+](=O)[O-])cc12,0
NCCc1no[nH]c1=O,0
CCCCCn1ncc2c(N)c(C(=O)N3CCC3)cnc21,0
COc1cc(C)cc(OC)c1OC(=O)C(CCSC)N1CCCC1,0
COc1ccc(CNC(=O)C(=O)c2c[nH]c3ccccc23)cc1OC,0
O=C(NCc1ccc(Cl)cc1)C(=O)c1c[nH]c2ccc([N+](=O)[O-])cc12,0
On1cc(C2CCNCC2)c(-c2cccc(-c3ccccc3)c2)n1,0
On1cc(C2CCNCC2)c(-c2c[nH]cn2)n1,0
CC(C)c1cc(I)cc(C(C)C)c1O,0
COc1ccc2[nH]c3c(ncc4[nH]c5ccccc5c43)c2c1,0
O=C(NNc1ccc(F)cc1)C(=O)c1c[nH]c2ccc(Cl)cc12,0
Cn1cc(C(=O)C(=O)NCCc2ccc(O)c(O)c2)c2ccccc21,0
O=C(NCCCc1ccccc1)C(=O)c1c[nH]c2ccc(Cl)cc12,0
CN(CCc1ccccn1)C1C2C3CC4C2C(=O)C2C4C3C21,0
CN(Cc1cccc(F)c1)C1C2C3CC4C2C(=O)C2C4C3C21,0
CCOC(=O)c1cc2c(cn1)[nH]c1ccccc12,0
On1ncc(C2CCNCC2)c1-c1c[nH]c(-c2ccccc2)n1,0
O=C(N1CCCC1)N1Cc2c(-c3noc(C4CC4)n3)ncn2-c2ccc(F)cc21,0
CS(=O)(=O)Nc1cc2c(cn1)[nH]c1ccccc12,0
CCCCCn1ncc2c(N)c(C(=O)NC3CC3)cnc21,0
CCCCCn1ncc2c(=O)c(C(=O)OCC)c(C)[nH]c21,0
COc1cccc(CCNC(=O)C(=O)c2c[nH]c3ccccc23)c1,0
COc1nc2nc(C(=O)c3ccccc3)cn2c2c1CSC2,0
O=C(O)C1CCCN(CCOCCc2cccc(N=Nc3cccc4ccccc34)c2)C1,0
O=C(NNc1ccc(F)cc1)C(=O)c1c[nH]c2ccc([N+](=O)[O-])cc12,0
Cc1cccc(NNC(=O)C(=O)c2c[nH]c3ccc(Cl)cc23)c1,0
O=c1c2cnc3cc(OCc4ccccc4)ccc3c2[nH]n1-c1ccccc1,0
O=C(NCCc1ccc(O)cc1)C(=O)c1c[nH]c2ccc(Cl)cc12,0
CC[PH](=O)(=O)C1=CCC(N)C1,0
COc1ccc(OCI)c(CN(C(C)=O)c2cc(F)ccc2Oc2ccccc2)c1,0
O=C(N1Cc2c(-c3noc(C4CC4)n3)ncn2-c2ccccc21)C(F)(F)F,0
CC(C)c1cc(N(C)C)cc(C(C)C)c1O,0
CCN(CC)CC(=O)Oc1c(C(C)C)cccc1C(C)C,0
O=C(NCc1ccc(O)c(O)c1)C(=O)c1c[nH]c2ccccc12,0
O=C(NC1CCc2ccccc21)C(=O)c1c[nH]c2ccc([N+](=O)[O-])cc12,0
O=C(O)CCc1c[nH]cn1,0
C[PH](=O)(=O)CCCN,0
CCCC[PH](=O)(=O)CCCN,0
CN1C(=O)CN=C(c2ccccc2F)c2ccccc21,0
COc1ccc(NC(=O)C(=O)c2c[nH]c3ccc(Cl)cc23)cc1,0
Cn1c2ccccc2c2c(N)c3c(nc21)CCCC3,0
CC1CCc2nc3sc4c(c3c(N)c2C1=O)CCCC4,0
O=c1c2cnc3c(OCc4ccccc4)cccc3c2[nH]n1-c1ccccc1,0
N=C(N)SCCC(=O)O,0
CC(C)c1cccc(C(C)C)c1OC(=O)CN1CCOCC1,0
C#CCN(CC#C)C(=O)c1cnc2c(cnn2CCCCC)c1N,0
Clc1ccc2c(c1)C(c1ccccc1Cl)=NCc1[nH]nnc1-2,0
CC(C)c1cc(C(=O)c2ccccc2)cc(C(C)C)c1O,0
CC(NC(=O)C(=O)c1c[nH]c2ccc(Cl)cc12)C(=O)O,0
CC(C)c1cc(C=O)cc(C(C)C)c1O,0
c1ccc(Cn2cnc3cncnc32)cc1,0
COc1ccc(CNC(=O)C(=O)c2c[nH]c3ccc(Cl)cc23)cc1,0
O=C(NCc1cccc(O)c1)C(=O)c1c[nH]c2ccc([N+](=O)[O-])cc12,0
Clc1cccc2c1[nH]c1c2ncc2[nH]c3ccccc3c21,0
CC(C)c1cccc(C(C)C)c1OC(=O)c1ccccc1,0
CCOC(=O)c1ncc2c(c1COC)c1cc(OCc3ccccc3)ccc1n2C,0
COCCN(CCOC)c1nn2c(-c3ccc(OC(C)C)cc3)nnc2c2ccccc12,0
NCC(CC(=O)O)c1ccsc1,0
CN(C)C(=O)N1Cc2c(C(=O)OC(C)(C)C)ncn2-c2ccc(Cl)cc21,0
CC(=O)N1c2ccccc2-n2cnc(-c3noc(C4CC4)n3)c2C1(C)C,0
CC(=O)Nc1c(F)cc(C(=O)NC2CCC(O)CC2)cc1OC(C)c1ccccc1,0
CN(CCc1ccccn1)C1C2C3CC4C5C3CC2C5C41,0
CN(Cc1cccc(F)c1)C1C2C3CC4C5C3CC2C5C41,0
O=C(NNc1ccccc1)C(=O)c1c[nH]c2ccc([N+](=O)[O-])cc12,0
Nc1c2c(nc3sc4c(c13)CCCCC4)CCCC2=O,0
CC1=NS(=O)(=O)c2ccc(CN(C)C)cc2N1,0
CCCN(CCC)C(=O)Cc1c(-c2ccc(Cl)cc2)nc2c(Cl)cc(Cl)cn12,0
O=C(NC1N=C(c2ccccc2)c2ccccc2NC1=O)c1cc2ccccc2[nH]1,0
COc1ccc(-c2nnc3c4ccccc4c(N4CCCC4)nn23)cc1OC,0
C=CCOC(=O)c1c(C)nc2c(cnn2CC=C(C)C)c1N,0
CCOC(=O)c1c(C)nc2c(c(C)nn2CC)c1N,0
N=c1ccc(-c2cccc(O)c2)nn1CCCC(=O)O,0
Nc1cnn2c1n[n+]([O-])c1ccc(Cl)cc12,0
Nc1nc(CC(=O)O)cs1,0
Cn1cnc(-c2cnn3c2n[n+]([O-])c2ccc(Cl)cc23)n1,0
O=c1[nH]oc(C2CCNCC2)c1Cc1c2ccccc2cc2ccccc12,0
O=Cc1cc2c(cn1)[nH]c1ccccc12,0
CSc1nn(-c2c(Cl)cc(C(F)(F)F)cc2Cl)c(N)c1-c1ccncc1,0
CNC(=O)N1Cc2c(-c3noc(C4CC4)n3)ncn2-c2ccccc21,0
c1ccc(Cn2cnc3c(NC4CC4)ncnc32)cc1,0
C=CCN(C)C(=O)c1cnc2c(cnn2CCC#CC)c1N,0
Cc1cccc(-c2c[nH]n3c(=O)c(-c4ccsc4)cnc23)c1,0
CCCN(CCC)C(=O)Cc1c(-c2ccccc2)nc2c(Br)cc(C)cn12,0
CCc1nc(-c2ncn3c2CN(C(=O)N2CCCC2)c2ccccc2-3)no1,0
CN(NC(=O)C(=O)c1c[nH]c2ccc(Cl)cc12)c1ccccc1,0
CCCCCn1ncc2c(N)c(C(=O)OCC)cnc21,0
COCCN(CCOC)c1nn2c(-c3ccc(Cl)cc3)nnc2c2ccccc12,0
COC(=O)c1ncn2c1CN(C)C(=O)c1ccccc1-2,0
CC(C)(C)OC(=O)N1CCCC1CNC1CCC(c2cc(F)ccc2F)(S(=O)(=O)c2ccc(Cl)cc2)CC1,0
O=C(NCCc1ccc(O)c(O)c1)C(=O)c1c[nH]c2ccc([N+](=O)[O-])cc12,0
CC(=O)C1=C(C)N(c2cccc(C(F)(F)F)c2)C(=O)NC1c1ccc(C#N)nc1,0
CC(NC(=O)Nc1cc2[nH]ncc2c(CO)n1)c1ccccc1,0
CCc1ccccc1C(=O)Nc1[nH]nc2c(C)c(F)c(C3C(C#N)=C(C)N(C)C(C)=C3C#N)cc12,0
O=C(Sc1ccccc1)N1Cc2c(-c3noc(C4CC4)n3)ncn2-c2ccccc21,0
[N-]=[N+]=C1C=C(S(=O)(=O)O)C=CC1=O,0
C1C2C3CC4C2C(NCC25C6C7C8C6C2C8C75)C2C1C3C42,0
CSc1nn(-c2c(Cl)cc(C(F)(F)F)cc2Cl)c(N)c1I,0
[3H]C([3H])([3H])Sc1nn(-c2c(Cl)cc(C(F)(F)F)cc2Cl)c(N)c1C#N,0
O=C(NCc1ccc(O)cc1)C(=O)c1c[nH]c2ccc([N+](=O)[O-])cc12,0
N=c1ccc(-c2cccc(Cl)c2)nn1CCCC(=O)O,0
O=C(N1CCCC1)N1Cc2c(-c3noc(C4CC4)n3)ncn2-c2ccc(Cl)cc21,0
O=C(c1ccccc1)N1Cc2c(-c3noc(C4CC4)n3)ncn2-c2ccccc21,0
NOCC(=O)O,0
O=C(NCc1ccc(Cl)cc1)C(=O)c1c[nH]c2ccccc12,0
CCSC(=O)N1Cc2c(-c3noc(C4CC4)n3)ncn2-c2ccccc21,0
CC(C)c1nc(-c2ncn3c2CN(C(=O)N2CCCC2)c2ccccc2-3)no1,0
N=c1ccc(-c2ccc(O)cc2)nn1CCCC(=O)O,0
On1ncc(C2CCNCC2)c1-c1cn(Cc2ccccc2)c(Cl)n1,0
COC(=O)c1cc2c(cn1)[nH]c1ccccc12,0
Cc1c(CN)o[nH]c1=O,0
COc1ccc(-c2ccc(=N)n(CCCC(=O)O)n2)cc1,0
N=c1ccc(-c2ccccc2)nn1CCCC(=O)O,0
N=c1ccc(-c2cccc([N+](=O)[O-])c2)nn1CCCC(=O)O,0
Cc1ccc(NC(=O)C2=CCC(N)C2)cc1,0
CCOC(=O)C(Cc1c[nH]c2ccccc12)NC(=O)C(=O)c1c[nH]c2ccc(Br)cc12,0
Nc1cc2c(cn1)[nH]c1ccccc12,0
Cc1ccc2[nH]c(CNCCCOc3ccccc3)cc(=O)c2c1,0
FC(F)(F)c1cc(Cl)c(-n2cc(C3(C(F)(F)F)N=N3)cn2)c(Cl)c1,0
CSc1ccccc1-c1c(SC)nn(-c2c(Cl)cc(C(F)(F)F)cc2Cl)c1N,0
CSc1nn(-c2c(Cl)cc(C(F)(F)F)cc2Cl)c(N)c1-c1ccccc1F,0
CSc1nc2nc(C(=O)c3ccccc3)cn2c2c1CCC(C)C2,0
CCOc1nc2nc(C(=O)c3ccccc3)cn2c2c1CSCC2,0
C=CCc1c(SC)nc2nc(C(=O)c3ccccc3)cn2c1C,0
O=C1OCCC12CC2,0
CSc1nn(-c2c(Cl)cc(C(F)(F)F)cc2Cl)c(N)c1-c1cnccn1,0
CSc1nn(-c2c(Cl)cc(C(F)(F)F)cc2Cl)c(N)c1C(=O)O,0
CSc1nn(-c2c(Cl)cc(C(F)(F)F)cc2Cl)c(N)c1-c1ccc(Cl)s1,0
O=C(NCc1cccc(Cl)c1)C(=O)c1c[nH]c2ccc([N+](=O)[O-])cc12,0
Cc1cc2c(c(C#N)c1C)NC(=O)C=NC2c1ccccc1,0
C[PH](=O)(=O)C1=CCC(N)C1,0
N#[N+]C1N=CC[N-]1,0
COc1cc2nc(C(=O)c3ccc(Cl)cc3)cn2c2ccccc12,0
O=c1cc(-c2ccccc2[N+](=O)[O-])oc2ccc(Br)cc12,0
[O-][S+](c1cnn(-c2c(Cl)cc(C(F)(F)F)cc2Cl)c1)C(F)(F)F,0
COc1cc2nc(C(=O)c3ccccc3)cn2c2ccc(C(C)C)cc12,0
C[PH](=O)(=O)CC(O)CN,0
COc1cc2nc(C(=O)c3ccc(C)cc3)cn2c2ccccc12,0
CCN1C(=O)N(c2c(F)c(OC)cc(OC)c2F)Cc2cnc3[nH]c(CN4CCOCC4)cc3c21,0
CCOC(=O)c1c(SC)nn(-c2c(Cl)cc(C(F)(F)F)cc2Cl)c1N,0
O=c1cc(-c2ccc([N+](=O)[O-])cc2)oc2ccc(Br)cc12,0
C=C(C)c1cc2ccc3c(c2c(O)c1O)CCC=C3C,0
On1ncc(C2CCNCC2)c1-c1c[nH]cn1,0
O=C(O)C1CC=NCC1,0
CCSc1ccc(-c2ccccn2)c2c1C(=O)CCC2,0
COC(=O)c1cccc(C(C)C)c1O,0
O=C(O)c1cc2c(cn1)[nH]c1ccccc12,0
CN(C)C(=O)N1c2ccccc2-n2cnc(-c3noc(C4CC4)n3)c2C1(C)C,0
O=C(NCc1ccccc1Cl)C(=O)c1c[nH]c2ccc(Cl)cc12,0
COc1nc2nc(C(=O)c3ccccc3)cn2c2c1CCCCC2,0
Fc1ccccc1C1=NCc2[nH]nnc2-c2ccc(Cl)cc21,0
CSc1nn(-c2c(Cl)cc(C(F)(F)F)cc2Cl)c(N)c1-c1ccc(C(C)C)cc1,0
CSc1cc(C)n2cc(C(=O)c3ccccc3)nc2n1,0
O=c1c(-c2ccsc2)c[nH]c2c(-c3cccnc3)cnn12,0
CC#CCCn1ncc2c(N)c(C(=O)OCC3CC3)c(C)nc21,0
CN(NC(=O)C(=O)c1cn(C)c2ccc([N+](=O)[O-])cc12)c1ccccc1,0
CN1C(=O)Nc2cc(CN)ccc2S1(=O)=O,0
Clc1ccccc1C1=NCc2[nH]nnc2-c2ccccc21,0
CN(C)c1ccc(-c2nnc3c4ccccc4c(N4CCCC4)nn23)cc1,0
CCCCCn1ncc2c(N)c(C(=O)N(C)C)cnc21,0
COc1cccc(-c2c(SC)nn(-c3c(Cl)cc(C(F)(F)F)cc3Cl)c2N)c1,0
O=c1c(-c2ccc(O)cc2)n[nH]c2nc3ccccc3n12,0
CSc1nn(-c2c(Cl)cc(C(F)(F)F)cc2Cl)c(N)c1-c1cc(C)cs1,0
CC(C)c1cccc(C(=O)O)c1O,0
CSc1nn(-c2c(Cl)cc(C(F)(F)F)cc2Cl)c(N)c1-c1ccc(C)cc1,0
C=CCOC(=O)c1c(C)nc2c(cnn2CCCCC)c1N,0
C#CCNC(=O)c1cnc2c(cnn2CCCCC)c1N,0
CSc1nn(-c2c(Cl)cc(C(F)(F)F)cc2Cl)c(N)c1-c1cccc(C(C)(C)C)c1,0
CSc1cc(N)n(-c2c(Cl)cc(C(F)(F)F)cc2Cl)n1,0
C#Cc1ccc2c(c1)C(=O)N(C)Cc1c(C(=O)OCC)ncn1-2,0
O=C(NCc1ccc(O)c(O)c1)C(=O)c1c[nH]c2ccc([N+](=O)[O-])cc12,0
COCCN(CCOC)c1nn2c(-c3ccc(F)cc3)nnc2c2ccccc12,0
NCC(CC(=O)O)c1ccco1,0
O=c1[nH]oc(C2CCNCC2)c1CCc1ccc2ccccc2c1,0
CC(C)(C)OC(=O)c1ncn2c1C1CCC(=O)N1c1ccccc1-2,0
COC(=O)c1cc2c(cn1)[nH]c1ccc(NCc3ccccc3)cc12,0
CCCCCn1ncc2c(N)c(C(=O)OCCCC)c(C)nc21,0
CC#CCCn1ncc2c(N)c(C(=O)N(C)CCC)cnc21,0
C=CCNC(=O)c1c[n+]([O-])c2c(cnn2CCCCC)c1N,0
CCCNc1c(C(=O)OCC)c(C)nc2c1cnn2CC,0
CCCCCn1ncc2c(N)c(C(=O)NC)cnc21,0
CNc1nn2c(-c3ccccc3)nnc2c2ccccc12,0
Nc1ncc[nH]1,0
CCCCc1c(OC)nc2nc(C(=O)c3ccccc3)cn2c1CC,0
Cn1cc(Cl)c2c(Oc3c(F)cc(Nc4cc(Cl)nc(N)n4)cc3F)ccnc21,0
Cc1nnc2ccc(-c3cccc(Cl)c3)nn12,0
CN1C(=O)C(NC(=O)c2cc3ccccc3n2C)N=C(c2ccccc2)c2ccccc21,0
CNC1Cc2cccc3ncn(c23)C1,0
COc1ccc(CNC(=O)C(=O)c2cn(C)c3ccccc23)cc1OC,0
O=C(c1ccco1)N1Cc2c(-c3noc(C4CC4)n3)ncn2-c2ccccc21,0
COC(=O)N1c2ccccc2-n2cnc(-c3noc(C4CC4)n3)c2C1(C)C,0
CC1CC(=O)c2c(SCc3ncn(C)n3)ccc(-c3nccs3)c2C1,0
C#Cc1c(SC)nn(-c2c(Cl)cc(C(F)(F)F)cc2Cl)c1N,0
CCSc1ccc(-c2ncco2)c2c1C(=O)CC(C)C2,0
Cc1cc(Cl)cc2nc(N3CCCN(C)CC3)oc12,0
CCCCCn1ncc2c(N)c(C(=O)O)c(C)nc21,0
CN(C)c1ccc(-c2nnc3c4ccccc4c(N4CCCC4)nn23)c(Cl)c1,0
CC(=O)C1CCC2C3CCC4CC(O)CCC4(C)C3C(=O)CC12C,0
CC1(C)c2c(-c3noc(C4CC4)n3)ncn2-c2ccccc2N1C(N)=O,0
[O-][n+]1nc2c(-n3cccc3)cnn2c2cc(Cl)ccc21,0
Fc1cccc2c1[nH]c1c2ncc2[nH]c3ccccc3c21,0
Cc1cc(-n2nc(Cc3cc(F)cc(C(F)(F)F)c3)nc2C)ccc1C(N)=O,0
CC1=C(C#N)C(c2ccc3[nH]nc(C)c3c2)C(C#N)C(c2ccc(Cl)cc2)=N1,0
Cn1c(-c2csc(C3CCN(CC4=NC5C=CC=NC5N4)CC3)n2)nc2ccccc21,0
NC(=O)c1cc2c(cn1)sc1ccccc12,0
CN(C)C(=O)Cn1cc(-c2nc(C(C)(c3ccc(-c4cnc(N)nc4)cc3)C3CC3)no2)cn1,0
CN(c1ccnc(CNc2nc(Nc3ccc4[nH]c(O)cc4c3)ncc2C(F)(F)F)n1)S(C)(=O)=O,0
CC1(Cc2ccc(C#N)cc2)C(=O)N(c2cc(Cl)cc(Cl)c2)c2ncc(C(=O)NC3(c4nc(C5CCC5)no4)CC3)n21,0
CCOC(=O)c1cn2c(n1)sc1ccccc12,0
CCCCCn1ncc2c(N)c(C(N)=O)cnc21,0
C=CCN(C)C(=O)c1cnc2c(cnn2CCCCC)c1N,0
NC(=O)c1ccc(-c2nnc3c4ccccc4c(N4CCCC4)nn23)cc1,0
C=CCOC(=O)c1c(C)nc2c(cnn2CCCC)c1N,0
C=Cc1cccc2cc(C(=C)C)c(O)c(O)c12,0
O=c1oc2ccccc2c2c1nnn2-c1ccccc1,0
COCCN(CCOC)c1nn2c(-c3cccc(C)c3)nnc2c2ccccc12,0
O=c1c2cnc3ccc(OCc4ccccc4)cc3c2[nH]n1-c1ccc(Cl)cc1,0
CNC(=O)N1c2ccccc2-n2cnc(-c3noc(C4CC4)n3)c2C1(C)C,0
CC(C)OC(=O)N1Cc2c(-c3noc(C4CC4)n3)ncn2-c2ccccc21,0
O=C(N1CCOCC1)N1Cc2c(-c3noc(C4CC4)n3)ncn2-c2cccc(F)c21,0
CN1C(=O)CCC1c1cccnc1,0
COc1cc(OC)c(-c2nnc3c4ccccc4c(N4CCCC4)nn23)cc1OC,0
CC(=O)c1c(NS(C)(=O)=O)c2cc(-c3ccc(Cl)cc3)c(-c3ccc(Cl)cc3Cl)nc2n(C)c1=O,0
CSc1ccc(-c2ccccn2)c2c1C(=O)CC(C)(C)C2,0
COCCN(CCOC)c1nn2c(-c3cccc(Cl)c3)nnc2c2ccccc12,0
CC1=NS(=O)(=O)c2ccc(CN)cc2N1,0
O=C(N1CCCC1)N1Cc2c(-c3noc(C4CC4)n3)ncn2-c2cccc(F)c21,0
COCCC(C(=O)Oc1c(OC)cccc1OC)N1CCCOCC1,0
CCCCc1ccc2c(c1)c(OC)cc1nc(C(=O)c3ccccc3)cn12,0
O=CNC(=O)c1cnn2c1n[n+]([O-])c1ccc(Cl)cc12,0
CN(Cc1cccnc1)C1C2C3CC4C2C(=O)C2C4C3C21,0
C1CCC(CNC2C3C4CC5C6C4CC3C6C52)CC1,0
On1cc(C2CCNCC2)c(-c2cn(Cc3ccccc3)cn2)n1,0
CN(CCCc1cccc(F)c1)C1C2C3CC4C2C(=O)C2C4C3C21,0
CN(CCc1ccccc1)C1C2C3CC4C5C3CC2C5C41,0
COc1cccc(CNC(=O)C(=O)c2c[nH]c3ccc(Cl)cc23)c1,0
CCCOC(=O)c1cn2c(n1)sc1ccccc12,0
O=S(=O)(NC1CCC(c2cc(F)ccc2F)(S(=O)(=O)c2ccc(Cl)cc2)CC1)C(F)(F)F,0
CCOC(=O)c1cnn2c1n[n+]([O-])c1ccc(Cl)cc12,0
CC1CN(c2cc(-c3[nH]nc4ccc(OC5(C)CC5)cc34)ncn2)CC(C)O1,0
NCC(CC(=O)O)c1cccs1,0
FC(F)(F)c1cccc(-c2nnc3c4ccccc4c(N4CCCC4)nn23)c1,0
CCOC(=O)Cc1cn2c(n1)sc1ccccc12,0
COc1cc2nc(C(=O)c3ccccc3)cn2c2ccc(F)cc12,0
O=C(NCc1ccccc1)C(=O)c1c[nH]c2ccccc12,0
O=C(NCC1C2CN(C(=O)OCc3cc(C(F)(F)F)cc(C(F)(F)F)c3)CC12)c1ccc2[nH]nnc2c1,0
[O-][n+]1nc2c(-c3cccs3)cnn2c2cc(Cl)ccc21,0
CC1CN(c2cc(-c3nn(C)c4ccc(OC5(C)CC5)cc34)ncn2)CC(C)O1,0
O=C(NCCCc1ccccc1)C(=O)c1c[nH]c2ccc([N+](=O)[O-])cc12,0
CS(=O)(=O)c1cc(C2(NC(=O)c3cncc4c3cnn4-c3ccc(F)cc3)CC2)ccn1,0
CC(C)CC(=O)N1CCc2nc(-c3ccc(Br)cc3)nc(N(C)Cc3ccccc3)c2C1,0
CN1C(=O)C(N2CCc3c(nn(Cc4ccccc4)c3Br)C2=O)COc2ccccc21,0
CCN(CC)CCCOC(=O)c1ccccc1-c1ccccc1,0
COC1CCC(CNc2ccc(S(=O)(=O)NC(=O)c3ccc(N4CCN(CC5=C(c6ccc(Cl)cc6)CC(C)(C)CC5)CC4)cc3Oc3cnc4[nH]ccc4c3)cc2[N+](=O)[O-])CC1,0
O=c1cc(-c2ccccc2)oc2ccccc12,0
CCCc1ccc2c(c1)c(OC)cc1nc(C(=O)c3ccccc3)cn12,0
CC(C)C1=Cc2cccc(-c3ccccc3)c2C(=O)C1=O,0
OC1(C(F)(F)F)CCCCC1Nc1ccc(F)cc1,0
O=C(NCc1cccc(O)c1)C(=O)c1c[nH]c2ccc(Cl)cc12,0
CC1(C)CCOC1=O,0
CC12NC(Cc3ccccc31)c1ccccc12,0
COC(C)c1c(Nc2ccc(C(N(C)C(=O)C3CCS(=O)(=O)CC3)C(F)(F)F)cc2)cnc2cc(Cl)nn12,0
COc1ccc(-n2[nH]c3c(cnc4ccccc43)c2=O)cc1,0
CN1C(=O)CN=C(c2ccc(Cl)cc2)c2cc(Cl)ccc21,0
O=C(NCc1ccccc1F)C(=O)c1c[nH]c2ccc([N+](=O)[O-])cc12,0
Cn1c2ccccc2c2c(N)c3c(nc21)CCOC3=O,0
Cn1cc(C(=O)C(=O)NNc2ccccc2)c2cc([N+](=O)[O-])ccc21,0
CCC(C(=O)Oc1c(OC)cc(C)cc1OC)N(CCOC)CCOC,0
COc1ccc(NNC(=O)C(=O)c2c[nH]c3ccc(Cl)cc23)cc1,0
NCCC(CC(=O)O)c1ccc(Cl)cc1,0
Cc1ccc(NNC(=O)C(=O)c2c[nH]c3ccc(Cl)cc23)cc1,0
CNC(=O)C1=CCC(N)C1,0
CC#CCCn1ncc2c(N)c(C(=O)NCCC)cnc21,0
C=CCNC(=O)c1cnc2c(cnn2CCCCC)c1N,0
COc1ccc(OCCOS(=O)(=O)c2ccc(C)cc2)c(CN(C(C)=O)c2cc(F)ccc2Oc2ccccc2)c1,0
Cc1cc(-c2nnc3c4c(c(OCc5ccccn5)nn23)CCCC4)no1,0
O=C(C1CC(O)CN1c1ccc(Cl)cc1)N1CC2COCC(C1)N2Cc1ccc(Cl)cc1,0
CN(C)C1Cc2cccc3ncn(c23)C1,0
O=C(O)C1CCCN(CCC#Cc2cccc(N=Nc3ccccc3)c2)C1,0
O=C(NCc1ccc(F)cc1)C(=O)c1c[nH]c2ccccc12,0
O=c1cc(-c2cccc([N+](=O)[O-])c2)oc2ccc([N+](=O)[O-])cc12,0
CSc1nn(-c2c(Cl)cc(C(F)(F)F)cc2Cl)c(N)c1C#N,0
CCc1ccc2c(c1)sc1nc(C(=O)c3ccccc3)cn12,0
Cn1nc(C(F)(F)F)cc1-c1cnc(N2CCc3cc(S(=O)(=O)Nc4c(F)cc(Cl)cc4F)cc(N4CCCC4=O)c32)nc1,0
O=c1c(-c2cccs2)n[nH]c2nc3ccccc3n12,0
CCCc1c(OC)nc2nc(C(=O)c3ccccc3)cn2c1CC,0
O=C(O)c1c(O)cccc1CCc1ccc2ccccc2c1,0
CCCCNc1nn2c(-c3ccccc3)nnc2c2ccccc12,0
CCCN(CCC)C(=O)Cc1c(-c2ccccc2)nc2c(Cl)cc(Cl)cn12,0
CCC(=O)NC1CCC(C(=O)N(C)c2ccc(-c3nc4ccccc4o3)cc2)C1,0
Cc1cc(C)c(-n2ccn3nc(-c4cccnc4)cc23)cc1NC(=O)c1cc(C#N)cc(S(F)(F)(F)(F)F)c1,0
COc1cc(-c2cn(C3CCc4ccccc4N(CC(F)(F)F)C3=O)nn2)ccc1-n1ccc(C)n1,0
CCNC(=O)c1cc2c(N3CCOCC3C)ccnc2[nH]1,0
CCC(=NO)C(C)=Cc1ccc(F)cc1,0
CN(C1CCc2c(CC(=O)O)c3ccccc3n2C1)S(=O)(=O)c1ccc(F)cc1,0
CN1C(=O)CN=C(c2ccccc2)c2ccccc21,0
CN(CCc1cccc(F)c1)C1C2C3CC4C2C(=O)C2C4C3C21,0
CCC(C)N(C)C(=O)c1cc2ccccc2c(-c2ccccc2Cl)n1,0
O=C(O)C1CC[PH](=O)(=O)C1,0
CC(C)Nc1nn2c(-c3ccccc3)nnc2c2ccccc12,0
Cn1cc(C(=O)C(=O)NNc2ccc([N+](=O)[O-])cc2)c2ccccc21,0
CC(=O)N1Cc2c(-c3noc(C4CC4)n3)ncn2-c2ccccc21,0
C#CCCn1ncc2c(N)c(C(=O)OCC=C)c(C)nc21,0
C=CCNC(=O)c1cnc2c(cnn2CCC=CC)c1N,0
COc1cc(CNC(=O)C(=O)c2c[nH]c3ccc(Cl)cc23)ccc1O,0
O=c1c(-c2ccsc2)c[nH]c2c(-c3ccc(F)cc3)cnn12,0
O=c1c(-c2ccsc2)c[nH]c2c(Cc3ccccc3)cnn12,0
CC(C)(C)OC(=O)c1ncn2c1CN(C(=O)N1CCCCC1)c1ccccc1-2,0
CNC(=O)Nc1ccc2c(c1)CCC21OC(=O)N(CC(=O)N(Cc2ccc(F)cc2)C(C)C(F)(F)F)C1=O,0
N=C(N)NCC(=O)O,0
CCC(=O)OC1CCN(C)CC1,0
CN(Cc1ccc2c(c1)OCO2)C1C2C3CC4C5C3CC2C5C41,0
CN1CCC(c2c[nH]c3ccc(-n4ccc5cc(C#N)ccc54)cc23)C1,0
CSc1nn(-c2c(Cl)cc(C(F)(F)F)cc2Cl)c(N)c1-c1nc(C)no1,0
COCCN(CCOC)C(CCSC)C(=O)Oc1c(OC)cc(C)cc1OC,0
[N-]=[N+]=C1C=CC(=O)C(S(=O)(=O)O)=C1,0
COc1ccc(-c2nnc3c4ccccc4c(N(C)CC(C)O)nn23)cc1,0
CC1CCc2nc3sc4c(c3c(N)c2C1=O)CCC4,0
c1cc2c(cc1CNC1C3C4CC5C6C4CC3C6C51)OCO2,0
CN(CC1CCCCC1)C1C2C3CC4C5C3CC2C5C41,0
N#[N+]c1nccn1CC(=O)[O-],0
CCCCCn1ncc2c(N)c(C(=O)NC(C)C)cnc21,0
COc1ccc(CN(C)C2C3C4CC5C3C(=O)C3C5C4C32)cc1OC,0
CC(c1ccc(F)cc1)N(Cc1cccc(C(=O)O)c1)C(=O)c1cnc2ccccc2c1,0
CNC(=O)c1ccc(Nc2ncc(C(F)(F)F)c(NCc3nccnc3N(C)S(C)(=O)=O)n2)cc1,0
COc1ccc2cc(OCC3(C(=O)O)CN(C(=O)c4ccc(F)cc4)C3)ccc2c1,0
CCN(CC)c1nn2c(-c3ccccc3)nnc2c2ccccc12,0
CC(c1cccc(O)c1)n1cnc2c(=S)[nH]cnc21,0
CSC(=O)N1Cc2c(-c3noc(C4CC4)n3)ncn2-c2ccccc21,0
C1=CC2N=C(CN3CCC(c4nc(-c5cc6ccccc6o5)cs4)CC3)NC2N=C1,0
O=C(O)CC1CCNC1,0
COc1ccc2c(c1)[nH]c1c2ncc2[nH]c3ccccc3c21,0
O=C(NCCc1ccc(O)cc1)C(=O)c1c[nH]c2ccccc12,0
CC1(C)c2c(-c3noc(C4CC4)n3)ncn2-c2ccc(Cl)cc2N1C(=O)N1CCCC1,0
COc1ccc2c(c1)OC(c1ccc(OC)c(OC)c1)CC2NC(=O)C1(c2ccc3c(c2)OC(F)(F)O3)CC1,0
COc1ccc(F)c(-c2ccc(COc3cccc(C(CC(=O)O)C4CC4)c3)cc2C2=CCCC2(C)C)c1,0
CCOC(=O)N1Cc2c(OC)nc3nc(C(=O)c4ccccc4)cn3c2C1,0
CCN(CC)C(=O)N1Cc2c(-c3noc(C4CC4)n3)ncn2-c2ccccc21,0
O=C(C(=O)N1Cc2ccccc2C1)c1c[nH]c2ccccc12,0
O=C(N1CCCC1)N1Cc2c(-c3noc(C4CC4)n3)ncn2-c2ccccc21,0
COc1ccc(-c2cc(C#N)c(=O)n(C)c2-c2ccc(N(C)C)cc2)cc1,0
CSc1nn(-c2c(Cl)cc(C(F)(F)F)cc2Cl)c(N)c1-c1cccc(C(F)(F)F)c1,0
Cc1ccc(CN2CCN(C(=O)C(=O)Nc3ccc4c(ccn4C)c3)CC2)cc1,0
CN(C)c1ncnc2c1ncn2C1Cc2ccccc2C1,0
CCC(=O)c1cn2c(cc(OC)c3cc(CC)ccc32)n1,0
C=CCONC(=O)C1=CCC(N)C1,0
c1ccc(-c2nnc3c4ccccc4c(N4CCCC4)nn23)cc1,0
CC(C)c1cc(Br)cc(C(C)C)c1O,0
O=C(NCCc1c[nH]c2ccccc12)C(=O)c1c[nH]c2ccc([N+](=O)[O-])cc12,0
O=C(NS(=O)(=O)c1ccc(NCC2CCOCC2)c([N+](=O)[O-])c1)c1ccc(N2CCN(Cc3ccc(C(F)(F)F)cc3-c3ccc(Cl)cc3)CC2)cc1Oc1cnc2[nH]ccc2c1,0
Nc1cnc(N2CCc3cc(S(=O)(=O)Nc4c(F)cc(Cl)cc4F)cc(N4CCCC4=O)c32)nc1,0
CN(C)c1ncnc2c1ncn2-c1ccccc1,0
CCOC(=O)c1c(C)nc2c(cnn2Cc2ccccc2)c1N,0
C=CCCn1ncc2c(N)c(C(=O)OCC=C)c(C)nc21,0
C=CCOC(=O)c1c(C)nc2c(cnn2CC=C)c1N,0
CCCCCn1ncc2c(N)c(C(=O)OCC)c(C)nc21,0
CCSc1ccc(-c2nccs2)c2c1C(=O)CC(C)C2,0
CN(CCc1ccccc1)C1C2C3CC4C2C(=O)C2C4C3C21,0
CCOC(=O)c1ncc2[nH]c3ccc(O)cc3c2c1COC,0
O=C(O)c1cn2c(n1)sc1ccccc12,0
C=CCc1c(OC)nc2nc(C(=O)c3ccccc3)cn2c1C,0
CC1CC(=O)c2c(Sc3cccs3)ccc(-c3ccccn3)c2C1,0
NCC(CC(=O)O)c1ccc(Br)s1,0
N=C(N)NCCC(=O)O,0
C#CCCCn1ncc2c(N)c(C(=O)NCC=C)cnc21,0
O=C(NNc1ccc(O)cc1)C(=O)c1c[nH]c2ccc(Cl)cc12,0
NS(=O)(=O)c1cc(NC(=O)Cc2ccccc2)ccc1Oc1cccc(Cl)c1,0
COC(=O)c1cn2c(n1)sc1ccccc12,0
On1cc(C2CCNCC2)c(-c2cn(Cc3ccccc3)c(Cl)n2)n1,0
Cc1noc(-c2ncn3c2CN=C(c2ccccc2)c2ccccc2-3)n1,0
Cc1nnc2n1-c1ccc(Cl)cc1C(c1ccccc1)=NC2,0
CCc1c(C(=O)OC)ncc2[nH]c3cc(OC)c(OC)cc3c12,0
Cc1nnc2ccc(-c3cccc(N)c3)nn12,0
Cc1cc2c(-c3ccco3)cnc(NC3CCN(C)CC3C(=O)NC3CCCCC3)c2[nH]c1=O,0
CCCOc1ccc(C2C(C(=O)O)C(c3ccc4c(c3)OCO4)CN2CC(=O)Nc2c(CC)cccc2CC)cc1,0
Cc1c(Oc2c(F)cccc2F)c(OC(C)C)nn1-c1ncc(C2CC2)cc1F,0
CN=C(N)NCCCC(NC(=O)C(CC(C)C)NC(=O)NNC(=O)C(Cc1ccccc1)NC(=O)C(CO)NC(=O)C(CC(N)=O)NC(=O)C(Cc1cccnc1)NC(=O)C(N)Cc1ccc(O)cc1)C(=O)NCC(N)=O,0
Cn1cc(C(=O)C(=O)NCc2cccc(O)c2)c2ccccc21,0
CN(NC(=O)C(=O)c1c[nH]c2ccc([N+](=O)[O-])cc12)c1ccccc1,0
O=C(O)c1ccc(-c2nnc3c4ccccc4c(N4CCCC4)nn23)cc1,0
O=C(N1CCOCC1)N1Cc2c(-c3noc(C4CC4)n3)ncn2-c2ccccc21,0
C=CCOC(=O)c1cnc2c(cnn2CCCCC)c1N,0
COc1cc2nc(C(=O)c3ccccc3)cn2c2ccc(C)cc12,0
Cc1nnc(CNC(=O)CN)n1-c1ccc(Cl)cc1C(=O)c1ccccc1,0
CCC(=O)c1c(C)nc2c(c1N)c1ccccc1n2C,0
C#CCCCn1ncc2c(N)c(C(=O)OCC)c(C)nc21,0
CSc1nn(-c2c(Cl)cc(C(F)(F)F)cc2Cl)c(N)c1Cl,0
COc1ccc(CCNC(=O)C(=O)c2c[nH]c3ccc(Cl)cc23)cc1OC,0
c1ccc(CNc2nn3c(-c4ccccc4)nnc3c3ccccc23)cc1,0
CCCCCn1ncc2c(N)c(C(=O)NCc3ccccc3)cnc21,0
CCNc1nn2c(-c3ccccc3)nnc2c2ccccc12,0
CCc1ccc2c(c1)c(OC)cc1nc(C(=O)c3ccccn3)cn12,0
CCCN(CCC)C(=O)Cc1c(-c2ccccc2)nc2c(C)cc(Br)cn12,0
O=C(NCc1ccc(F)cc1)C(=O)c1c[nH]c2ccc([N+](=O)[O-])cc12,0
CN(C)C(=O)N1Cc2c(-c3noc(C4CC4)n3)ncn2-c2cccc(F)c21,0
CC(=O)Nc1cc2c(cn1)[nH]c1ccccc12,0
N=C1NC(CC(=O)O)CS1,0
CCSc1ccc(-c2cccc[n+]2[O-])c2c1C(=O)CC(C)C2,0
Fc1ccc2[nH]c3c(ncc4[nH]c5ccccc5c43)c2c1,0
CCCCCn1ncc2c(N)c(C(=O)NOCC)cnc21,0
CCCCCc1nc(N)c2nc(-n3nccn3)n(C)c2n1,0
O=c1c(-c2ccsc2)c[nH]c2c(-c3ccccc3)cnn12,0
Cc1ccsc1C(CN)CC(=O)O,0
CC(=O)C1CCC2C3CCC4CC(O)(C#Cc5ccccc5O)CCC4(C)C3CCC12C,0
Cc1ccc(-c2nc3ccc(F)cn3c2CC(=O)N(C)C)cc1,0
CCCCCn1ncc2c(N)c(C(=O)OCC)c(CC)nc21,0
CN(C)C(=O)Cn1cc(-c2nc(C3(c4ccc(-c5cnc(N)nc5)cc4)CC3)no2)cn1,0
COc1ccc2c(OC3CC4C(=O)NC5(C(=O)O)CC5C=CCCCCCC(NC(=O)OC5CCCC5)C(=O)N4C3)cc(-c3csc(NC(=O)C(C)C)n3)nc2c1C,0
O=C(Nc1cc2c(cn1)[nH]c1ccccc12)C(F)(F)F,0
CC(=O)Oc1c(C(C)C)cccc1C(C)C,0
COCCN(CCOC)c1nn2c(-c3ccc(O)cc3)nnc2c2ccccc12,0
CCCCCn1ncc2c(N)c(C(=O)NCC)cnc21,0
NC(=O)N1Cc2c(-c3noc(C4CC4)n3)ncn2-c2ccccc21,0
C#CCOC(=O)c1c(C)nc2c(cnn2CCCCC)c1N,0
CCCCCn1ncc2c(N)c(C(=O)OCC3CC3)c(C)nc21,0
O=C(Nc1ccccc1)N1Cc2c(-c3noc(C4CC4)n3)ncn2-c2ccccc21,0
CC(C)NC(=O)N1Cc2c(-c3noc(C4CC4)n3)ncn2-c2ccccc21,0
CCOC(=O)C1Cc2c(sc3ccccc23)CN1,0
CC(=O)Nc1c(C(C)=O)c(=O)n(C)c2nc(-c3ccc(Cl)cc3Cl)c(-c3ccc(Cl)cc3)cc12,0
O=C(NNc1ccc([N+](=O)[O-])cc1)C(=O)c1c[nH]c2ccc(Cl)cc12,0
Cc1noc(C2CC(c3ccc(C(F)(F)F)cc3)CN(C(=O)N3CCS(=O)(=O)C3)C2)n1,0
CN(C)C=NC(=O)c1cnn2c1n[n+]([O-])c1ccc(Cl)cc12,0
O=C(NCc1ccccc1)C(=O)c1c[nH]c2ccc(Cl)cc12,0
Nc1ncc(CC(=O)O)s1,0
C#CCCCn1ncc2c(N)c(C(=O)OCC3CC3)c(C)nc21,0
CSc1nn(-c2c(Cl)cc(C(F)(F)F)cc2Cl)c(N)c1-c1ccc(C(C)=O)s1,0
CSc1nn(-c2c(Cl)cc(C(F)(F)F)cc2Cl)c(N)c1-c1cncnc1,0
O=C1Nc2ccc(Cl)cc2C(c2ccccc2)=NC1Cc1c[nH]c2ccccc12,0
CCCCCn1ncc2c(N)c(C(=O)N3CCCC3)cnc21,0
Cn1cncc1C(O)(COc1ccc(C#N)cc1-c1ccc(OC(F)(F)F)cc1)c1ccc(C#N)cc1,0
Cn1cc(C(=O)C(=O)NNc2ccccc2)c2ccccc21,0
CC(c1ccnc(Nc2nc3cc(-c4cc(N(C)C)ncn4)ccc3[nH]2)c1)N1CCN(C(=O)CC(F)(F)F)CC1,0
CCOc1nc2nc(C(=O)c3ccccc3)cn2c2c1CCC2,0
CCCCCn1ncc2c(N)c(C(=O)OCCC3CC3)c(C)nc21,0
CSc1nn(-c2c(Cl)cc(C(F)(F)F)cc2Cl)c(N)c1-c1ccc(Cl)cc1,0
Cc1c(N2CCCC2)nc2ccc(Br)cc2c1C(=O)NCC(CCC(=O)O)c1ccccc1Cl,0
O=C(O)Cc1c[nH]cn1,0
CCOC(=O)c1c(C)nc2c(cnn2CC(C)CC)c1N,0
CSc1ccc(-c2ccccn2)c2c1C(=O)CC(C)C2,0
N#CC1(c2ccccn2)CCN(Cc2cc(C(=O)O)c(=O)n3ccccc23)CC1,0
Cc1nccc(COC(=O)N2CC3C(CNC(=O)c4ccc5[nH]nnc5c4)C3C2)n1,0
CCc1c(C2CCNCC2)o[nH]c1=O,0
CSc1nn(-c2c(Cl)cc(C(F)(F)F)cc2Cl)c(N)c1-c1cccnc1,0
C#CCCCn1ncc2c(N)c(C(=O)OCC=C)c(C)nc21,0
c1ccc(-c2nnc3c4ccccc4c(N4CCCCC4)nn23)cc1,0
O=C(NNc1ccccc1)C(=O)c1c[nH]c2ccccc12,0
CN(NC(=O)C(=O)c1c[nH]c2ccccc12)c1ccccc1,0
O=C(Nc1ccccc1)C(=O)c1c[nH]c2ccccc12,0
O=c1oc2ccccc2c2nc(-c3ccc(Cl)cc3)nn12,0
[O-][n+]1nc2c(-c3ccsc3)cnn2c2cc(Cl)ccc21,0
CSc1nn(-c2c(Cl)cc(C(F)(F)F)cc2Cl)c(N)c1-c1ccccc1C(F)(F)F,0
C=CCNC(=O)c1c[nH]c2c(cnn2CCCCC)c1=O,0
CN1CCN(C2=Nc3cc(Cl)ccc3Nc3ccccc32)CC1,0
CCNC(=O)N1Cc2c(-c3noc(C4CC4)n3)ncn2-c2ccccc21,0
CSC(=O)N1c2ccccc2-n2cnc(-c3noc(C4CC4)n3)c2C1(C)C,0
CC#CCCn1ncc2c(N)c(C(=O)OCC)c(C)nc21,0
Cc1c(Oc2ccc(F)cc2)c(OC(C)C)nn1-c1ccc(C2CC2)cn1,0
CC(=O)c1cc2c(cn1)[nH]c1ccccc12,0
[N-]=[N+]=Nc1ccc(C(=N)NCCCC(=O)O)cc1,0
CCS(=O)(=O)c1cc2cc(CC(O)(CC(C)(C)c3ccc(F)cc3C(N)=O)C(F)(F)F)[nH]c2cn1,0
CC1CN(c2ncc(Cl)c(Nc3ccc4c(c3)n(CCC(C)(C)O)c(=O)n4C)n2)CC(C)C1(F)F,0
COc1ccc(CCC(OC(=O)C2CCCCN2C(=O)C(c2cc(OC)c(OC)c(OC)c2)C2CCCCC2)c2cccc(OCCN3CCOCC3)c2)cc1OC,0
CCCC(C)C1(CC)C(=O)NC(=O)NC1=O,0
COC(=O)CC(C(=O)Oc1c(OC)cccc1OC)N1CCCCC1,0
C[n+]1cccc(C(=O)[O-])c1,0
OC12C3C4CC5C6C4C1C6C(C53)N2Cc1cccnc1,0
COc1cccc2ncc3c(=O)n(-c4ccccc4)[nH]c3c12,0
CCSc1ccc(-c2cnccn2)c2c1C(=O)CC(C)C2,0
CCC1CCc2nc3c(c(N)c2C1=O)c1ccccc1n3C,0
O=c1c(-c2ccccc2)n[nH]c2nc3ccccc3n12,0
O=C(NCc1cccc(Cl)c1)C(=O)c1c[nH]c2ccccc12,0
COc1ccc(OCCF)c(CN(C(C)=O)c2cc(F)ccc2Oc2ccccc2)c1,0
CCOC(=O)c1c(C)nc2c(cnn2CC)c1NC,0
COc1c(C(C)C)cccc1C(C)C,0
COCc1nc2cnc3cc(-c4c(C)noc4C)c(OCC4CCNC4)cc3c2n1C(C)c1ccccc1,0
COc1cccc(CNC(=O)c2nc(=O)c3c(COCc4ccc(C(=O)O)cc4)csc3[nH]2)c1,0
COc1nc2nc(C(=O)c3ccccc3)cn2c2c1CCC(C)C2,0
O=C(OC1CCCCC1)c1cn2c(n1)sc1ccccc12,0
O=C(Nc1ccccc1)C(=O)c1c[nH]c2ccc(Cl)cc12,0
O=C(c1ccc[nH]1)N1Cc2c(-c3noc(C4CC4)n3)ncn2-c2ccccc21,0
O=c1c2cnc3cccc(OCc4ccccc4)c3c2[nH]n1-c1ccccc1,0
CCc1c(SC)nc2nc(C(=O)c3ccccc3)cn2c1C,0
O=C(O)C1=CCCNC1,0
O=c1c(-c2ccsc2)c[nH]c2c(-c3cccc(C(F)(F)F)c3)cnn12,0
N#[N+]c1nc(CC(=O)[O-])cs1,0
CN1CCN(c2cnc3c(C4CCN(C(=O)c5ccc(OC(F)(F)F)cc5N)CC4)ncnc3c2)CC1,0
O=c1[nH]oc(C2CCNCC2)c1Cc1ccc2ccccc2c1,0
CC(=O)C1CCC2C3CC4CC(O)CCC4(C)C3CCC12C,0
CCOC(=O)CNC(=O)C(=O)c1c[nH]c2ccc(Cl)cc12,0
Cc1cnc(-c2cc(Cl)ccc2F)cc1-n1c(=O)n(CC(N)=O)c2cnccc21,0
N#[N+]c1cccc(S(=O)(=O)[O-])c1,0
NCC(CCC(=O)O)c1ccc(Cl)cc1,0
N=c1ccc(-c2ccc([N+](=O)[O-])cc2)nn1CCCC(=O)O,0
COc1nc2nc(C(=O)c3ccccc3)cn2c(C)c1OC,0
O=C(NC(Cc1ccc(O)cc1)C(=O)O)C(=O)c1c[nH]c2ccc([N+](=O)[O-])cc12,0
O=C(O)CNC(=O)C(=O)c1c[nH]c2ccc(Cl)cc12,0
CN(C)C(=O)N1Cc2c(-c3noc(C4CC4)n3)ncn2-c2ccc(Cl)cc21,0
CN(C)C(=O)N1Cc2c(-c3noc(C4CC4)n3)ncn2-c2ccc(F)cc21,0
COC(=O)c1c(SC)nn(-c2c(Cl)cc(C(F)(F)F)cc2Cl)c1N,0
Clc1ccc2c(c1)[nH]c1c2ncc2[nH]c3ccccc3c21,0
COCCN(CCOC)c1nn2c(-c3ccc(OC)cc3)nnc2c2ccccc12,0
N=c1ccc(-c2ccc(Cl)cc2)nn1CCCC(=O)O,0
CC(C)(C)Nc1nn2c(-c3ccccc3)nnc2c2ccccc12,0
CCN(C)c1nn2c(-c3ccccc3)nnc2c2ccccc12,0
Cc1c[nH]c2nccc(Oc3c(F)cc(Nc4cc(Cl)nc(N)n4)cc3F)c12,0
CCc1c(OC)nc2nc(C(=O)c3ccccc3)cn2c1CC,0
COc1ccc(NC(=O)C(=O)c2c[nH]c3ccccc23)cc1,0
CN1C(=O)CN=C(c2ccccc2F)c2cc([N+](=O)[O-])ccc21,0
O=C1CN=C(c2ccccc2)c2cc(Cl)ccc2N1,0
CSc1nn(-c2c(Cl)cc(C(F)(F)F)cc2Cl)c(N)c1-c1cccs1,0
CC1CC(=O)c2c(SCc3c[nH]nn3)ccc(-c3nccs3)c2C1,0
Nc1nc(CC(=O)O)c[nH]1,0
CC(C)(C)c1nc(-c2ncn3c2CN(C(=O)N2CCCC2)c2ccccc2-3)no1,0
Cc1nnc(CNC(=O)CCCN)n1-c1ccc(Cl)cc1C(=O)c1ccccc1,0
O=C(O)C1=CCCN(CCC=C(c2ccccc2)c2ccccc2)C1,0
COC(=O)c1cc(-c2ccc(OC)cc2)c(-c2ccc(N(C)C)cc2)n(C)c1=O,0
CCCCCn1ncc2c(N)c(C(=O)N(CC)CCC)cnc21,0
CC1(CC#N)CCC2C(CCC3CC(O)CCC32C)C1,0
O=C(NCc1cccc(Cl)c1)C(=O)c1c[nH]c2ccc(Cl)cc12,0
CC(c1cccc(C#N)c1)n1cc(Cl)cc(C(N)=O)c1=N,0
O=C(N1CCCC1)N1Cc2c(-c3noc(C4CC4)n3)ncn2-c2cccc(Cl)c21,0
O=c1cc(-c2ccc(O)c(-c3c(O)cc(O)c4c(=O)cc(-c5ccc(O)cc5)oc34)c2)oc2cc(O)cc(O)c12,0
NCCCCc1no[nH]c1=O,0
N#[N+]c1cc[n+]([O-])cc1,0
CC1(C)c2c(-c3noc(C4CC4)n3)ncn2-c2ccccc2N1C(=O)N1CCCC1,0
CCCCN(CCCC)C(=O)CN1CC(c2cc(OC)c3c(c2)OCO3)C(C(=O)O)C1CC(C)(C)CCC,0
CC(=O)c1cc(C)c(C)c(C#N)c1N,0
COC(=O)C(Cc1ccc(O)cc1)NC(=O)C(=O)c1c[nH]c2ccc([N+](=O)[O-])cc12,0
CCC(=NO)C(C)=Cc1ccc(F)c(C)c1,0
CN=C(N)NCCCC(NC(=O)C(CC(C)C)NC(=O)NNC(=O)C(Cc1ccccc1)NC(=O)C(CO)NC(=O)C(CC(N)=O)NC(=O)C(Cc1ccncc1)NC(=O)C(N)Cc1ccc(O)cc1)C(=O)NC(Cc1ccccc1)C(N)=O,0
COC(CNCC(=O)Oc1c(C(C)C)cccc1C(C)C)OC,0
CCc1cc(OC)nc2nc(C(=O)c3ccccc3)cn12,0
CC(NC(=O)c1cnc2n1C(C)(Cc1ccc(C#N)cc1)C(=O)N2c1cc(Cl)c(F)c(Cl)c1)C(=O)NC1(c2ccccn2)CC1,0
CC(C)c1cc(N)cc(C(C)C)c1O,0
CCCN(CCC)CC(=O)Oc1c(C(C)C)cccc1C(C)C,0
c1ccc(CN2CCN(c3nc4ccsc4n4cccc34)CC2)cc1,0
O=C(O)c1cc(-c2ccc(C3CCNCC3)cc2)c2ccc(-c3ccc(C(F)(F)F)cc3)cc2c1,0
NCCCc1no[nH]c1=O,0
CCOCCn1cc(C(=O)Nc2ccc(-n3nc(-c4cccnc4)cc3C(F)(F)F)cn2)ccc1=O,0
CSc1ccc(-c2c(SC)nn(-c3c(Cl)cc(C(F)(F)F)cc3Cl)c2N)cc1,0
CS(=O)(=O)NCCC(NC(=O)c1cncc2c1cnn2-c1ccc(F)cc1)c1ccnc(S(C)(=O)=O)c1,0
CN(C)c1ncnc(-c2ccc3[nH]c(Nc4cc(CN5CCN(C(=O)CC(F)(F)F)CC5)ccn4)nc3c2)c1Cl,0
Cc1nc(-c2cnn3c2n[n+]([O-])c2ccc(Cl)cc23)no1,0
CSc1nn(-c2c(Cl)cc(C(F)(F)F)cc2Cl)c(N)c1-c1cccc(C)c1,0
CCOC(=O)C(C)NC(=O)C(=O)c1c[nH]c2ccc(Cl)cc12,0
On1ncc(C2CCNCC2)c1-c1cccc(-c2ccccc2)c1,0
N=c1ccc(-c2ccc(OCc3ccccc3)cc2)nn1CCCC(=O)O,0
CN1C(=O)C(N2CCc3cn(Cc4ccccc4)nc3C2=O)COc2ccccc21,0
CC(=O)N1CCC(c2ccc(C(=O)NC3=NCCN3)cc2C(F)(F)F)CC1,0
c1ccc2c(c1)[nH]c1c2ncc2[nH]c3ccccc3c21,0
CC(NC(=O)C(=O)c1c[nH]c2ccc([N+](=O)[O-])cc12)C(=O)O,0
Cn1nc(C(=O)NCc2ccc(C(=O)O)cc2)cc1-c1ccc2[nH]ccc2c1,0
COc1cccc(CNC(=O)c2nc(=O)c3c(CN(C)Cc4ccccc4)csc3[nH]2)c1,0
N#CC1(c2ccccn2)CCN(Cc2cc(C(=O)N3CCCC3)c(=O)n3ccccc23)CC1,0
CC(=O)C1CCC2C3CCC(CCO)CC3CCC12C,0
Cc1nnc2ccc(-c3ccc(F)cc3)nn12,0
CC(C)c1cc([N+](=O)[O-])cc(C(C)C)c1O,0
CNC(=O)c1cc(C(=O)NC2CC2)cn(Cc2ccccc2)c1=O,0
O=C(O)C1CCCN(CCC=C(c2ccccc2)c2ccccc2)C1,0
CCOc1cc(N2C3COCC2CN(C(=O)C2CC(O)CN2c2ccc(Cl)cc2)C3)ccc1Cl,0
O=C(N1CCS(=O)(=O)CC1)N1CC(c2ccc(OC(F)(F)F)cc2)CC(c2nc(C3CC3)no2)C1,0
Cc1nc(C2CCN(C(=O)c3ccc(OC(F)(F)F)cc3N)CC2)c2ncc(N3CCN(C)CC3)cc2n1,0
O=C(Nc1ccc(Oc2ccc(F)cc2)cc1)N1CCc2ncccc2C1c1ccc(F)cc1,0
COc1cc(NC2CCCCC2(O)C(F)(F)F)ccc1F,0
O=C1CCc2cc(Nc3cc(OC4CCOCC4)c([N+](=O)[O-])cc3Cl)ccc2N1,0
O=C(c1ccc(F)cc1)N1CC(COc2ccc(Br)cc2)(C(=O)O)C1,0
Nc1nc(CC(N)C(=O)O)c[nH]1,0
FC(F)(F)c1ccc2c(c1)nc(-c1cccnc1)n2C1CC1,0
Cc1ccccc1Oc1cc(-n2c(=O)cc(C(F)(F)F)[nH]c2=O)c2ccccc2c1Cl,0
O=C1NC(c2ccccn2)Sc2ccccc21,0
O=C(Nc1cnc(Oc2ccc(F)cc2)nc1)N1CCc2ncccc2C1c1ccc(F)cc1,0
O=C(O)C1CCCNC1,0
CCOC(=O)c1cc2cc(-c3cc(C(=O)NCc4ccc(C(=O)O)cc4)nn3C)ccc2[nH]1,0
Nc1nc(NCc2ccccc2)nc(-c2cccc(CO)c2)n1,0
O=c1[nH]oc(C2CCNCC2)c1-c1cccc2ccccc12,0
NC(=O)C1=CCC(N)C1,0
NC1CC=C(C(=O)O)C1,0
CCCCCNC(=O)C1=CCC(N)C1,0
O=P1(O)CCC(CO)C1,0
CCONC(=O)C1=CCC(N)C1,0
N=c1ccc(-c2cccc(OCc3ccccc3)c2)nn1CCCC(=O)O,0
N=c1ccc(-c2cccc(N)c2)nn1CCCC(=O)O,0
CCOC(=O)c1ncn2c1CN=C(c1ccc(F)cc1)c1cc(F)ccc1-2,0
CCCCP(=O)(O)C1=CCC(N)C1,0
CC1=NN=C(c2cc3c(C(F)(F)F)cccc3s2)c2cc3oc(=O)[nH]c3cc2C1,0
c1ccc2c(NCCCCCCCNc3c4c(nc5ccccc35)CCCC4)c3c(nc2c1)CCCC3,0
O=c1[nH]oc(C2CCNCC2)c1Cc1ccc2ccccc2c1-c1ccccc1,0
O=c1[nH]oc(C2CCNCC2)c1C(Br)c1ccc2ccccc2c1,0
Cc1ccc2c(c1)Oc1sc(Cl)cc1C(N1CCN(CC(C)(C)C(=O)O)CC1)=N2,0
CCCC(O)CCC=CC=CC#CC#CC=CCO,0
CCCCP(=O)(O)C1=CCC(NC(=O)CCCCCNc2ccc([N+](=O)[O-])c3nonc23)C1,0
COc1ccc2cnc3c(C(=O)NCc4ccccc4OC)cnn3c2c1,0
O=c1[nH]oc(C2CCNCC2)c1Cc1ccc2ccccc2c1Br,0
O=c1[nH]oc(C2CCNCC2)c1-c1ccccc1,0
CC(C(=O)O)C1CSC(=N)N1,0
COc1ccc(S(=O)(=O)Nc2c(C)cc(C)cc2C)cc1,0
O=C(O)C1CCP(=O)(O)C1,0
CCCNC(=O)C1=CCC(N)C1,0
CONC(=O)C1=CCC(N)C1,0
NC1CC=C(C(O)=NO)C1,0
CCOC(=O)c1ncn2c1CN=C(c1ccc(Cl)cc1)c1ccccc1-2,0
CN1C(=O)C2CN(S(=O)(=O)c3ccc4occc4c3)CC2c2cnccc21,0
N=C(N)NC1CCP(=O)(O)C1,0
NC1CCP(=O)(O)C1,0
N=c1ccc(-c2ccc(O)cc2)nn1CCCC(=O)O,0
COc1ccc(-c2ccc(=N)n(CCCC(=O)O)n2)cc1,0
N=c1ccc(-c2ccccc2)nn1CCCC(=O)O,0
N=c1ccc(-c2cccc([N+](=O)[O-])c2)nn1CCCC(=O)O,0
O=c1[nH]oc(C2CCNCC2)c1-c1cccc(-c2ccccc2)c1,0
On1cc(C2CCNCC2)c(-c2cn(Cc3ccccc3)c(-c3ccccc3)n2)n1,0
On1cc(C2CCNCC2)cn1,0
CP(=O)(O)C1=CCNCC1,0
CN(C)C(=O)Cc1c(-c2ccc(F)cc2)nc2ccc(F)cn12,0
Cc1ccc2nc(-c3ccc(F)cc3)c(CC(=O)N(C)C)n2c1,0
CN1C(=O)C2CN(S(=O)(=O)c3ccc4c(c3)OCO4)CC2c2cnccc21,0
On1ncc(C2CCNCC2)c1-c1cn(Cc2ccccc2)c(-c2ccccc2)n1,0
CCCC(O)CCC=CC=CC#CC#CCCCO,0
On1cc(C2CCNCC2)c(-c2c[nH]c(-c3ccccc3)n2)n1,0
O=c1[nH]oc(C2CCNCC2)c1Cc1ccc2ccccc2c1,0
COc1ccc2c(c1)-n1ncc(C(=O)NCc3ccccc3)c1NC2,0
N=c1ccc(-c2cccc(O)c2)nn1CCCC(=O)O,0
O=c1[nH]oc(C2CCNCC2)c1-c1ccc2ccccc2c1,0
O=S(=O)(O)C1CCNCC1,0
CCOC(=O)c1ncn2c1CN=C(c1cccc([N+](=O)[O-])c1)c1cc(F)ccc1-2,0
CCOC(=O)c1ncn2c1CN=C(c1ccc(C)cc1)c1ccccc1-2,0
On1cc(C2CCNCC2)c(-c2c[nH]cn2)n1,0
On1cc(C2CCNCC2)c(-c2cccc(-c3ccccc3)c2)n1,0
N=c1ccc(-c2cccc(Cl)c2)nn1CCCC(=O)O,0
On1ncc(C2CCNCC2)c1-c1cn(Cc2ccccc2)c(Cl)n1,0
Cc1ccc(NC(=O)C2=CCC(N)C2)cc1,0
COc1ccc2c(c1)-n1ncc(C(N)=O)c1NC2,0
On1ncc(C2CCNCC2)c1-c1c[nH]c(-c2ccccc2)n1,0
On1ncc(C2CCNCC2)c1-c1c[nH]cn1,0
CCCCP(=O)(O)C1=CCC(NC(=O)CCCCCNC(=O)c2ccccc2NC)C1,0
COc1ccc2cnc3c(C(=O)NCC4CCCCC4)cnn3c2c1,0
COc1ccc2cnc3c(C(=O)OCc4ccccc4OC)cnn3c2c1,0
NCC1CCP(=O)(O)C1,0
N=c1ccc(-c2ccc([N+](=O)[O-])cc2)nn1CCCC(=O)O,0
CP(=O)(O)OCCN,0
CCCCP(=O)(O)CCCN,0
On1cc(C2CCNCC2)c(-c2cn(Cc3ccccc3)cn2)n1,0
COc1ccc2c(c1)-n1ncc(C(=O)NCC3CCCCC3)c1NC2,0
CCCCP(=O)(O)C1=CCC(NC(=O)CCCCCNC(=O)CCCCC2SCC3NC(=O)NC32)C1,0
CN1CCc2cc3c(cc2C1C1OC(=O)c2c1ccc1c2OCO1)OCO3,0
COc1ccc2cnc3c(C(=O)NCc4ccccc4)cnn3c2c1,0
COc1ccc2c(c1)-n1ncc(C(=O)NCc3ccccc3OC)c1NC2,0
CCOC(=O)C1(C#N)C(c2ccccc2)Cc2c(c3ccccc3n2C(=O)OC(C)(C)C)C1CC=O,0
Cc1nccn1CC1CCc2c(c3ccccc3n2C)C1=O,0
C=CCONC(=O)C1=CCC(N)C1,0
COc1ccc2c(c1)-n1ncc(C(=O)NC3CCCCC3)c1NC2,0
CC1(C)CC(=O)c2c(SCCO)sc(-c3nccs3)c2C1,0
CCCCCSc1nnc(COc2ccc3c(c2)CCC(=O)N3)o1,0
CNC(=O)c1ccc(N2C(=S)N(c3ccc(C#N)c(C(F)(F)F)c3)C(=O)C2(C)C)cc1F,0
CCCCP(=O)(O)C1=CCC(NC(=O)CCCCCNC(=O)CCC2=C3C(C)=CC(C)=[N+]3[B-](F)(F)n3c(C)cc(C)c32)C1,0
COc1ccc2c(c1)-n1ncc(C(=O)NC(C)C)c1NC2,0
On1cc(C2CCNCC2)c(-c2cn(Cc3ccccc3)c(Cl)n2)n1,0
O=c1cc(C2CCNCC2)o[nH]1,0
CC1(CC(=O)O)CSC(=N)N1,0
Cc1ccc(-c2nc3ccc(F)cn3c2CC(=O)N(C)C)cc1,0
CNC(=O)C1=CCC(N)C1,0
Cc1ccc2c(c1)c1c3n2CCNC3CCC1,0
CCn1cc(-c2cccc(C(F)(F)F)c2)c2sc(C(=N)NC3CCS(=O)(=O)CC3)cc2c1=O,0
N=c1ccc(-c2ccc(Cl)cc2)nn1CCCC(=O)O,0
N=c1ccc(-c2ccc(OCc3ccccc3)cc2)nn1CCCC(=O)O,0
On1ncc(C2CCNCC2)c1-c1cccc(-c2ccccc2)c1,0
CC1SC(=N)NC1CC(=O)O,0
COc1ccc2cnc3c(C(=O)NC(C)C)cnn3c2c1,0
COc1ccc2cnc3c(C(N)=O)cnn3c2c1,0
CCOC(=O)C1(C#N)C(c2ccccc2)Cc2c(c3ccccc3n2Cc2ccccc2)C1CC=O,0
