,SMILES
0,CSc1nn(-c2c(Cl)cc(C(F)(F)F)cc2Cl)c(N)c1-c1ccccc1C
1,[O-][n+]1nc2c(-c3nc[nH]n3)cnn2c2cc(Cl)ccc21
2,CC(=O)C1CCC2C3CCC4CC(O)CCC4(C)C3CCC12C
3,O=C(NC1CCCCC1)C1Cc2c(sc3ccccc23)CN1
4,CCCCNc1c(C(=O)OCC)c(C)nc2c1cnn2CC
5,Cc1cc2c(C3CCCCC3)[nH]c(=O)nc2c(C#N)c1C
6,CC(=O)C1CCC2C3CCC4CC(O)(C#Cc5ccc(C=O)cc5)CCC4(C)C3CCC12C
7,O=C(NCCc1ccc(Cl)cc1)C(=O)c1c[nH]c2ccccc12
8,COc1ccc(CCNC(=O)C(=O)c2c[nH]c3ccccc23)cc1OC
9,CCCCCn1ncc2c(N)c(C(=O)NCCC)cnc21
10,C#CCCCCn1ncc2c(N)c(C(=O)OCC=C)c(C)nc21
11,O=c1c2cnc3ccccc3c2[nH]n1-c1ccccc1
12,Cc1cc2c(c(C#N)c1C)NC(=O)NC2C
13,CC(C)c1cccc(C(C)C)c1OC(=O)CN1CCCC1
14,CN1C(=O)CN=C(c2ccccc2)c2cc(Cl)ccc21
15,Cc1cc2c(c(C#N)c1C)N=CNC2C1CCCCC1
16,COc1ccc(-c2c(SC)nn(-c3c(Cl)cc(C(F)(F)F)cc3Cl)c2N)c(OC)c1
17,N#Cc1ccc(-c2nnc3c4ccccc4c(N4CCCC4)nn23)cc1
18,CCCC(=O)c1c(C)nc2c(c1N)c1ccccc1n2C
19,CC(=O)Oc1cccc(C(C)n2cnc3c(=O)[nH]cnc32)c1
20,CN=C1C[N+]([O-])=C(c2ccccc2)c2cc(Cl)ccc2N1
21,Cc1cc2c(C)ncnc2c(C#N)c1C
22,Cc1cc(NC(=O)Nc2ccc3c(ccn3C)c2)sn1
23,O=C(NC=NO)c1cnn2c1n[n+]([O-])c1ccc(Cl)cc12
24,O=C(NCCc1ccc(O)cc1)C(=O)c1c[nH]c2ccc([N+](=O)[O-])cc12
25,O=[PH]1(=O)CCC(CO)C1
26,On1cc(C2CCNCC2)c(-c2c[nH]c(-c3ccccc3)n2)n1
27,CCCCn1ncc2c(N)c(C(=O)OCC)c(C)nc21
28,COCCN(CCOC)c1nn2c(-c3ccc(N(C)C)cc3)nnc2c2ccccc12
29,NCC(CC(=O)O)c1ccc(Cl)cc1
30,CCOC(=O)c1cc2c(cn1)[nH]c1ccc(OCc3ccccc3)cc12
31,Cc1nc(-c2cnn3c2n[n+]([O-])c2ccc(Cl)cc23)nn1C
32,CCONC(=O)C1=CCC(N)C1
33,CN(C)N=Nc1ccc2c(c1)C(=O)N(C)Cc1c(C(=O)OC(C)(C)C)ncn1-2
34,C1=NC(c2ccccc2)c2ccccc2-c2[nH]nnc21
35,O=C(N1CCOCC1)N1Cc2c(-c3noc(C4CC4)n3)ncn2-c2ccc(F)cc21
36,CC(C)(C)OC(=O)N1Cc2c(-c3noc(C4CC4)n3)ncn2-c2ccccc21
37,NNC(=O)c1ccncc1
38,C=CCOC(=O)c1c(C)nc2c(cnn2CCC2CC2)c1N
39,CN(C)C(=O)N1Cc2c(-c3noc(C4CC4)n3)ncn2-c2ccccc21
40,CC(=NC(=O)c1cnn2c1n[n+]([O-])c1ccc(Cl)cc12)N(C)C
41,Cc1cccc2c1N(C(=O)N1CCOCC1)Cc1c(-c3noc(C4CC4)n3)ncn1-2
42,Brc1ccccc1-c1nnc2c3ccccc3c(N3CCCC3)nn12
43,O=C(c1ccccc1)c1cn2c(n1)sc1ccccc12
44,CC1CCc2nc3c(c(N)c2C1=O)c1c(n3C)CCCC1
45,CN(C)C(=O)N1c2cc(Cl)ccc2-n2cnc(-c3noc(C4CC4)n3)c2C1(C)C
46,CCCC(=O)c1cn2c(cc(OC)c3cc(CC)ccc32)n1
47,N#[N+]c1ccc(S(=O)(=O)[O-])cc1
48,CCSc1ccc(-c2ccccn2)c2c1C(=O)CC(C)C2
49,COc1nc(CSc2ccc(-c3nccs3)c3c2C(=O)CC(C)C3)ns1
50,O=C(NCc1ccc([N+](=O)[O-])cc1)C(=O)c1c[nH]c2ccccc12
51,COC(=O)N1Cc2c(-c3noc(C4CC4)n3)ncn2-c2ccccc21
52,O=c1c(-c2ccsc2)c[nH]c2c(-c3cccc(F)c3)cnn12
53,COc1ccc(CNC(=O)C(=O)c2c[nH]c3ccc([N+](=O)[O-])cc23)cc1
54,CCOC(=O)c1ncc2[nH]c3ccc(OCc4ccccc4)cc3c2c1CC
55,[N-]=[N+]=C1C=CC(=O)C=C1
56,NCc1ccc[n+]([O-])c1
57,CC(N)Cn1ncc2ccc(O)cc21
58,CN1C(=O)C(NC(=O)c2ccc(Br)cc2)N=C(c2ccccc2)c2ccccc21
59,COC(=O)c1c(C)nc2sc3c(c2c1N)CCCC3
60,CSc1nn(-c2c(Cl)cc(C(F)(F)F)cc2Cl)c(N)c1-c1ccc2c(c1)OCO2
61,CN1C(=O)C(N)N=C(c2ccccc2)c2ccccc21
62,O=C(NCCc1c[nH]c2ccccc12)C(=O)c1c[nH]c2ccccc12
63,CN(C)C(=O)N1Cc2c(-c3noc(C4CC4)n3)ncn2-c2cccc(Cl)c21
64,O=C1CC2(CCCC2)CC(=O)N1CCCCN1CCN(c2ncccn2)CC1
65,O=C(NCCCc1ccccc1)C(=O)c1c[nH]c2ccccc12
66,O=C(NCc1cccc(O)c1)C(=O)c1c[nH]c2ccccc12
67,O=c1oc2ccccc2c2c1cc(-c1ccccc1)n2-c1ccccc1
68,Cc1cccc(-n2nnc3c(=O)oc4ccccc4c32)c1
69,CC(=O)Nc1cc(F)ccc1Oc1ccccc1
70,O=C(NCCc1ccc(O)c(O)c1)C(=O)c1c[nH]c2ccc(Br)cc12
71,CCOC(=O)C(Cc1ccc(O)cc1)NC(=O)C(=O)c1c[nH]c2ccc(Cl)cc12
72,CN(C)Cc1ccc2c(c1)NC(=O)N(C)S2(=O)=O
73,CCCCc1ccc(C2=NN(S(=O)(=O)c3ccc(-c4ccc5ccccc5c4)cc3)CCC2)cc1
74,CC(NC(=O)C(=O)c1c[nH]c2ccc([N+](=O)[O-])cc12)c1ccccc1
75,NCC(CC(=O)O)c1cc(Br)cs1
76,CC1CCc2nc3sc4c(c3c(N)c2C1=O)CCCCC4
77,CCOC(=O)c1c(C)nc2c(cnn2CCC(C)C)c1N
78,On1ncc(C2CCNCC2)c1-c1cn(Cc2ccccc2)c(-c2ccccc2)n1
79,O=c1c2cnc3ccc(OCc4ccccc4)cc3c2[nH]n1-c1ccccc1
80,COc1cc(C)cc(OC)c1OC(=O)C(CCS(C)(=O)=O)N1C=CCCC1
81,CCOc1nc2nc(C(=O)c3ccccc3)cn2c2c1CCCCC2
82,NCCCC(=O)O
83,CCCC(=O)N(C)Cc1c(-c2ccc(Cl)cc2)nc2ccccn12
84,C#Cc1ccc2c(c1)C(=O)N(C)Cc1c(C(=O)OC(C)(C)C)ncn1-2
85,Cc1cccc(C(NC(=O)CNC(=O)c2ccc(F)cc2)c2ccccc2)c1
86,O=C(NCc1ccccc1F)C(=O)c1c[nH]c2ccc(Cl)cc12
87,O=C(NCc1ccccc1)C(=O)c1c[nH]c2ccc([N+](=O)[O-])cc12
88,CC(C)OC(=O)c1cn2c(n1)sc1ccccc12
89,COc1ccc(-c2c(SC)nn(-c3c(Cl)cc(C(F)(F)F)cc3Cl)c2N)cc1OC
90,CCCc1cc(OC)nc2nc(C(=O)c3ccccc3)cn12
91,CCOC(=O)c1c(C)nc2c(cnn2CC)c1N
92,Cn1cc(C(=O)C(=O)NCc2ccc(Cl)cc2)c2ccccc21
93,CSc1nn(-c2c(Cl)cc(C(F)(F)F)cc2Cl)c(N)c1-c1ccc(C)s1
94,CSc1nn(-c2c(Cl)cc(C(F)(F)F)cc2Cl)c(N)c1Br
95,CN1Cc2c(C(=O)OCCC(C)(C)C)ncn2-c2ccc(Cl)cc2C1=O
96,O=C1C=NC(c2ccccc2)c2cc([N+](=O)[O-])ccc2N1
97,Cc1c(C2CCNCC2)o[nH]c1=O
98,COCCN(CCOC)c1nn2c(-c3ccc(C)cc3)nnc2c2ccccc12
99,CN(CCc1cccc(F)c1)C1C2C3CC4C5C3CC2C5C41
100,COc1ccc(OCF)c(CN(C(C)=O)c2cc(F)ccc2Oc2ccccc2)c1
101,O=c1c2cnc3c(c2[nH]n1-c1ccc(Cl)cc1)CCCC3
102,O=C(NCc1ccccc1F)C(=O)c1c[nH]c2ccccc12
103,COc1nc2nc(C(=O)c3ccccc3)cn2c2c1CCC2
104,Cc1nnc(CNC(=O)C(N)CC(C)C)n1-c1ccc(Cl)cc1C(=O)c1ccccc1
105,COCC(C(=O)Oc1c(OC)cccc1OC)N1CCCOCC1
106,Cc1ccc(-c2nc3ccc(C)cn3c2CC(=O)N(C)C)cc1
107,COc1ccc(NNC(=O)C(=O)c2c[nH]c3ccccc23)cc1
108,O=c1[nH]oc2c1CCNC2
109,Clc1cccc2[nH]c3c(ncc4[nH]c5ccccc5c43)c12
110,Cc1cc(-c2nnc3c4ccccc4c(OCc4ccccn4)nn23)no1
111,COc1cc(C)n2cc(C(=O)c3ccccc3)nc2n1
112,COc1cccc(-c2ccc3nncn3n2)c1
113,CCCc1c(OC)nc2nc(C(=O)c3ccccc3)cn2c1C
114,CCc1ccc2c(c1)c(OC)cc1nc(C(C)=O)cn12
115,NC(=S)NCC(=O)O
116,COc1cccc(OC)c1OC(=O)C(CCSC)N1CCCCCC1
117,Clc1ccc2[nH]c3c(ncc4[nH]c5ccccc5c43)c2c1
118,CCOCCC(C(=O)Oc1c(OC)cccc1OC)N1CCCOCC1
119,O=C(NC1CCc2ccccc21)C(=O)c1c[nH]c2ccccc12
120,COc1cc(CNC(=O)C(=O)c2c[nH]c3ccc([N+](=O)[O-])cc23)ccc1O
121,O=C(Nc1ccc(O)cc1)C(=O)c1c[nH]c2ccc([N+](=O)[O-])cc12
122,CC1=NN=C(c2cc3c(C(F)(F)F)cccc3s2)c2cc3oc(=O)[nH]c3cc2C1
123,CCOC(=O)c1cn2c(n1)sc1cc(CC)ccc12
124,COc1cc2nc(C(=O)c3ccccc3)cn2c2ccccc12
125,CC(=O)C1(C)CCC2C(CCC3CC(O)CCC32C)C1
126,CC(C)c1cccc(C(C)C)c1O
127,CCOC(=O)C(C)NC(=O)C(=O)c1c[nH]c2ccc([N+](=O)[O-])cc12
128,O=c1cc(-c2cccc([N+](=O)[O-])c2)oc2ccc(Br)cc12
129,O=C1C=NC(c2ccccc2Cl)c2cc([N+](=O)[O-])ccc2N1
130,O=C(NNc1ccc(Cl)cc1)C(=O)c1c[nH]c2ccc(Cl)cc12
131,O=C(NCCc1ccccc1)C(=O)c1c[nH]c2ccccc12
132,CSc1nn(-c2c(Cl)cc(C(F)(F)F)cc2Cl)c(N)c1-c1ccc(F)cc1
133,CCOC(=O)c1ncc2[nH]c3ccc(OCc4ccccc4)cc3c2c1COC
134,CSc1nn(-c2c(Cl)cc(C(F)(F)F)cc2Cl)c(N)c1-c1ccccc1
135,C#Cc1ccc2c(c1)C(=O)N1CCC1c1c(-c3nc(-c4ccccc4)no3)ncn1-2
136,CCOC(=O)c1ncn2c1CN(C)C(=O)c1cc(F)ccc1-2
137,COCCNc1nn2c(-c3ccc(OC)cc3)nnc2c2ccccc12
138,O=C(Nc1ccc(O)cc1)C(=O)c1c[nH]c2ccccc12
139,O=C(NCc1ccc(F)cc1)C(=O)c1c[nH]c2ccc(Cl)cc12
140,O=C(NCCc1ccc(O)cc1)C(=O)c1c[nH]c2ccc(Br)cc12
141,CCCCCn1ncc2c(N)c(C(=O)NCCCC)cnc21
142,Cn1cc(C(=O)C(=O)NCCc2ccc(Cl)cc2)c2ccccc21
143,Nc1nc(CCC(=O)O)cs1
144,CCCCCNC(=O)C1=CCC(N)C1
145,CCCC[PH](=O)(=O)C1=CCC(N)C1
146,ClCc1nnc2ccc(-c3ccccc3)nn12
147,CC(C)(C)OC(=O)c1ncn2c1CN(C(=O)N1CCOCC1)c1ccccc1-2
148,CC(C)n1c(=O)c2c(-c3noc(C4CC4)n3)ncn2c2ccccc21
149,COc1ccc(-c2cc(C#N)c(=O)[nH]c2-c2ccc(N(C)C)cc2)cc1
150,CSc1nn(-c2c(Cl)cc(C(F)(F)F)cc2Cl)c(N)c1-c1ccc(Br)cc1
151,CC12NC(Cc3ccc(N=C=S)cc31)c1ccccc12
152,CSc1nn(-c2c(Cl)cc(C(F)(F)F)cc2Cl)c(N)c1-c1ccc(F)c(Cl)c1
153,OCc1cc2c(cn1)[nH]c1ccccc12
154,Cc1ccc(C(CN)CC(=O)O)s1
155,COc1ccccc1-c1c(SC)nn(-c2c(Cl)cc(C(F)(F)F)cc2Cl)c1N
156,N=c1ccc(-c2cccc(OCc3ccccc3)c2)nn1CCCC(=O)O
157,N=c1ccc(-c2cccc(N)c2)nn1CCCC(=O)O
158,CSc1nn(-c2c(Cl)cc(C(F)(F)F)cc2Cl)c(N)c1-c1ccc(C(F)(F)F)cc1
159,N#[N+]c1ccc2cccc(S(=O)(=O)[O-])c2c1
160,Cn1c2ccccc2c2cc3c(nc21)CCCC3=O
161,Cn1c2ccccc2n2c(=O)c(-c3ccccc3)nnc12
162,CN(Cc1cccnc1)C1C2C3CC4C5C3CC2C5C41
163,O=C(CNC(=O)c1ccc(F)cc1)NC(c1ccccc1)c1cccc(Cl)c1
164,Cc1cccc(NNC(=O)C(=O)c2c[nH]c3ccccc23)c1
165,COC(=O)Nc1cc2c(cn1)[nH]c1ccccc12
166,O=C(NCCc1ccc(O)c(O)c1)C(=O)c1c[nH]c2ccc(Cl)cc12
167,COc1nc2nc(C(=O)c3ccccc3)cn2c2c1CSCC2
168,COc1ccc(-c2c(SC)nn(-c3c(Cl)cc(C(F)(F)F)cc3Cl)c2N)cc1
169,CSc1ccc2c(c1)N(CCC1CCCCN1C)c1ccccc1S2
170,CC1CCc2nc3sc4ccccc4c3c(N)c2C1=O
171,O=c1[nH]oc(C2CCNCC2)c1Cc1ccccc1
172,COc1cc2nc(C(=O)c3ccccc3)cn2c2cc(C)c(C)cc12
173,COc1cc(CNC(=O)C(=O)c2c[nH]c3ccccc23)ccc1O
174,O=C(NCCc1ccccc1)C(=O)c1c[nH]c2ccc([N+](=O)[O-])cc12
175,CCCNC(=O)C1=CCC(N)C1
176,CC12CCC3CC(CCO)CCC3C1CCC2C#N
177,O=c1c(-c2ccsc2)c[nH]c2c(-c3cccc(Br)c3)cnn12
178,CSc1nn(-c2c(Cl)cc(C(F)(F)F)cc2Cl)c(N)c1-c1ccc(C#N)cc1
179,O=C(CNC(=O)c1ccc(F)cc1)NC(c1cccc(F)c1)c1cccc(F)c1
180,CN(Cc1ccccc1)C1C2C3CC4C5C3CC2C5C41
181,CONC(=O)C1=CCC(N)C1
182,O=C(OCc1ccccc1)c1cn2c(n1)sc1ccccc12
183,CN1CCN(c2nn3c(-c4ccccc4)nnc3c3ccccc23)CC1
184,O=c1c(-c2ccsc2)c[nH]c2c(-c3cccc4ccccc34)cnn12
185,O=C(O)c1cc(=O)c2ccccc2[nH]1
186,CSc1nc2nc(C(=O)c3ccccc3)cn2c2c1CSCC2
187,CC(C)[PH](=O)(=O)C1=CCC(N)C1
188,COc1cc(CNC2C3C4CC5C6C4CC3C6C52)cc(OC)c1OC
189,NC1CC=C([PH](=O)(=O)Cc2ccccc2)C1
190,CCSc1nc2nc(C(=O)c3ccccc3)cn2c2c1CCC2
191,Cc1ccc(C(CN)CC(=O)O)o1
192,CC(C)c1cc(NS(C)(=O)=O)cc(C(C)C)c1O
193,CCOC(=O)c1ncc2c(c1CC)c1cc(OCc3ccccc3)ccc1n2C
194,O=c1c(-c2ccsc2)c[nH]c2c(-c3ccccn3)cnn12
195,O=C(Nc1ccc(O)cc1)C(=O)c1c[nH]c2ccc(Cl)cc12
196,Cc1ccc(-c2nnc3c4ccccc4c(N4CCCC4)nn23)cc1C
197,CCOC(=O)c1c(C)nc2c(cnn2CCCC(C)(C)C)c1N
198,COc1cccc(CNC(=O)C(=O)c2c[nH]c3ccccc23)c1
199,COc1nc2nc(C(=O)c3ccccc3)cn2c(C)c1CC1CC1
200,CCOC(=O)Nc1cc2c(cn1)[nH]c1ccccc12
201,COc1cc(-c2nnc3c4ccccc4c(N4CCCC4)nn23)cc(Br)c1OC
202,CC(C)c1cc(NC(=O)C(F)(F)F)cc(C(C)C)c1O
203,O=c1cc(C2CCNCC2)o[nH]1
204,NCC(CC(=O)O)c1ccc(Cl)s1
205,CCCOC(=O)c1cc2c(cn1)sc1ccccc12
206,O=C(NCc1ccc(O)c(O)c1)C(=O)c1c[nH]c2ccc(Cl)cc12
207,CCOC(=O)C1CCN(Cc2cc(C(C)C)c(N)c(C(C)C)c2)CC1
208,O=c1c2cnc3ccccc3c2[nH]n1-c1ccc(Cl)cc1
209,COC(=O)c1c(C)nc2c(c(C)c(C)n2C)c1N
210,CCCCc1cc(OC)nc2nc(C(=O)c3ccccc3)cn12
211,C=CCOC(=O)c1c(C)nc2c(cnn2CCC#CC)c1N
212,Oc1ccc(-c2nnc3c4ccccc4c(N4CCCC4)nn23)cc1
213,CCc1cn2cc(C(=O)c3ccccc3)nc2nc1OC
214,CCc1c(OC)nc2nc(C(=O)c3ccccc3)cn2c1C
215,OC(CCCN1CCN(c2ncc(F)cn2)CC1)c1ccc(F)cc1
216,C=CCOC(=O)c1c(C)nc2c(cnn2CCC(C)C)c1N
217,Cc1cc2c(c(C#N)c1C)N=CNC2C
218,CSc1nc2nc(C(=O)c3ccccc3)cn2c2c1CCCC2
219,CCCc1c(SC)nc2nc(C(=O)c3ccccc3)cn2c1CC
220,CCc1ccc2c(c1)c(OC)cc1nc(C(=O)c3ccccc3)cn12
221,COc1nc2nc(C(=O)c3ccccc3)cn2c2c1CCCC2
222,O=C(NCc1ccc(O)cc1)C(=O)c1c[nH]c2ccccc12
223,Nc1nccn1CC(=O)O
224,COc1ccc(-c2cc(-c3nc(C)no3)c(=O)n(C)c2-c2ccncc2)cc1
225,CCCc1cc(SC)nc2nc(C(=O)c3ccccc3)cn12
226,COc1cccc(-c2c[nH]n3c(=O)c(-c4ccsc4)cnc23)c1
227,C#Cc1ccc2c(c1)C(=O)N1CCCC1c1c(-c3nc(-c4ccccc4)no3)ncn1-2
228,CC(=O)Nc1cc(C(C)C)c(O)c(C(C)C)c1
229,O=C(NNc1ccc([N+](=O)[O-])cc1)C(=O)c1c[nH]c2ccc([N+](=O)[O-])cc12
230,N#[N+]c1cccc(C(=O)[O-])c1
231,C=CCCCn1ncc2c(N)c(C(=O)OCC=C)c(C)nc21
232,CCCCCCn1ncc2c(N)c(C(=O)OCC)c(C)nc21
233,O=C(NC1CCCCCC=CC2CC2(C(=O)O)NC(=O)C2CC(Oc3ccncc3)CN2C1=O)OC1CCCC1
234,Cc1c(C(=O)O)cc(-c2ccc(C3CCNCC3)cc2)c2ccc(-c3ccc(C(F)(F)F)cc3)cc12
235,COCCN(CCOC)c1nn2c(-c3ccc(OC)c(C)c3)nnc2c2ccccc12
236,Cc1cc2c(c(C#N)c1C)NC(=O)C=NC2C1CC1
237,O=C(c1ccccn1)N1Cc2c(-c3noc(C4CC4)n3)ncn2-c2ccccc21
238,O=C(c1ccc(OCCC2CCOCC2)cc1)C1CCC(Cn2nnc3ccccc3c2=O)C1C(=O)O
239,CC(C)(C)C(=O)Oc1ccc2c(c1)[nH]c1c2ncc2[nH]c3ccccc3c21
240,COc1ccc(C(=O)c2cn3c(cc(OC)c4ccccc43)n2)cc1
241,CC(=O)CC1(C)CCC2C(CCC3CC(O)CCC32C)C1
242,CCCN(CCC)C(=O)Cc1c(-c2ccc(Cl)cc2)nc2c(Br)cc(Br)cn12
243,C#Cc1ccc2c(c1)C(=O)N(C)Cc1c(C(=O)OCCCOC(=O)c3ncn4c3CN(C)C(=O)c3cc(C#C)ccc3-4)ncn1-2
244,O=C(NCc1ccc(Cl)cc1)C(=O)c1c[nH]c2ccc(Cl)cc12
245,O=C(NCc1ncc(C(F)(F)F)cc1Cl)c1ccc2c(c1)C1(CCS(=O)(=O)CC1)C(C1CC1)N2S(=O)(=O)c1ccc(F)cc1
246,Clc1ccc2nnc3c(-c4cccs4)cnn3c2c1
247,[O-][n+]1nc2c(-c3cnoc3)cnn2c2cc(Cl)ccc21
248,Cc1cc(NC(=O)c2cccc(S(F)(F)(F)(F)F)c2)cc(-n2ccn3nc(-c4cccnc4)cc23)c1
249,CC(C)(O)c1cncc(-c2nc3ccc(F)cc3n2C2CC2)c1
250,CC(c1ccc(F)cc1)N(Cc1ccc(Cl)c(C(=O)O)c1)C(=O)c1cnc2ccccc2c1
251,CC12CCC3CC(CCO)CCC3C1CCC2=O
252,CCOC(=O)c1ncc2[nH]c3ccc(OC)cc3c2c1COC
253,CNCc1ccccc1-c1csc(C(C)Nc2nc(C)nc3cc(OC)c(OC)cc23)c1
254,CC1=NC(C)=C(C#N)C(c2ccc3[nH]nc(C)c3c2)C1C#N
255,CCCN(CCC)C(=O)Cc1c(-c2ccc(Cl)cc2)nc2c(Cl)cc(C(F)(F)F)cn12
256,Cc1c(NC(=O)c2cc(C(N)=O)nc3cc(F)ccc23)c(C(F)(F)F)nn1Cc1ccc(C(C)(C)C)cc1
257,CN(C)CC#Cc1ccc(OCCCc2sc(N3CCc4cccc(C(=O)Nc5nc6ccccc6s5)c4C3)nc2C(=O)O)c(F)c1
258,CC(C)(C)OC(=O)Nc1cnn2c1n[n+]([O-])c1ccc(Cl)cc12
259,O=c1c(-c2ccco2)n[nH]c2nc3ccccc3n12
260,CN1CCN(C(=O)C(C)(C)c2ccc(C(=O)Nc3cn4cc(-c5ccncc5)ccc4n3)cc2)CC1
261,COc1cc(-c2cn(C3CCc4c(F)cccc4N(CC(F)(F)F)C3=O)nn2)ccc1-n1cnc(C)c1
262,CC(C)(O)C1CCC(NC(=O)c2cnc3cc(OC(F)F)ccc3c2)CC1
263,CCCCCn1ncc2c(N)c(C(=O)NCC3CC3)cnc21
264,CCCCCn1ncc2c(N)c(C(=O)OCc3ccccc3)c(C)nc21
265,CC1(C)COC(c2cn3c(n2)sc2ccccc23)=N1
266,Cc1n[nH]c(-c2cnn3c2n[n+]([O-])c2ccc(Cl)cc23)n1
267,O=c1oc2ccc(Cl)cc2c2nc(-c3ccc(Cl)cc3)nn12
268,C=CCCOC(=O)c1c(C)nc2c(cnn2CCCCC)c1N
269,O=c1cc(-c2ccc([N+](=O)[O-])cc2)oc2ccc([N+](=O)[O-])cc12
270,CSc1nn(-c2c(Cl)cc(C(F)(F)F)cc2Cl)c(N)c1-c1cccc(C(C)C)c1
271,NC1CC[PH](=O)(=O)C1
272,COc1cc(CN(C)C2C3C4CC5C6C4CC3C6C52)cc(OC)c1OC
273,CN(Cc1ccccc1)C1C2C3CC4C2C(=O)C2C4C3C21
274,CCOC(=O)c1ncc2[nH]c3ccccc3c2c1COC
275,O=C1NC2CCCCCC2N1c1nc2cc(Cl)ccc2o1
276,CCc1ccc2c(c1)c(OC)c(CC)c1nc(C(=O)c3ccccc3)cn12
277,O=c1c(-c2ccsc2)c[nH]c2c(-c3ccsc3)cnn12
278,NCc1cc(=O)[nH]o1
279,CCNc1c(C(=O)OCC)c(C)nc2c1cnn2CC
280,Cc1ccc(NNC(=O)C(=O)c2c[nH]c3ccccc23)cc1
281,CN(NC(=O)C(=O)c1cn(C)c2ccccc12)c1ccccc1
282,CC#CCNC(=O)c1cnc2c(cnn2CCCCC)c1N
283,O=C(NNc1ccc(Cl)cc1)C(=O)c1c[nH]c2ccccc12
284,C=CCCn1ncc2c(N)c(C(=O)NCC=C)cnc21
285,O=c1c(-c2ccsc2)c[nH]c2c(-c3ccc4ccccc4c3)cnn12
286,CCOc1cc(OCC)c(-c2nnc3c4ccccc4c(N4CCCC4)nn23)cc1OCC
287,COc1cccc(OC)c1OC(=O)C(CCSC)N1CCCCC1
288,COc1ccc(CN(C)C2C3C4CC5C6C4CC3C6C52)cc1OC
289,CC(=O)Nc1ccc(-c2nnc3c4ccccc4c(N4CCCC4)nn23)cc1
290,O=C(NNc1ccccc1)C(=O)c1c[nH]c2ccc(Cl)cc12
291,CCOC(=O)c1c(C)nc2c(c1N)c1ccccc1n2C
292,CCN(CC)CCOC(=O)c1ccccc1-c1ccccc1
293,O=C(NNc1ccc(F)cc1)C(=O)c1c[nH]c2ccccc12
294,COc1ccc2c(c1)oc(=O)n1nc(-c3ccccc3F)nc21
295,Cc1ccc(NNC(=O)C(=O)c2c[nH]c3ccc([N+](=O)[O-])cc23)cc1
296,OCCNc1ncnc2c1ncn2Cc1ccccc1
297,CC1CCc2nc3c(c(N)c2C1=O)c1ccccc1n3C
298,O=C(Nc1cccnn1)N1CCC(=Cc2cccc(Oc3ccc(C(F)(F)F)cn3)c2)CC1
299,C=CCN(CC=C)C(=O)c1cnc2c(cnn2CCCCC)c1N
300,O=C(NNc1ccc(O)cc1)C(=O)c1c[nH]c2ccccc12
301,COc1ccc(NNC(=O)C(=O)c2c[nH]c3ccc([N+](=O)[O-])cc23)cc1
302,Cc1nc(N2CCC(O)C2)ncc1-c1cc(C(F)(F)F)cc2[nH]ncc12
303,COc1ccc(NC(=O)C(=O)c2c[nH]c3ccc([N+](=O)[O-])cc23)cc1
304,Cc1ccc(-c2cnc(C3(O)CCC(C(=O)O)C(C)(C)C3)s2)cc1Nc1cccc(C(F)(F)F)n1
305,COCCOc1nc(-c2ccc(Cl)nc2)nc2c1CN(C(=O)c1ncn3ccccc13)CC2
306,COc1ccc(OC)c(CN(C(C)=O)c2cc(F)ccc2Oc2ccccc2)c1
307,COc1cc(-c2c(SC)nn(-c3c(Cl)cc(C(F)(F)F)cc3Cl)c2N)cc(OC)c1OC
308,N#Cc1nn(-c2c(Cl)cc(C(F)(F)F)cc2Cl)c(N)c1[S+]([O-])C(F)(F)F
309,O=[N+]([O-])C1=Cc2cc(I)ccc2OC1C(F)(F)F
310,On1cc(C2CCNCC2)cn1
311,On1cc(C2CCNCC2)c(-c2cn(Cc3ccccc3)c(-c3ccccc3)n2)n1
312,CN(C)C1CCN(c2cc(-c3ccccc3)nc3ccnn23)C1
313,O=C(NNS(=O)(=O)c1ccccc1F)c1cc(F)cc(-c2ccccn2)c1
314,N#[N+]c1cccc2cccc(S(=O)(=O)[O-])c12
315,C=CCNC(=O)c1cnc2c(cnn2CCC#CC)c1N
316,COc1ccc(CNC(=O)C(=O)c2c[nH]c3ccc(Cl)cc23)cc1OC
317,O=c1oc2cc(Cl)ccc2c2nc(-c3ccccc3F)nn12
318,COCc1ncn2c1CN(C)C(=O)c1cc(Cl)ccc1-2
319,Nc1nn2c(-c3ccccc3)nnc2c2ccccc12
320,C=CCC1(c2cccc(C3(C(F)(F)F)N=N3)c2)C(=O)NC(=O)N(C)C1=O
321,CC#CCCn1ncc2c(N)c(C(=O)NCC3CC3)cnc21
322,O=c1c2cnc3cccc(O)c3c2[nH]n1-c1ccccc1
323,CNC(=O)Nc1ccc2c(c1)C1(CC2)OC(=O)N(CC(=O)N(Cc2ccc(F)cc2)C(C)C(F)(F)F)C1=O
324,N#Cc1ccc(Nc2ccc3[nH]c(=O)[nH]c3c2)c(Cl)c1
325,CNC(=O)c1cc(C(=O)NC2C3COCC32)cc2c1OC(CF)C2c1ccccc1
326,O=C(N1CCOCC1)N1Cc2c(-c3noc(C4CC4)n3)ncn2-c2ccc(Cl)cc21
327,c1ccc(-c2ccc(-c3nnc4c5ccccc5c(N5CCCC5)nn34)cc2)cc1
328,CN(C1CCc2c(CC(=O)O)c3cc(S(C)(=O)=O)ccc3n2C1)S(=O)(=O)c1ccc(F)cc1
329,O=c1nc(-c2ccccn2)sc2ccccc12
330,Cc1nc(Cc2cccc(C(F)(F)F)c2)sc1-c1ccc(C(N)=O)nc1
331,CSc1nc2nc(C(=O)c3ccccc3)cn2c2c1CCC2
332,O=C(NCCc1ccc(O)c(O)c1)C(=O)c1c[nH]c2ccccc12
333,CCCCCOc1ccc(-c2nnc3c4ccccc4c(N4CCCC4)nn23)cc1OC
334,O=C(Nc1cccnn1)N1CC(CC=Cc2cncc(Oc3ccc(C(F)(F)F)cn3)n2)C1
335,COc1cc2nc(C(=O)c3cccs3)cn2c2ccccc12
336,Cc1c(NC(=O)c2cc(C(N)=O)nc3cc(F)ccc23)c(C(F)(F)F)nn1Cc1ccc(C#N)cc1
337,O=C(NNc1ccc([N+](=O)[O-])cc1)C(=O)c1c[nH]c2ccccc12
338,Cc1cc(Nc2nccc(C)n2)cc(-c2cnc(C3(O)CCC(C(=O)O)C(C)(C)C3)s2)c1
339,CC(=O)N1CCC(c2ccc(C(=O)N=C(N)N)cc2C(F)(F)F)CC1
340,CCNC(=O)c1cc2c(N3CCOCC3C)ccnc2n1C
341,NS(=O)(=O)c1cc(NC(=O)C2(c3ccccc3Cl)CC2)ccc1Oc1cccc(Cl)c1
342,CSc1nn(-c2c(Cl)cc(C(F)(F)F)cc2Cl)c(N)c1-c1cccc(Cl)c1
343,CCOC(=O)CNC(=O)C(=O)c1c[nH]c2ccc(Br)cc12
344,C=C(C)COC(=O)c1c(C)nc2c(cnn2CCCCC)c1N
345,CCOc1c(Br)cc(Br)cc1-c1nnc2c3ccccc3c(N3CCCC3)nn12
346,CNC1Cc2cccc3[nH]c(=O)n(c23)C1
347,COc1ccc(CNC(=O)C(=O)c2c[nH]c3ccc([N+](=O)[O-])cc23)cc1OC
348,CSc1nn(-c2c(Cl)cc(C(F)(F)F)cc2Cl)c(N)c1-c1cc(C(F)(F)F)cc(C(F)(F)F)c1
349,CC(C)c1cc(CN(C)C)cc(C(C)C)c1O
350,CSc1nn(-c2c(Cl)cc(C(F)(F)F)cc2Cl)c(N)c1-c1ccsc1
351,CCCCc1c(OC)nc2nc(C(=O)c3ccccc3)cn2c1C
352,O=C(Nc1cccc(Cl)c1)c1cn2c(n1)sc1ccccc12
353,CSc1nn(-c2c(Cl)cc(C(F)(F)F)cc2Cl)c(N)c1-c1ccccn1
354,COC(=O)CC(C(=O)Oc1c(OC)cc(C)cc1OC)N1CCCCC1
355,Cc1cnc(-c2cc(Cl)ccc2F)cc1-n1c(=O)n(CC(N)=O)c2ccccc21
356,CCOC(=O)c1cc2c3cc(OCc4ccccc4)ccc3n(C)c2cn1
357,CC(C)(C)OC(=O)c1ncn2c1CN(C(=O)N1CCN(C(C)(C)C)CC1)c1cc(Cl)ccc1-2
358,Clc1ccc2c(c1)C(c1ccccc1)=NCc1[nH]nnc1-2
359,Fc1ccc2c(c1)[nH]c1c2ncc2[nH]c3ccccc3c21
360,COS(=O)(=O)c1cc(C(C)C)c(O)c(C(C)C)c1
361,C#CCN(C)C(=O)c1cnc2c(cnn2CCCCC)c1N
362,CC(NC(=O)Nc1cc2[nH]ncc2c(CO)n1)c1ccccn1
363,O=C1C=Cc2ccc3c(c2C1=O)CCCC3
364,CCCn1ncc2c(N)c(C(=O)OCC)c(C)nc21
365,CN(C)C(=O)Cc1c(-c2ccc(F)cc2)nc2ccc(F)cn12
366,Cc1ccc2nc(-c3ccc(F)cc3)c(CC(=O)N(C)C)n2c1
367,N#[N+]c1nc(CC(=O)[O-])c[nH]1
368,CCNc1cc2c(cn1)[nH]c1ccccc12
369,C=CCc1c(OC)nc2nc(C(=O)c3ccccc3)cn2c1CC
370,CC(C)C(NC(=O)C(=O)c1c[nH]c2ccc([N+](=O)[O-])cc12)C(=O)O
371,NCC(CC(=O)O)c1cc(Cl)cs1
372,Cc1cc(C)c(C(=O)OC2CCN(C)CC2)cc1C
373,Cc1cccc(NNC(=O)C(=O)c2c[nH]c3ccc([N+](=O)[O-])cc23)c1
374,CCCCCn1ncc2c(N)c(C(=O)N(C)CCC)cnc21
375,CCCCCn1ncc2c(N)c(C(=O)OCCC)c(C)nc21
376,CC(C)c1cc(Cl)cc(C(C)C)c1O
377,Cc1nc2c(c(N)c1C(=O)O)c1ccccc1n2C
378,CCOc1nc2nc(C(=O)c3ccccc3)cn2c2c1CCCC2
379,COc1ccc(CCNC(=O)C(=O)c2c[nH]c3ccccc23)cc1
380,CC1=NS(=O)(=O)c2c(CN)cccc2N1
381,Cn1c2c(c3c(N)c4c(nc31)CCCC4=O)CCCC2
382,O=C(NCc1ccc(O)cc1)C(=O)c1c[nH]c2ccc(Cl)cc12
383,CC1=NC(C)=C(C#N)C(c2ccc3c(c2)c(NC(=O)c2ccccc2C)nn3C)C1C#N
384,COc1ccc(-c2n[nH]c3nc4ccccc4n3c2=O)cc1
385,O=C(Nc1ccccc1)C(=O)c1c[nH]c2ccc([N+](=O)[O-])cc12
386,CN1C(=O)Nc2cccc(CN)c2S1(=O)=O
387,O=[N+]([O-])c1cc(-c2nnc3c4ccccc4c(N4CCCC4)nn23)ccc1Cl
388,COC(=O)CC(C(=O)Oc1c(OC)cccc1OC)N1CCCCCC1
389,CCOC(=O)c1c(C)nc2c(cnn2CCC(C)CC)c1N
390,C=CCOC(=O)c1cnc2c(cnn2CCC(C)C)c1N
391,C=CCNC(=O)c1cnc2c(cnn2CCCCC)c1NCCCC
392,CCCCCn1ncc2c(N)c(C(=O)Nc3ccccc3)cnc21
393,O=S(=O)(c1ccccc1)N1CCCC(c2ccc(-c3ccc4ccccc4c3)cc2)=N1
394,CCCCCn1ncc2c(N)c(C(=O)N(CC)CC)cnc21
395,CC(NC(=O)C(=O)c1c[nH]c2ccccc12)c1ccccc1
396,COc1ccc(-c2nnc3c4ccccc4c(N4CCCC4)nn23)cc1
397,Cn1c(-c2ccccn2)c(C2CCCC2)c2ccc(C(=O)NC3(C(=O)Nc4ccc(C=CC(=O)O)cc4)CCC3)cc21
398,CN(CCCc1cccc(F)c1)C1C2C3CC4C5C3CC2C5C41
399,CCOC(=O)C(C)NC(=O)C(=O)c1c[nH]c2ccc(Br)cc12
400,O=C(NCc1ccccc1Cl)C(=O)c1c[nH]c2ccccc12
401,CN(C)C1Cc2cccc3[nH]c(=O)n(c23)C1
402,Cc1nnc2ccc(-c3cccc(F)c3)nn12
403,N#[N+]c1ncc(CC(=O)[O-])s1
404,COc1ccc(CNC(=O)C(=O)c2c[nH]c3ccccc23)cc1
405,O=CNc1cc2c(cn1)[nH]c1ccccc12
406,CCc1ccc2c(c1)c(OC)c(C)c1nc(C(=O)c3ccccc3)cn12
407,COc1cccc(CNC(=O)C(=O)c2c[nH]c3ccc([N+](=O)[O-])cc23)c1
408,O=C(Nc1nccs1)c1cn2c(n1)sc1ccccc12
409,CN(C)c1nn2c(-c3ccccc3)nnc2c2ccccc12
410,O=C(NCc1ccccc1Cl)C(=O)c1c[nH]c2ccc([N+](=O)[O-])cc12
411,COCCN(CCOC)c1nn2c(-c3ccccc3)nnc2c2ccccc12
412,c1ccc(-c2nnc3c4ccccc4c(N4CCOCC4)nn23)cc1
413,CCCNC1Cc2cccc3[nH]c(=O)n(c23)C1
414,O=C(NNc1ccc(Cl)cc1)C(=O)c1c[nH]c2ccc([N+](=O)[O-])cc12
415,NCCc1no[nH]c1=O
416,CCCCCn1ncc2c(N)c(C(=O)N3CCC3)cnc21
417,COc1cc(C)cc(OC)c1OC(=O)C(CCSC)N1CCCC1
418,COc1ccc(CNC(=O)C(=O)c2c[nH]c3ccccc23)cc1OC
419,O=C(NCc1ccc(Cl)cc1)C(=O)c1c[nH]c2ccc([N+](=O)[O-])cc12
420,On1cc(C2CCNCC2)c(-c2cccc(-c3ccccc3)c2)n1
421,On1cc(C2CCNCC2)c(-c2c[nH]cn2)n1
422,CC(C)c1cc(I)cc(C(C)C)c1O
423,COc1ccc2[nH]c3c(ncc4[nH]c5ccccc5c43)c2c1
424,O=C(NNc1ccc(F)cc1)C(=O)c1c[nH]c2ccc(Cl)cc12
425,Cn1cc(C(=O)C(=O)NCCc2ccc(O)c(O)c2)c2ccccc21
426,O=C(NCCCc1ccccc1)C(=O)c1c[nH]c2ccc(Cl)cc12
427,CN(CCc1ccccn1)C1C2C3CC4C2C(=O)C2C4C3C21
428,CN(Cc1cccc(F)c1)C1C2C3CC4C2C(=O)C2C4C3C21
429,CCOC(=O)c1cc2c(cn1)[nH]c1ccccc12
430,On1ncc(C2CCNCC2)c1-c1c[nH]c(-c2ccccc2)n1
431,O=C(N1CCCC1)N1Cc2c(-c3noc(C4CC4)n3)ncn2-c2ccc(F)cc21
432,CS(=O)(=O)Nc1cc2c(cn1)[nH]c1ccccc12
433,CCCCCn1ncc2c(N)c(C(=O)NC3CC3)cnc21
434,CCCCCn1ncc2c(=O)c(C(=O)OCC)c(C)[nH]c21
435,COc1cccc(CCNC(=O)C(=O)c2c[nH]c3ccccc23)c1
436,COc1nc2nc(C(=O)c3ccccc3)cn2c2c1CSC2
437,O=C(O)C1CCCN(CCOCCc2cccc(N=Nc3cccc4ccccc34)c2)C1
438,O=C(NNc1ccc(F)cc1)C(=O)c1c[nH]c2ccc([N+](=O)[O-])cc12
439,Cc1cccc(NNC(=O)C(=O)c2c[nH]c3ccc(Cl)cc23)c1
440,O=c1c2cnc3cc(OCc4ccccc4)ccc3c2[nH]n1-c1ccccc1
441,O=C(NCCc1ccc(O)cc1)C(=O)c1c[nH]c2ccc(Cl)cc12
442,CC[PH](=O)(=O)C1=CCC(N)C1
443,COc1ccc(OCI)c(CN(C(C)=O)c2cc(F)ccc2Oc2ccccc2)c1
444,O=C(N1Cc2c(-c3noc(C4CC4)n3)ncn2-c2ccccc21)C(F)(F)F
445,CC(C)c1cc(N(C)C)cc(C(C)C)c1O
446,CCN(CC)CC(=O)Oc1c(C(C)C)cccc1C(C)C
447,O=C(NCc1ccc(O)c(O)c1)C(=O)c1c[nH]c2ccccc12
448,O=C(NC1CCc2ccccc21)C(=O)c1c[nH]c2ccc([N+](=O)[O-])cc12
449,O=C(O)CCc1c[nH]cn1
450,C[PH](=O)(=O)CCCN
451,CCCC[PH](=O)(=O)CCCN
452,CN1C(=O)CN=C(c2ccccc2F)c2ccccc21
453,COc1ccc(NC(=O)C(=O)c2c[nH]c3ccc(Cl)cc23)cc1
454,Cn1c2ccccc2c2c(N)c3c(nc21)CCCC3
455,CC1CCc2nc3sc4c(c3c(N)c2C1=O)CCCC4
456,O=c1c2cnc3c(OCc4ccccc4)cccc3c2[nH]n1-c1ccccc1
457,N=C(N)SCCC(=O)O
458,CC(C)c1cccc(C(C)C)c1OC(=O)CN1CCOCC1
459,C#CCN(CC#C)C(=O)c1cnc2c(cnn2CCCCC)c1N
460,Clc1ccc2c(c1)C(c1ccccc1Cl)=NCc1[nH]nnc1-2
461,CC(C)c1cc(C(=O)c2ccccc2)cc(C(C)C)c1O
462,CC(NC(=O)C(=O)c1c[nH]c2ccc(Cl)cc12)C(=O)O
463,CC(C)c1cc(C=O)cc(C(C)C)c1O
464,c1ccc(Cn2cnc3cncnc32)cc1
465,COc1ccc(CNC(=O)C(=O)c2c[nH]c3ccc(Cl)cc23)cc1
466,O=C(NCc1cccc(O)c1)C(=O)c1c[nH]c2ccc([N+](=O)[O-])cc12
467,Clc1cccc2c1[nH]c1c2ncc2[nH]c3ccccc3c21
468,CC(C)c1cccc(C(C)C)c1OC(=O)c1ccccc1
469,CCOC(=O)c1ncc2c(c1COC)c1cc(OCc3ccccc3)ccc1n2C
470,COCCN(CCOC)c1nn2c(-c3ccc(OC(C)C)cc3)nnc2c2ccccc12
471,NCC(CC(=O)O)c1ccsc1
472,CN(C)C(=O)N1Cc2c(C(=O)OC(C)(C)C)ncn2-c2ccc(Cl)cc21
473,CC(=O)N1c2ccccc2-n2cnc(-c3noc(C4CC4)n3)c2C1(C)C
474,CC(=O)Nc1c(F)cc(C(=O)NC2CCC(O)CC2)cc1OC(C)c1ccccc1
475,CN(CCc1ccccn1)C1C2C3CC4C5C3CC2C5C41
476,CN(Cc1cccc(F)c1)C1C2C3CC4C5C3CC2C5C41
477,O=C(NNc1ccccc1)C(=O)c1c[nH]c2ccc([N+](=O)[O-])cc12
478,Nc1c2c(nc3sc4c(c13)CCCCC4)CCCC2=O
479,CC1=NS(=O)(=O)c2ccc(CN(C)C)cc2N1
480,CCCN(CCC)C(=O)Cc1c(-c2ccc(Cl)cc2)nc2c(Cl)cc(Cl)cn12
481,O=C(NC1N=C(c2ccccc2)c2ccccc2NC1=O)c1cc2ccccc2[nH]1
482,COc1ccc(-c2nnc3c4ccccc4c(N4CCCC4)nn23)cc1OC
483,C=CCOC(=O)c1c(C)nc2c(cnn2CC=C(C)C)c1N
484,CCOC(=O)c1c(C)nc2c(c(C)nn2CC)c1N
485,N=c1ccc(-c2cccc(O)c2)nn1CCCC(=O)O
486,Nc1cnn2c1n[n+]([O-])c1ccc(Cl)cc12
487,Nc1nc(CC(=O)O)cs1
488,Cn1cnc(-c2cnn3c2n[n+]([O-])c2ccc(Cl)cc23)n1
489,O=c1[nH]oc(C2CCNCC2)c1Cc1c2ccccc2cc2ccccc12
490,O=Cc1cc2c(cn1)[nH]c1ccccc12
491,CSc1nn(-c2c(Cl)cc(C(F)(F)F)cc2Cl)c(N)c1-c1ccncc1
492,CNC(=O)N1Cc2c(-c3noc(C4CC4)n3)ncn2-c2ccccc21
493,c1ccc(Cn2cnc3c(NC4CC4)ncnc32)cc1
494,C=CCN(C)C(=O)c1cnc2c(cnn2CCC#CC)c1N
495,Cc1cccc(-c2c[nH]n3c(=O)c(-c4ccsc4)cnc23)c1
496,CCCN(CCC)C(=O)Cc1c(-c2ccccc2)nc2c(Br)cc(C)cn12
497,CCc1nc(-c2ncn3c2CN(C(=O)N2CCCC2)c2ccccc2-3)no1
498,CN(NC(=O)C(=O)c1c[nH]c2ccc(Cl)cc12)c1ccccc1
499,CCCCCn1ncc2c(N)c(C(=O)OCC)cnc21
500,COCCN(CCOC)c1nn2c(-c3ccc(Cl)cc3)nnc2c2ccccc12
501,COC(=O)c1ncn2c1CN(C)C(=O)c1ccccc1-2
502,CC(C)(C)OC(=O)N1CCCC1CNC1CCC(c2cc(F)ccc2F)(S(=O)(=O)c2ccc(Cl)cc2)CC1
503,O=C(NCCc1ccc(O)c(O)c1)C(=O)c1c[nH]c2ccc([N+](=O)[O-])cc12
504,CC(=O)C1=C(C)N(c2cccc(C(F)(F)F)c2)C(=O)NC1c1ccc(C#N)nc1
505,CC(NC(=O)Nc1cc2[nH]ncc2c(CO)n1)c1ccccc1
506,CCc1ccccc1C(=O)Nc1[nH]nc2c(C)c(F)c(C3C(C#N)=C(C)N(C)C(C)=C3C#N)cc12
507,O=C(Sc1ccccc1)N1Cc2c(-c3noc(C4CC4)n3)ncn2-c2ccccc21
508,[N-]=[N+]=C1C=C(S(=O)(=O)O)C=CC1=O
509,C1C2C3CC4C2C(NCC25C6C7C8C6C2C8C75)C2C1C3C42
510,CSc1nn(-c2c(Cl)cc(C(F)(F)F)cc2Cl)c(N)c1I
511,[3H]C([3H])([3H])Sc1nn(-c2c(Cl)cc(C(F)(F)F)cc2Cl)c(N)c1C#N
512,O=C(NCc1ccc(O)cc1)C(=O)c1c[nH]c2ccc([N+](=O)[O-])cc12
513,N=c1ccc(-c2cccc(Cl)c2)nn1CCCC(=O)O
514,O=C(N1CCCC1)N1Cc2c(-c3noc(C4CC4)n3)ncn2-c2ccc(Cl)cc21
515,O=C(c1ccccc1)N1Cc2c(-c3noc(C4CC4)n3)ncn2-c2ccccc21
516,NOCC(=O)O
517,O=C(NCc1ccc(Cl)cc1)C(=O)c1c[nH]c2ccccc12
518,CCSC(=O)N1Cc2c(-c3noc(C4CC4)n3)ncn2-c2ccccc21
519,CC(C)c1nc(-c2ncn3c2CN(C(=O)N2CCCC2)c2ccccc2-3)no1
520,N=c1ccc(-c2ccc(O)cc2)nn1CCCC(=O)O
521,On1ncc(C2CCNCC2)c1-c1cn(Cc2ccccc2)c(Cl)n1
522,COC(=O)c1cc2c(cn1)[nH]c1ccccc12
523,Cc1c(CN)o[nH]c1=O
524,COc1ccc(-c2ccc(=N)n(CCCC(=O)O)n2)cc1
525,N=c1ccc(-c2ccccc2)nn1CCCC(=O)O
526,N=c1ccc(-c2cccc([N+](=O)[O-])c2)nn1CCCC(=O)O
527,Cc1ccc(NC(=O)C2=CCC(N)C2)cc1
528,CCOC(=O)C(Cc1c[nH]c2ccccc12)NC(=O)C(=O)c1c[nH]c2ccc(Br)cc12
529,Nc1cc2c(cn1)[nH]c1ccccc12
530,Cc1ccc2[nH]c(CNCCCOc3ccccc3)cc(=O)c2c1
531,FC(F)(F)c1cc(Cl)c(-n2cc(C3(C(F)(F)F)N=N3)cn2)c(Cl)c1
532,CSc1ccccc1-c1c(SC)nn(-c2c(Cl)cc(C(F)(F)F)cc2Cl)c1N
533,CSc1nn(-c2c(Cl)cc(C(F)(F)F)cc2Cl)c(N)c1-c1ccccc1F
534,CSc1nc2nc(C(=O)c3ccccc3)cn2c2c1CCC(C)C2
535,CCOc1nc2nc(C(=O)c3ccccc3)cn2c2c1CSCC2
536,C=CCc1c(SC)nc2nc(C(=O)c3ccccc3)cn2c1C
537,O=C1OCCC12CC2
538,CSc1nn(-c2c(Cl)cc(C(F)(F)F)cc2Cl)c(N)c1-c1cnccn1
539,CSc1nn(-c2c(Cl)cc(C(F)(F)F)cc2Cl)c(N)c1C(=O)O
540,CSc1nn(-c2c(Cl)cc(C(F)(F)F)cc2Cl)c(N)c1-c1ccc(Cl)s1
541,O=C(NCc1cccc(Cl)c1)C(=O)c1c[nH]c2ccc([N+](=O)[O-])cc12
542,Cc1cc2c(c(C#N)c1C)NC(=O)C=NC2c1ccccc1
543,C[PH](=O)(=O)C1=CCC(N)C1
544,N#[N+]C1N=CC[N-]1
545,COc1cc2nc(C(=O)c3ccc(Cl)cc3)cn2c2ccccc12
546,O=c1cc(-c2ccccc2[N+](=O)[O-])oc2ccc(Br)cc12
547,[O-][S+](c1cnn(-c2c(Cl)cc(C(F)(F)F)cc2Cl)c1)C(F)(F)F
548,COc1cc2nc(C(=O)c3ccccc3)cn2c2ccc(C(C)C)cc12
549,C[PH](=O)(=O)CC(O)CN
550,COc1cc2nc(C(=O)c3ccc(C)cc3)cn2c2ccccc12
551,CCN1C(=O)N(c2c(F)c(OC)cc(OC)c2F)Cc2cnc3[nH]c(CN4CCOCC4)cc3c21
552,CCOC(=O)c1c(SC)nn(-c2c(Cl)cc(C(F)(F)F)cc2Cl)c1N
553,O=c1cc(-c2ccc([N+](=O)[O-])cc2)oc2ccc(Br)cc12
554,C=C(C)c1cc2ccc3c(c2c(O)c1O)CCC=C3C
555,On1ncc(C2CCNCC2)c1-c1c[nH]cn1
556,O=C(O)C1CC=NCC1
557,CCSc1ccc(-c2ccccn2)c2c1C(=O)CCC2
558,COC(=O)c1cccc(C(C)C)c1O
559,O=C(O)c1cc2c(cn1)[nH]c1ccccc12
560,CN(C)C(=O)N1c2ccccc2-n2cnc(-c3noc(C4CC4)n3)c2C1(C)C
561,O=C(NCc1ccccc1Cl)C(=O)c1c[nH]c2ccc(Cl)cc12
562,COc1nc2nc(C(=O)c3ccccc3)cn2c2c1CCCCC2
563,Fc1ccccc1C1=NCc2[nH]nnc2-c2ccc(Cl)cc21
564,CSc1nn(-c2c(Cl)cc(C(F)(F)F)cc2Cl)c(N)c1-c1ccc(C(C)C)cc1
565,CSc1cc(C)n2cc(C(=O)c3ccccc3)nc2n1
566,O=c1c(-c2ccsc2)c[nH]c2c(-c3cccnc3)cnn12
567,CC#CCCn1ncc2c(N)c(C(=O)OCC3CC3)c(C)nc21
568,CN(NC(=O)C(=O)c1cn(C)c2ccc([N+](=O)[O-])cc12)c1ccccc1
569,CN1C(=O)Nc2cc(CN)ccc2S1(=O)=O
570,Clc1ccccc1C1=NCc2[nH]nnc2-c2ccccc21
571,CN(C)c1ccc(-c2nnc3c4ccccc4c(N4CCCC4)nn23)cc1
572,CCCCCn1ncc2c(N)c(C(=O)N(C)C)cnc21
573,COc1cccc(-c2c(SC)nn(-c3c(Cl)cc(C(F)(F)F)cc3Cl)c2N)c1
574,O=c1c(-c2ccc(O)cc2)n[nH]c2nc3ccccc3n12
575,CSc1nn(-c2c(Cl)cc(C(F)(F)F)cc2Cl)c(N)c1-c1cc(C)cs1
576,CC(C)c1cccc(C(=O)O)c1O
577,CSc1nn(-c2c(Cl)cc(C(F)(F)F)cc2Cl)c(N)c1-c1ccc(C)cc1
578,C=CCOC(=O)c1c(C)nc2c(cnn2CCCCC)c1N
579,C#CCNC(=O)c1cnc2c(cnn2CCCCC)c1N
580,CSc1nn(-c2c(Cl)cc(C(F)(F)F)cc2Cl)c(N)c1-c1cccc(C(C)(C)C)c1
581,CSc1cc(N)n(-c2c(Cl)cc(C(F)(F)F)cc2Cl)n1
582,C#Cc1ccc2c(c1)C(=O)N(C)Cc1c(C(=O)OCC)ncn1-2
583,O=C(NCc1ccc(O)c(O)c1)C(=O)c1c[nH]c2ccc([N+](=O)[O-])cc12
584,COCCN(CCOC)c1nn2c(-c3ccc(F)cc3)nnc2c2ccccc12
585,NCC(CC(=O)O)c1ccco1
586,O=c1[nH]oc(C2CCNCC2)c1CCc1ccc2ccccc2c1
587,CC(C)(C)OC(=O)c1ncn2c1C1CCC(=O)N1c1ccccc1-2
588,COC(=O)c1cc2c(cn1)[nH]c1ccc(NCc3ccccc3)cc12
589,CCCCCn1ncc2c(N)c(C(=O)OCCCC)c(C)nc21
590,CC#CCCn1ncc2c(N)c(C(=O)N(C)CCC)cnc21
591,C=CCNC(=O)c1c[n+]([O-])c2c(cnn2CCCCC)c1N
592,CCCNc1c(C(=O)OCC)c(C)nc2c1cnn2CC
593,CCCCCn1ncc2c(N)c(C(=O)NC)cnc21
594,CNc1nn2c(-c3ccccc3)nnc2c2ccccc12
595,Nc1ncc[nH]1
596,CCCCc1c(OC)nc2nc(C(=O)c3ccccc3)cn2c1CC
597,Cn1cc(Cl)c2c(Oc3c(F)cc(Nc4cc(Cl)nc(N)n4)cc3F)ccnc21
598,Cc1nnc2ccc(-c3cccc(Cl)c3)nn12
599,CN1C(=O)C(NC(=O)c2cc3ccccc3n2C)N=C(c2ccccc2)c2ccccc21
600,CNC1Cc2cccc3ncn(c23)C1
601,COc1ccc(CNC(=O)C(=O)c2cn(C)c3ccccc23)cc1OC
602,O=C(c1ccco1)N1Cc2c(-c3noc(C4CC4)n3)ncn2-c2ccccc21
603,COC(=O)N1c2ccccc2-n2cnc(-c3noc(C4CC4)n3)c2C1(C)C
604,CC1CC(=O)c2c(SCc3ncn(C)n3)ccc(-c3nccs3)c2C1
605,C#Cc1c(SC)nn(-c2c(Cl)cc(C(F)(F)F)cc2Cl)c1N
606,CCSc1ccc(-c2ncco2)c2c1C(=O)CC(C)C2
607,Cc1cc(Cl)cc2nc(N3CCCN(C)CC3)oc12
608,CCCCCn1ncc2c(N)c(C(=O)O)c(C)nc21
609,CN(C)c1ccc(-c2nnc3c4ccccc4c(N4CCCC4)nn23)c(Cl)c1
610,CC(=O)C1CCC2C3CCC4CC(O)CCC4(C)C3C(=O)CC12C
611,CC1(C)c2c(-c3noc(C4CC4)n3)ncn2-c2ccccc2N1C(N)=O
612,[O-][n+]1nc2c(-n3cccc3)cnn2c2cc(Cl)ccc21
613,Fc1cccc2c1[nH]c1c2ncc2[nH]c3ccccc3c21
614,Cc1cc(-n2nc(Cc3cc(F)cc(C(F)(F)F)c3)nc2C)ccc1C(N)=O
615,CC1=C(C#N)C(c2ccc3[nH]nc(C)c3c2)C(C#N)C(c2ccc(Cl)cc2)=N1
616,Cn1c(-c2csc(C3CCN(CC4=NC5C=CC=NC5N4)CC3)n2)nc2ccccc21
617,NC(=O)c1cc2c(cn1)sc1ccccc12
618,CN(C)C(=O)Cn1cc(-c2nc(C(C)(c3ccc(-c4cnc(N)nc4)cc3)C3CC3)no2)cn1
619,CN(c1ccnc(CNc2nc(Nc3ccc4[nH]c(O)cc4c3)ncc2C(F)(F)F)n1)S(C)(=O)=O
620,CC1(Cc2ccc(C#N)cc2)C(=O)N(c2cc(Cl)cc(Cl)c2)c2ncc(C(=O)NC3(c4nc(C5CCC5)no4)CC3)n21
621,CCOC(=O)c1cn2c(n1)sc1ccccc12
622,CCCCCn1ncc2c(N)c(C(N)=O)cnc21
623,C=CCN(C)C(=O)c1cnc2c(cnn2CCCCC)c1N
624,NC(=O)c1ccc(-c2nnc3c4ccccc4c(N4CCCC4)nn23)cc1
625,C=CCOC(=O)c1c(C)nc2c(cnn2CCCC)c1N
626,C=Cc1cccc2cc(C(=C)C)c(O)c(O)c12
627,O=c1oc2ccccc2c2c1nnn2-c1ccccc1
628,COCCN(CCOC)c1nn2c(-c3cccc(C)c3)nnc2c2ccccc12
629,O=c1c2cnc3ccc(OCc4ccccc4)cc3c2[nH]n1-c1ccc(Cl)cc1
630,CNC(=O)N1c2ccccc2-n2cnc(-c3noc(C4CC4)n3)c2C1(C)C
631,CC(C)OC(=O)N1Cc2c(-c3noc(C4CC4)n3)ncn2-c2ccccc21
632,O=C(N1CCOCC1)N1Cc2c(-c3noc(C4CC4)n3)ncn2-c2cccc(F)c21
633,CN1C(=O)CCC1c1cccnc1
634,COc1cc(OC)c(-c2nnc3c4ccccc4c(N4CCCC4)nn23)cc1OC
635,CC(=O)c1c(NS(C)(=O)=O)c2cc(-c3ccc(Cl)cc3)c(-c3ccc(Cl)cc3Cl)nc2n(C)c1=O
636,CSc1ccc(-c2ccccn2)c2c1C(=O)CC(C)(C)C2
637,COCCN(CCOC)c1nn2c(-c3cccc(Cl)c3)nnc2c2ccccc12
638,CC1=NS(=O)(=O)c2ccc(CN)cc2N1
639,O=C(N1CCCC1)N1Cc2c(-c3noc(C4CC4)n3)ncn2-c2cccc(F)c21
640,COCCC(C(=O)Oc1c(OC)cccc1OC)N1CCCOCC1
641,CCCCc1ccc2c(c1)c(OC)cc1nc(C(=O)c3ccccc3)cn12
642,O=CNC(=O)c1cnn2c1n[n+]([O-])c1ccc(Cl)cc12
643,CN(Cc1cccnc1)C1C2C3CC4C2C(=O)C2C4C3C21
644,C1CCC(CNC2C3C4CC5C6C4CC3C6C52)CC1
645,On1cc(C2CCNCC2)c(-c2cn(Cc3ccccc3)cn2)n1
646,CN(CCCc1cccc(F)c1)C1C2C3CC4C2C(=O)C2C4C3C21
647,CN(CCc1ccccc1)C1C2C3CC4C5C3CC2C5C41
648,COc1cccc(CNC(=O)C(=O)c2c[nH]c3ccc(Cl)cc23)c1
649,CCCOC(=O)c1cn2c(n1)sc1ccccc12
650,O=S(=O)(NC1CCC(c2cc(F)ccc2F)(S(=O)(=O)c2ccc(Cl)cc2)CC1)C(F)(F)F
651,CCOC(=O)c1cnn2c1n[n+]([O-])c1ccc(Cl)cc12
652,CC1CN(c2cc(-c3[nH]nc4ccc(OC5(C)CC5)cc34)ncn2)CC(C)O1
653,NCC(CC(=O)O)c1cccs1
654,FC(F)(F)c1cccc(-c2nnc3c4ccccc4c(N4CCCC4)nn23)c1
655,CCOC(=O)Cc1cn2c(n1)sc1ccccc12
656,COc1cc2nc(C(=O)c3ccccc3)cn2c2ccc(F)cc12
657,O=C(NCc1ccccc1)C(=O)c1c[nH]c2ccccc12
658,O=C(NCC1C2CN(C(=O)OCc3cc(C(F)(F)F)cc(C(F)(F)F)c3)CC12)c1ccc2[nH]nnc2c1
659,[O-][n+]1nc2c(-c3cccs3)cnn2c2cc(Cl)ccc21
660,CC1CN(c2cc(-c3nn(C)c4ccc(OC5(C)CC5)cc34)ncn2)CC(C)O1
661,O=C(NCCCc1ccccc1)C(=O)c1c[nH]c2ccc([N+](=O)[O-])cc12
662,CS(=O)(=O)c1cc(C2(NC(=O)c3cncc4c3cnn4-c3ccc(F)cc3)CC2)ccn1
663,CC(C)CC(=O)N1CCc2nc(-c3ccc(Br)cc3)nc(N(C)Cc3ccccc3)c2C1
664,CN1C(=O)C(N2CCc3c(nn(Cc4ccccc4)c3Br)C2=O)COc2ccccc21
665,CCN(CC)CCCOC(=O)c1ccccc1-c1ccccc1
666,COC1CCC(CNc2ccc(S(=O)(=O)NC(=O)c3ccc(N4CCN(CC5=C(c6ccc(Cl)cc6)CC(C)(C)CC5)CC4)cc3Oc3cnc4[nH]ccc4c3)cc2[N+](=O)[O-])CC1
667,O=c1cc(-c2ccccc2)oc2ccccc12
668,CCCc1ccc2c(c1)c(OC)cc1nc(C(=O)c3ccccc3)cn12
669,CC(C)C1=Cc2cccc(-c3ccccc3)c2C(=O)C1=O
670,OC1(C(F)(F)F)CCCCC1Nc1ccc(F)cc1
671,O=C(NCc1cccc(O)c1)C(=O)c1c[nH]c2ccc(Cl)cc12
672,CC1(C)CCOC1=O
673,CC12NC(Cc3ccccc31)c1ccccc12
674,COC(C)c1c(Nc2ccc(C(N(C)C(=O)C3CCS(=O)(=O)CC3)C(F)(F)F)cc2)cnc2cc(Cl)nn12
675,COc1ccc(-n2[nH]c3c(cnc4ccccc43)c2=O)cc1
676,CN1C(=O)CN=C(c2ccc(Cl)cc2)c2cc(Cl)ccc21
677,O=C(NCc1ccccc1F)C(=O)c1c[nH]c2ccc([N+](=O)[O-])cc12
678,Cn1c2ccccc2c2c(N)c3c(nc21)CCOC3=O
679,Cn1cc(C(=O)C(=O)NNc2ccccc2)c2cc([N+](=O)[O-])ccc21
680,CCC(C(=O)Oc1c(OC)cc(C)cc1OC)N(CCOC)CCOC
681,COc1ccc(NNC(=O)C(=O)c2c[nH]c3ccc(Cl)cc23)cc1
682,NCCC(CC(=O)O)c1ccc(Cl)cc1
683,Cc1ccc(NNC(=O)C(=O)c2c[nH]c3ccc(Cl)cc23)cc1
684,CNC(=O)C1=CCC(N)C1
685,CC#CCCn1ncc2c(N)c(C(=O)NCCC)cnc21
686,C=CCNC(=O)c1cnc2c(cnn2CCCCC)c1N
687,COc1ccc(OCCOS(=O)(=O)c2ccc(C)cc2)c(CN(C(C)=O)c2cc(F)ccc2Oc2ccccc2)c1
688,Cc1cc(-c2nnc3c4c(c(OCc5ccccn5)nn23)CCCC4)no1
689,O=C(C1CC(O)CN1c1ccc(Cl)cc1)N1CC2COCC(C1)N2Cc1ccc(Cl)cc1
690,CN(C)C1Cc2cccc3ncn(c23)C1
691,O=C(O)C1CCCN(CCC#Cc2cccc(N=Nc3ccccc3)c2)C1
692,O=C(NCc1ccc(F)cc1)C(=O)c1c[nH]c2ccccc12
693,O=c1cc(-c2cccc([N+](=O)[O-])c2)oc2ccc([N+](=O)[O-])cc12
694,CSc1nn(-c2c(Cl)cc(C(F)(F)F)cc2Cl)c(N)c1C#N
695,CCc1ccc2c(c1)sc1nc(C(=O)c3ccccc3)cn12
696,Cn1nc(C(F)(F)F)cc1-c1cnc(N2CCc3cc(S(=O)(=O)Nc4c(F)cc(Cl)cc4F)cc(N4CCCC4=O)c32)nc1
697,O=c1c(-c2cccs2)n[nH]c2nc3ccccc3n12
698,CCCc1c(OC)nc2nc(C(=O)c3ccccc3)cn2c1CC
699,O=C(O)c1c(O)cccc1CCc1ccc2ccccc2c1
700,CCCCNc1nn2c(-c3ccccc3)nnc2c2ccccc12
701,CCCN(CCC)C(=O)Cc1c(-c2ccccc2)nc2c(Cl)cc(Cl)cn12
702,CCC(=O)NC1CCC(C(=O)N(C)c2ccc(-c3nc4ccccc4o3)cc2)C1
703,Cc1cc(C)c(-n2ccn3nc(-c4cccnc4)cc23)cc1NC(=O)c1cc(C#N)cc(S(F)(F)(F)(F)F)c1
704,COc1cc(-c2cn(C3CCc4ccccc4N(CC(F)(F)F)C3=O)nn2)ccc1-n1ccc(C)n1
705,CCNC(=O)c1cc2c(N3CCOCC3C)ccnc2[nH]1
706,CCC(=NO)C(C)=Cc1ccc(F)cc1
707,CN(C1CCc2c(CC(=O)O)c3ccccc3n2C1)S(=O)(=O)c1ccc(F)cc1
708,CN1C(=O)CN=C(c2ccccc2)c2ccccc21
709,CN(CCc1cccc(F)c1)C1C2C3CC4C2C(=O)C2C4C3C21
710,CCC(C)N(C)C(=O)c1cc2ccccc2c(-c2ccccc2Cl)n1
711,O=C(O)C1CC[PH](=O)(=O)C1
712,CC(C)Nc1nn2c(-c3ccccc3)nnc2c2ccccc12
713,Cn1cc(C(=O)C(=O)NNc2ccc([N+](=O)[O-])cc2)c2ccccc21
714,CC(=O)N1Cc2c(-c3noc(C4CC4)n3)ncn2-c2ccccc21
715,C#CCCn1ncc2c(N)c(C(=O)OCC=C)c(C)nc21
716,C=CCNC(=O)c1cnc2c(cnn2CCC=CC)c1N
717,COc1cc(CNC(=O)C(=O)c2c[nH]c3ccc(Cl)cc23)ccc1O
718,O=c1c(-c2ccsc2)c[nH]c2c(-c3ccc(F)cc3)cnn12
719,O=c1c(-c2ccsc2)c[nH]c2c(Cc3ccccc3)cnn12
720,CC(C)(C)OC(=O)c1ncn2c1CN(C(=O)N1CCCCC1)c1ccccc1-2
721,CNC(=O)Nc1ccc2c(c1)CCC21OC(=O)N(CC(=O)N(Cc2ccc(F)cc2)C(C)C(F)(F)F)C1=O
722,N=C(N)NCC(=O)O
723,CCC(=O)OC1CCN(C)CC1
724,CN(Cc1ccc2c(c1)OCO2)C1C2C3CC4C5C3CC2C5C41
725,CN1CCC(c2c[nH]c3ccc(-n4ccc5cc(C#N)ccc54)cc23)C1
726,CSc1nn(-c2c(Cl)cc(C(F)(F)F)cc2Cl)c(N)c1-c1nc(C)no1
727,COCCN(CCOC)C(CCSC)C(=O)Oc1c(OC)cc(C)cc1OC
728,[N-]=[N+]=C1C=CC(=O)C(S(=O)(=O)O)=C1
729,COc1ccc(-c2nnc3c4ccccc4c(N(C)CC(C)O)nn23)cc1
730,CC1CCc2nc3sc4c(c3c(N)c2C1=O)CCC4
731,c1cc2c(cc1CNC1C3C4CC5C6C4CC3C6C51)OCO2
732,CN(CC1CCCCC1)C1C2C3CC4C5C3CC2C5C41
733,N#[N+]c1nccn1CC(=O)[O-]
734,CCCCCn1ncc2c(N)c(C(=O)NC(C)C)cnc21
735,COc1ccc(CN(C)C2C3C4CC5C3C(=O)C3C5C4C32)cc1OC
736,CC(c1ccc(F)cc1)N(Cc1cccc(C(=O)O)c1)C(=O)c1cnc2ccccc2c1
737,CNC(=O)c1ccc(Nc2ncc(C(F)(F)F)c(NCc3nccnc3N(C)S(C)(=O)=O)n2)cc1
738,COc1ccc2cc(OCC3(C(=O)O)CN(C(=O)c4ccc(F)cc4)C3)ccc2c1
739,CCN(CC)c1nn2c(-c3ccccc3)nnc2c2ccccc12
740,CC(c1cccc(O)c1)n1cnc2c(=S)[nH]cnc21
741,CSC(=O)N1Cc2c(-c3noc(C4CC4)n3)ncn2-c2ccccc21
742,C1=CC2N=C(CN3CCC(c4nc(-c5cc6ccccc6o5)cs4)CC3)NC2N=C1
743,O=C(O)CC1CCNC1
744,COc1ccc2c(c1)[nH]c1c2ncc2[nH]c3ccccc3c21
745,O=C(NCCc1ccc(O)cc1)C(=O)c1c[nH]c2ccccc12
746,CC1(C)c2c(-c3noc(C4CC4)n3)ncn2-c2ccc(Cl)cc2N1C(=O)N1CCCC1
747,COc1ccc2c(c1)OC(c1ccc(OC)c(OC)c1)CC2NC(=O)C1(c2ccc3c(c2)OC(F)(F)O3)CC1
748,COc1ccc(F)c(-c2ccc(COc3cccc(C(CC(=O)O)C4CC4)c3)cc2C2=CCCC2(C)C)c1
749,CCOC(=O)N1Cc2c(OC)nc3nc(C(=O)c4ccccc4)cn3c2C1
750,CCN(CC)C(=O)N1Cc2c(-c3noc(C4CC4)n3)ncn2-c2ccccc21
751,O=C(C(=O)N1Cc2ccccc2C1)c1c[nH]c2ccccc12
752,O=C(N1CCCC1)N1Cc2c(-c3noc(C4CC4)n3)ncn2-c2ccccc21
753,COc1ccc(-c2cc(C#N)c(=O)n(C)c2-c2ccc(N(C)C)cc2)cc1
754,CSc1nn(-c2c(Cl)cc(C(F)(F)F)cc2Cl)c(N)c1-c1cccc(C(F)(F)F)c1
755,Cc1ccc(CN2CCN(C(=O)C(=O)Nc3ccc4c(ccn4C)c3)CC2)cc1
756,CN(C)c1ncnc2c1ncn2C1Cc2ccccc2C1
757,CCC(=O)c1cn2c(cc(OC)c3cc(CC)ccc32)n1
758,C=CCONC(=O)C1=CCC(N)C1
759,c1ccc(-c2nnc3c4ccccc4c(N4CCCC4)nn23)cc1
760,CC(C)c1cc(Br)cc(C(C)C)c1O
761,O=C(NCCc1c[nH]c2ccccc12)C(=O)c1c[nH]c2ccc([N+](=O)[O-])cc12
762,O=C(NS(=O)(=O)c1ccc(NCC2CCOCC2)c([N+](=O)[O-])c1)c1ccc(N2CCN(Cc3ccc(C(F)(F)F)cc3-c3ccc(Cl)cc3)CC2)cc1Oc1cnc2[nH]ccc2c1
763,Nc1cnc(N2CCc3cc(S(=O)(=O)Nc4c(F)cc(Cl)cc4F)cc(N4CCCC4=O)c32)nc1
764,CN(C)c1ncnc2c1ncn2-c1ccccc1
765,CCOC(=O)c1c(C)nc2c(cnn2Cc2ccccc2)c1N
766,C=CCCn1ncc2c(N)c(C(=O)OCC=C)c(C)nc21
767,C=CCOC(=O)c1c(C)nc2c(cnn2CC=C)c1N
768,CCCCCn1ncc2c(N)c(C(=O)OCC)c(C)nc21
769,CCSc1ccc(-c2nccs2)c2c1C(=O)CC(C)C2
770,CN(CCc1ccccc1)C1C2C3CC4C2C(=O)C2C4C3C21
771,CCOC(=O)c1ncc2[nH]c3ccc(O)cc3c2c1COC
772,O=C(O)c1cn2c(n1)sc1ccccc12
773,C=CCc1c(OC)nc2nc(C(=O)c3ccccc3)cn2c1C
774,CC1CC(=O)c2c(Sc3cccs3)ccc(-c3ccccn3)c2C1
775,NCC(CC(=O)O)c1ccc(Br)s1
776,N=C(N)NCCC(=O)O
777,C#CCCCn1ncc2c(N)c(C(=O)NCC=C)cnc21
778,O=C(NNc1ccc(O)cc1)C(=O)c1c[nH]c2ccc(Cl)cc12
779,NS(=O)(=O)c1cc(NC(=O)Cc2ccccc2)ccc1Oc1cccc(Cl)c1
780,COC(=O)c1cn2c(n1)sc1ccccc12
781,On1cc(C2CCNCC2)c(-c2cn(Cc3ccccc3)c(Cl)n2)n1
782,Cc1noc(-c2ncn3c2CN=C(c2ccccc2)c2ccccc2-3)n1
783,Cc1nnc2n1-c1ccc(Cl)cc1C(c1ccccc1)=NC2
784,CCc1c(C(=O)OC)ncc2[nH]c3cc(OC)c(OC)cc3c12
785,Cc1nnc2ccc(-c3cccc(N)c3)nn12
786,Cc1cc2c(-c3ccco3)cnc(NC3CCN(C)CC3C(=O)NC3CCCCC3)c2[nH]c1=O
787,CCCOc1ccc(C2C(C(=O)O)C(c3ccc4c(c3)OCO4)CN2CC(=O)Nc2c(CC)cccc2CC)cc1
788,Cc1c(Oc2c(F)cccc2F)c(OC(C)C)nn1-c1ncc(C2CC2)cc1F
789,CN=C(N)NCCCC(NC(=O)C(CC(C)C)NC(=O)NNC(=O)C(Cc1ccccc1)NC(=O)C(CO)NC(=O)C(CC(N)=O)NC(=O)C(Cc1cccnc1)NC(=O)C(N)Cc1ccc(O)cc1)C(=O)NCC(N)=O
790,Cn1cc(C(=O)C(=O)NCc2cccc(O)c2)c2ccccc21
791,CN(NC(=O)C(=O)c1c[nH]c2ccc([N+](=O)[O-])cc12)c1ccccc1
792,O=C(O)c1ccc(-c2nnc3c4ccccc4c(N4CCCC4)nn23)cc1
793,O=C(N1CCOCC1)N1Cc2c(-c3noc(C4CC4)n3)ncn2-c2ccccc21
794,C=CCOC(=O)c1cnc2c(cnn2CCCCC)c1N
795,COc1cc2nc(C(=O)c3ccccc3)cn2c2ccc(C)cc12
796,Cc1nnc(CNC(=O)CN)n1-c1ccc(Cl)cc1C(=O)c1ccccc1
797,CCC(=O)c1c(C)nc2c(c1N)c1ccccc1n2C
798,C#CCCCn1ncc2c(N)c(C(=O)OCC)c(C)nc21
799,CSc1nn(-c2c(Cl)cc(C(F)(F)F)cc2Cl)c(N)c1Cl
800,COc1ccc(CCNC(=O)C(=O)c2c[nH]c3ccc(Cl)cc23)cc1OC
801,c1ccc(CNc2nn3c(-c4ccccc4)nnc3c3ccccc23)cc1
802,CCCCCn1ncc2c(N)c(C(=O)NCc3ccccc3)cnc21
803,CCNc1nn2c(-c3ccccc3)nnc2c2ccccc12
804,CCc1ccc2c(c1)c(OC)cc1nc(C(=O)c3ccccn3)cn12
805,CCCN(CCC)C(=O)Cc1c(-c2ccccc2)nc2c(C)cc(Br)cn12
806,O=C(NCc1ccc(F)cc1)C(=O)c1c[nH]c2ccc([N+](=O)[O-])cc12
807,CN(C)C(=O)N1Cc2c(-c3noc(C4CC4)n3)ncn2-c2cccc(F)c21
808,CC(=O)Nc1cc2c(cn1)[nH]c1ccccc12
809,N=C1NC(CC(=O)O)CS1
810,CCSc1ccc(-c2cccc[n+]2[O-])c2c1C(=O)CC(C)C2
811,Fc1ccc2[nH]c3c(ncc4[nH]c5ccccc5c43)c2c1
812,CCCCCn1ncc2c(N)c(C(=O)NOCC)cnc21
813,CCCCCc1nc(N)c2nc(-n3nccn3)n(C)c2n1
814,O=c1c(-c2ccsc2)c[nH]c2c(-c3ccccc3)cnn12
815,Cc1ccsc1C(CN)CC(=O)O
816,CC(=O)C1CCC2C3CCC4CC(O)(C#Cc5ccccc5O)CCC4(C)C3CCC12C
817,Cc1ccc(-c2nc3ccc(F)cn3c2CC(=O)N(C)C)cc1
818,CCCCCn1ncc2c(N)c(C(=O)OCC)c(CC)nc21
819,CN(C)C(=O)Cn1cc(-c2nc(C3(c4ccc(-c5cnc(N)nc5)cc4)CC3)no2)cn1
820,COc1ccc2c(OC3CC4C(=O)NC5(C(=O)O)CC5C=CCCCCCC(NC(=O)OC5CCCC5)C(=O)N4C3)cc(-c3csc(NC(=O)C(C)C)n3)nc2c1C
821,O=C(Nc1cc2c(cn1)[nH]c1ccccc12)C(F)(F)F
822,CC(=O)Oc1c(C(C)C)cccc1C(C)C
823,COCCN(CCOC)c1nn2c(-c3ccc(O)cc3)nnc2c2ccccc12
824,CCCCCn1ncc2c(N)c(C(=O)NCC)cnc21
825,NC(=O)N1Cc2c(-c3noc(C4CC4)n3)ncn2-c2ccccc21
826,C#CCOC(=O)c1c(C)nc2c(cnn2CCCCC)c1N
827,CCCCCn1ncc2c(N)c(C(=O)OCC3CC3)c(C)nc21
828,O=C(Nc1ccccc1)N1Cc2c(-c3noc(C4CC4)n3)ncn2-c2ccccc21
829,CC(C)NC(=O)N1Cc2c(-c3noc(C4CC4)n3)ncn2-c2ccccc21
830,CCOC(=O)C1Cc2c(sc3ccccc23)CN1
831,CC(=O)Nc1c(C(C)=O)c(=O)n(C)c2nc(-c3ccc(Cl)cc3Cl)c(-c3ccc(Cl)cc3)cc12
832,O=C(NNc1ccc([N+](=O)[O-])cc1)C(=O)c1c[nH]c2ccc(Cl)cc12
833,Cc1noc(C2CC(c3ccc(C(F)(F)F)cc3)CN(C(=O)N3CCS(=O)(=O)C3)C2)n1
834,CN(C)C=NC(=O)c1cnn2c1n[n+]([O-])c1ccc(Cl)cc12
835,O=C(NCc1ccccc1)C(=O)c1c[nH]c2ccc(Cl)cc12
836,Nc1ncc(CC(=O)O)s1
837,C#CCCCn1ncc2c(N)c(C(=O)OCC3CC3)c(C)nc21
838,CSc1nn(-c2c(Cl)cc(C(F)(F)F)cc2Cl)c(N)c1-c1ccc(C(C)=O)s1
839,CSc1nn(-c2c(Cl)cc(C(F)(F)F)cc2Cl)c(N)c1-c1cncnc1
840,O=C1Nc2ccc(Cl)cc2C(c2ccccc2)=NC1Cc1c[nH]c2ccccc12
841,CCCCCn1ncc2c(N)c(C(=O)N3CCCC3)cnc21
842,Cn1cncc1C(O)(COc1ccc(C#N)cc1-c1ccc(OC(F)(F)F)cc1)c1ccc(C#N)cc1
843,Cn1cc(C(=O)C(=O)NNc2ccccc2)c2ccccc21
844,CC(c1ccnc(Nc2nc3cc(-c4cc(N(C)C)ncn4)ccc3[nH]2)c1)N1CCN(C(=O)CC(F)(F)F)CC1
845,CCOc1nc2nc(C(=O)c3ccccc3)cn2c2c1CCC2
846,CCCCCn1ncc2c(N)c(C(=O)OCCC3CC3)c(C)nc21
847,CSc1nn(-c2c(Cl)cc(C(F)(F)F)cc2Cl)c(N)c1-c1ccc(Cl)cc1
848,Cc1c(N2CCCC2)nc2ccc(Br)cc2c1C(=O)NCC(CCC(=O)O)c1ccccc1Cl
849,O=C(O)Cc1c[nH]cn1
850,CCOC(=O)c1c(C)nc2c(cnn2CC(C)CC)c1N
851,CSc1ccc(-c2ccccn2)c2c1C(=O)CC(C)C2
852,N#CC1(c2ccccn2)CCN(Cc2cc(C(=O)O)c(=O)n3ccccc23)CC1
853,Cc1nccc(COC(=O)N2CC3C(CNC(=O)c4ccc5[nH]nnc5c4)C3C2)n1
854,CCc1c(C2CCNCC2)o[nH]c1=O
855,CSc1nn(-c2c(Cl)cc(C(F)(F)F)cc2Cl)c(N)c1-c1cccnc1
856,C#CCCCn1ncc2c(N)c(C(=O)OCC=C)c(C)nc21
857,c1ccc(-c2nnc3c4ccccc4c(N4CCCCC4)nn23)cc1
858,O=C(NNc1ccccc1)C(=O)c1c[nH]c2ccccc12
859,CN(NC(=O)C(=O)c1c[nH]c2ccccc12)c1ccccc1
860,O=C(Nc1ccccc1)C(=O)c1c[nH]c2ccccc12
861,O=c1oc2ccccc2c2nc(-c3ccc(Cl)cc3)nn12
862,[O-][n+]1nc2c(-c3ccsc3)cnn2c2cc(Cl)ccc21
863,CSc1nn(-c2c(Cl)cc(C(F)(F)F)cc2Cl)c(N)c1-c1ccccc1C(F)(F)F
864,C=CCNC(=O)c1c[nH]c2c(cnn2CCCCC)c1=O
865,CN1CCN(C2=Nc3cc(Cl)ccc3Nc3ccccc32)CC1
866,CCNC(=O)N1Cc2c(-c3noc(C4CC4)n3)ncn2-c2ccccc21
867,CSC(=O)N1c2ccccc2-n2cnc(-c3noc(C4CC4)n3)c2C1(C)C
868,CC#CCCn1ncc2c(N)c(C(=O)OCC)c(C)nc21
869,Cc1c(Oc2ccc(F)cc2)c(OC(C)C)nn1-c1ccc(C2CC2)cn1
870,CC(=O)c1cc2c(cn1)[nH]c1ccccc12
871,[N-]=[N+]=Nc1ccc(C(=N)NCCCC(=O)O)cc1
872,CCS(=O)(=O)c1cc2cc(CC(O)(CC(C)(C)c3ccc(F)cc3C(N)=O)C(F)(F)F)[nH]c2cn1
873,CC1CN(c2ncc(Cl)c(Nc3ccc4c(c3)n(CCC(C)(C)O)c(=O)n4C)n2)CC(C)C1(F)F
874,COc1ccc(CCC(OC(=O)C2CCCCN2C(=O)C(c2cc(OC)c(OC)c(OC)c2)C2CCCCC2)c2cccc(OCCN3CCOCC3)c2)cc1OC
875,CCCC(C)C1(CC)C(=O)NC(=O)NC1=O
876,COC(=O)CC(C(=O)Oc1c(OC)cccc1OC)N1CCCCC1
877,C[n+]1cccc(C(=O)[O-])c1
878,OC12C3C4CC5C6C4C1C6C(C53)N2Cc1cccnc1
879,COc1cccc2ncc3c(=O)n(-c4ccccc4)[nH]c3c12
880,CCSc1ccc(-c2cnccn2)c2c1C(=O)CC(C)C2
881,CCC1CCc2nc3c(c(N)c2C1=O)c1ccccc1n3C
882,O=c1c(-c2ccccc2)n[nH]c2nc3ccccc3n12
883,O=C(NCc1cccc(Cl)c1)C(=O)c1c[nH]c2ccccc12
884,COc1ccc(OCCF)c(CN(C(C)=O)c2cc(F)ccc2Oc2ccccc2)c1
885,CCOC(=O)c1c(C)nc2c(cnn2CC)c1NC
886,COc1c(C(C)C)cccc1C(C)C
887,COCc1nc2cnc3cc(-c4c(C)noc4C)c(OCC4CCNC4)cc3c2n1C(C)c1ccccc1
888,COc1cccc(CNC(=O)c2nc(=O)c3c(COCc4ccc(C(=O)O)cc4)csc3[nH]2)c1
889,COc1nc2nc(C(=O)c3ccccc3)cn2c2c1CCC(C)C2
890,O=C(OC1CCCCC1)c1cn2c(n1)sc1ccccc12
891,O=C(Nc1ccccc1)C(=O)c1c[nH]c2ccc(Cl)cc12
892,O=C(c1ccc[nH]1)N1Cc2c(-c3noc(C4CC4)n3)ncn2-c2ccccc21
893,O=c1c2cnc3cccc(OCc4ccccc4)c3c2[nH]n1-c1ccccc1
894,CCc1c(SC)nc2nc(C(=O)c3ccccc3)cn2c1C
895,O=C(O)C1=CCCNC1
896,O=c1c(-c2ccsc2)c[nH]c2c(-c3cccc(C(F)(F)F)c3)cnn12
897,N#[N+]c1nc(CC(=O)[O-])cs1
898,CN1CCN(c2cnc3c(C4CCN(C(=O)c5ccc(OC(F)(F)F)cc5N)CC4)ncnc3c2)CC1
899,O=c1[nH]oc(C2CCNCC2)c1Cc1ccc2ccccc2c1
900,CC(=O)C1CCC2C3CC4CC(O)CCC4(C)C3CCC12C
901,CCOC(=O)CNC(=O)C(=O)c1c[nH]c2ccc(Cl)cc12
902,Cc1cnc(-c2cc(Cl)ccc2F)cc1-n1c(=O)n(CC(N)=O)c2cnccc21
903,N#[N+]c1cccc(S(=O)(=O)[O-])c1
904,NCC(CCC(=O)O)c1ccc(Cl)cc1
905,N=c1ccc(-c2ccc([N+](=O)[O-])cc2)nn1CCCC(=O)O
906,COc1nc2nc(C(=O)c3ccccc3)cn2c(C)c1OC
907,O=C(NC(Cc1ccc(O)cc1)C(=O)O)C(=O)c1c[nH]c2ccc([N+](=O)[O-])cc12
908,O=C(O)CNC(=O)C(=O)c1c[nH]c2ccc(Cl)cc12
909,CN(C)C(=O)N1Cc2c(-c3noc(C4CC4)n3)ncn2-c2ccc(Cl)cc21
910,CN(C)C(=O)N1Cc2c(-c3noc(C4CC4)n3)ncn2-c2ccc(F)cc21
911,COC(=O)c1c(SC)nn(-c2c(Cl)cc(C(F)(F)F)cc2Cl)c1N
912,Clc1ccc2c(c1)[nH]c1c2ncc2[nH]c3ccccc3c21
913,COCCN(CCOC)c1nn2c(-c3ccc(OC)cc3)nnc2c2ccccc12
914,N=c1ccc(-c2ccc(Cl)cc2)nn1CCCC(=O)O
915,CC(C)(C)Nc1nn2c(-c3ccccc3)nnc2c2ccccc12
916,CCN(C)c1nn2c(-c3ccccc3)nnc2c2ccccc12
917,Cc1c[nH]c2nccc(Oc3c(F)cc(Nc4cc(Cl)nc(N)n4)cc3F)c12
918,CCc1c(OC)nc2nc(C(=O)c3ccccc3)cn2c1CC
919,COc1ccc(NC(=O)C(=O)c2c[nH]c3ccccc23)cc1
920,CN1C(=O)CN=C(c2ccccc2F)c2cc([N+](=O)[O-])ccc21
921,O=C1C=NC(c2ccccc2)c2cc(Cl)ccc2N1
922,CSc1nn(-c2c(Cl)cc(C(F)(F)F)cc2Cl)c(N)c1-c1cccs1
923,CC1CC(=O)c2c(SCc3c[nH]nn3)ccc(-c3nccs3)c2C1
924,Nc1nc(CC(=O)O)c[nH]1
925,CC(C)(C)c1nc(-c2ncn3c2CN(C(=O)N2CCCC2)c2ccccc2-3)no1
926,Cc1nnc(CNC(=O)CCCN)n1-c1ccc(Cl)cc1C(=O)c1ccccc1
927,O=C(O)C1=CCCN(CCC=C(c2ccccc2)c2ccccc2)C1
928,COC(=O)c1cc(-c2ccc(OC)cc2)c(-c2ccc(N(C)C)cc2)n(C)c1=O
929,CCCCCn1ncc2c(N)c(C(=O)N(CC)CCC)cnc21
930,CC1(CC#N)CCC2C(CCC3CC(O)CCC32C)C1
931,O=C(NCc1cccc(Cl)c1)C(=O)c1c[nH]c2ccc(Cl)cc12
932,CC(c1cccc(C#N)c1)n1cc(Cl)cc(C(N)=O)c1=N
933,O=C(N1CCCC1)N1Cc2c(-c3noc(C4CC4)n3)ncn2-c2cccc(Cl)c21
934,O=c1cc(-c2ccc(O)c(-c3c(O)cc(O)c4c(=O)cc(-c5ccc(O)cc5)oc34)c2)oc2cc(O)cc(O)c12
935,NCCCCc1no[nH]c1=O
936,N#[N+]c1cc[n+]([O-])cc1
937,CC1(C)c2c(-c3noc(C4CC4)n3)ncn2-c2ccccc2N1C(=O)N1CCCC1
938,CCCCN(CCCC)C(=O)CN1CC(c2cc(OC)c3c(c2)OCO3)C(C(=O)O)C1CC(C)(C)CCC
939,CC(=O)c1cc(C)c(C)c(C#N)c1N
940,COC(=O)C(Cc1ccc(O)cc1)NC(=O)C(=O)c1c[nH]c2ccc([N+](=O)[O-])cc12
941,CCC(=NO)C(C)=Cc1ccc(F)c(C)c1
942,CN=C(N)NCCCC(NC(=O)C(CC(C)C)NC(=O)NNC(=O)C(Cc1ccccc1)NC(=O)C(CO)NC(=O)C(CC(N)=O)NC(=O)C(Cc1ccncc1)NC(=O)C(N)Cc1ccc(O)cc1)C(=O)NC(Cc1ccccc1)C(N)=O
943,COC(CNCC(=O)Oc1c(C(C)C)cccc1C(C)C)OC
944,CCc1cc(OC)nc2nc(C(=O)c3ccccc3)cn12
945,CC(NC(=O)c1cnc2n1C(C)(Cc1ccc(C#N)cc1)C(=O)N2c1cc(Cl)c(F)c(Cl)c1)C(=O)NC1(c2ccccn2)CC1
946,CC(C)c1cc(N)cc(C(C)C)c1O
947,CCCN(CCC)CC(=O)Oc1c(C(C)C)cccc1C(C)C
948,c1ccc(CN2CCN(c3nc4ccsc4n4cccc34)CC2)cc1
949,O=C(O)c1cc(-c2ccc(C3CCNCC3)cc2)c2ccc(-c3ccc(C(F)(F)F)cc3)cc2c1
950,NCCCc1no[nH]c1=O
951,CCOCCn1cc(C(=O)Nc2ccc(-n3nc(-c4cccnc4)cc3C(F)(F)F)cn2)ccc1=O
952,CSc1ccc(-c2c(SC)nn(-c3c(Cl)cc(C(F)(F)F)cc3Cl)c2N)cc1
953,CS(=O)(=O)NCCC(NC(=O)c1cncc2c1cnn2-c1ccc(F)cc1)c1ccnc(S(C)(=O)=O)c1
954,CN(C)c1ncnc(-c2ccc3[nH]c(Nc4cc(CN5CCN(C(=O)CC(F)(F)F)CC5)ccn4)nc3c2)c1Cl
955,Cc1nc(-c2cnn3c2n[n+]([O-])c2ccc(Cl)cc23)no1
956,CSc1nn(-c2c(Cl)cc(C(F)(F)F)cc2Cl)c(N)c1-c1cccc(C)c1
957,CCOC(=O)C(C)NC(=O)C(=O)c1c[nH]c2ccc(Cl)cc12
958,On1ncc(C2CCNCC2)c1-c1cccc(-c2ccccc2)c1
959,N=c1ccc(-c2ccc(OCc3ccccc3)cc2)nn1CCCC(=O)O
960,CN1C(=O)C(N2CCc3cn(Cc4ccccc4)nc3C2=O)COc2ccccc21
961,CC(=O)N1CCC(c2ccc(C(=O)NC3=NCCN3)cc2C(F)(F)F)CC1
962,c1ccc2c(c1)[nH]c1c2ncc2[nH]c3ccccc3c21
963,CC(NC(=O)C(=O)c1c[nH]c2ccc([N+](=O)[O-])cc12)C(=O)O
964,Cn1nc(C(=O)NCc2ccc(C(=O)O)cc2)cc1-c1ccc2[nH]ccc2c1
965,COc1cccc(CNC(=O)c2nc(=O)c3c(CN(C)Cc4ccccc4)csc3[nH]2)c1
966,N#CC1(c2ccccn2)CCN(Cc2cc(C(=O)N3CCCC3)c(=O)n3ccccc23)CC1
967,CC(=O)C1CCC2C3CCC(CCO)CC3CCC12C
968,Cc1nnc2ccc(-c3ccc(F)cc3)nn12
969,CC(C)c1cc([N+](=O)[O-])cc(C(C)C)c1O
970,CNC(=O)c1cc(C(=O)NC2CC2)cn(Cc2ccccc2)c1=O
971,O=C(O)C1CCCN(CCC=C(c2ccccc2)c2ccccc2)C1
972,CCOc1cc(N2C3COCC2CN(C(=O)C2CC(O)CN2c2ccc(Cl)cc2)C3)ccc1Cl
973,O=C(N1CCS(=O)(=O)CC1)N1CC(c2ccc(OC(F)(F)F)cc2)CC(c2nc(C3CC3)no2)C1
974,Cc1nc(C2CCN(C(=O)c3ccc(OC(F)(F)F)cc3N)CC2)c2ncc(N3CCN(C)CC3)cc2n1
975,O=C(Nc1ccc(Oc2ccc(F)cc2)cc1)N1CCc2ncccc2C1c1ccc(F)cc1
976,COc1cc(NC2CCCCC2(O)C(F)(F)F)ccc1F
977,O=C1CCc2cc(Nc3cc(OC4CCOCC4)c([N+](=O)[O-])cc3Cl)ccc2N1
978,O=C(c1ccc(F)cc1)N1CC(COc2ccc(Br)cc2)(C(=O)O)C1
979,Nc1nc(CC(N)C(=O)O)c[nH]1
980,FC(F)(F)c1ccc2c(c1)nc(-c1cccnc1)n2C1CC1
981,Cc1ccccc1Oc1cc(-n2c(=O)cc(C(F)(F)F)[nH]c2=O)c2ccccc2c1Cl
982,O=C1NC(c2ccccn2)Sc2ccccc21
983,O=C(Nc1cnc(Oc2ccc(F)cc2)nc1)N1CCc2ncccc2C1c1ccc(F)cc1
984,O=C(O)C1CCCNC1
985,CCOC(=O)c1cc2cc(-c3cc(C(=O)NCc4ccc(C(=O)O)cc4)nn3C)ccc2[nH]1
986,Nc1nc(NCc2ccccc2)nc(-c2cccc(CO)c2)n1
