Code,SMILES
P9959766,Cc1ccc(-c2nc(C#N)c(S(=O)(=O)N(C)CCO)o2)cc1
P9958109,CCOC(=O)c1cn2c(n1)CCC2
P970443,N#Cc1ccc(CSc2nc(O)cc(O)n2)cc1
P9080671,Fc1ccc(-c2nnnn2-c2ccc(Br)cn2)cc1
P7715530150,CCc1ccc(NC(=O)c2c(C(=O)Nc3ccc(C(=O)OC)cc3)sc3nc(C)cc(=O)n23)cc1
P7570662,COC(=O)[C@H]1CC[C@H]2[C@@H]3CC=C4C[C@@H](O)CC[C@]4(C)[C@H]3CC[C@]12C
P7570661,CC(=O)O[C@H]1CC[C@@]2(C)C(=CC[C@H]3[C@@H]4CC[C@H](C(=O)O)[C@@]4(C)CC[C@@H]32)C1
P7570660,CC(=O)O[C@H]1CC[C@@]2(C)C(=CC[C@H]3[C@@H]4CC[C@@H]([C@]5(C)CCC(=O)O5)[C@@]4(C)CC[C@@H]32)C1
P7570655,C[C@H](C(=O)O)[C@H]1CC[C@H]2[C@@H]3CC[C@@H]4C[C@H]5CC[C@]4(C)[C@@]3(O5)C(=O)C[C@]12C
P7570645,COC(=O)CC[C@@H](C)[C@H]1CC[C@H]2[C@@H]3CC[C@@H]4C[C@H](O)CC[C@]4(C)[C@H]3C[C@H](OC)[C@]12C
P7570383,C[C@]12CCCC[C@@H]1CC[C@@H]1[C@@H]2CC[C@@]2(C)[C@H]1CC[C@]2(C)O
P7569515,C[C@]12CCCC[C@@H]1CC[C@@H]1[C@@H]2CC[C@]2(C)[C@@H](O)CC[C@@H]12
P7569347,CSc1nc2n(n1)C(c1ccc(C(F)(F)F)cc1)C1=C(CC(C)(C)CC1=O)N2
P7566896,Cc1n[nH]c(C)c1CCC(=O)NCCc1nc2ccccc2[nH]1
P7566870,O=C(NCCCc1nnc2ccccn12)c1cc(F)ccc1-n1cnnn1
P7566785,C[C@@H](C(=O)NCCc1nc2ccccc2[nH]1)N1Cc2ccccc2C1=O
P7566561,Cc1noc2nc(-c3ccccc3)cc(C(=O)Nc3n[nH]c(CC(C)C)n3)c12
P7565213,COc1ccc2cnn(CC(=O)NCCCc3nc4ccccc4[nH]3)c(=O)c2c1OC
P7565197,CCOC(=O)c1csc(NC(=O)c2ccccc2-n2cnnn2)n1
P7565081,O=C(NCc1nnc2ccccn12)c1cc(Br)ccc1-n1cnnn1
P7564374,Cc1oc2c(C)c3oc(=O)c(CCC(=O)NCCc4ccccn4)c(C)c3cc2c1C
P7560625,Cn1c(Sc2ncnc3[nH]cnc23)nc2c1c(=O)n(Cc1ccc(Cl)cc1)c(=O)n2C
P7560370,Cn1c(Sc2ncnc3[nH]cnc23)nc2c1c(=O)n(Cc1ccccc1)c(=O)n2C
P7560226,Cn1c(SCCCO)nc2c1c(=O)n(Cc1ccc(Cl)cc1)c(=O)n2C
P7559882,Cn1c(=O)[nH]c(=O)c2c1nc(NCc1cccnc1)n2CCO
P7553701,N#Cc1nc(-c2ccccc2)oc1S(=O)(=O)Cc1ccc(Cl)cc1Cl
P7413180399,Cc1ccc(SC/C(O)=C(\C#N)c2nc3ccccc3n2C)cc1
P7413180397,COc1ccc(N2C(=O)c3sc4nc5ccccc5n4c3C2=O)cc1
P7217970243,Cc1ccc(-c2csc3ncnc(Oc4ccc5c(c4)OCO5)c23)cc1
P7217961504,CC(=O)c1c(C)oc2ccc(N(C(C)=O)S(=O)(=O)c3ccc(F)cc3C)cc12
P7217960085,Cc1ccc(NS(=O)(=O)c2cc3c4c(cccc4c2)C(=O)NC3=O)cc1
P7217930100,O=S(=O)(NCCc1ccccn1)c1ccc2ccccc2c1
P7217220868,O=C(C1=C(O)C(=O)N(CCCn2ccnc2)C1c1ccccc1)c1cc2ccccc2o1
P7217220852,COc1ccc(C2C(C(=O)c3cc4ccccc4o3)=C(O)C(=O)N2CCN2CCOCC2)cc1OC
P7217050004,C=CCn1c(=O)c2c(C)c(C)sc2n2c(Nc3ccc(OC)cc3)nnc12
P7216450141,Cc1cc(C)n2c(SCc3nnnn3-c3ccccc3)nnc2n1
P7216050356,CC(=O)OC1CCC2(C)C(=CCC3C2CCC2(C)C3CCC2C2(C)CCC(=O)O2)C1
P7216050351,CC(C(=O)O)C1CCC2C3CC[C@@H]4C[C@H]5CC[C@]4(C)[C@@]3(O5)C(=O)C[C@]12C
P7215700255,Cn1c(SCC(=O)c2ccc(Cl)cc2Cl)nnc1-c1cccnc1
P7215700198,COC(=O)CSc1nnc(-c2sc3ccccc3c2Cl)n1C
P7214590421,Cc1sc2ncnc(SCC(=O)c3ccc4ccccc4c3)c2c1C
P7214590314,Cc1sc2ncnc(Sc3nnnn3-c3ccccc3)c2c1-c1ccccc1
P7214170053,CCOC(=O)CCCSc1nc(N)c2c(C)c(Cc3ccccc3)sc2n1
P7213400024,COc1ccc(S(=O)(=O)Nc2cccnc2)cc1C(=O)O
P7213380148,CN(C)CCCN1C(=O)C(O)=C(C(=O)c2ccc(Cl)cc2)C1c1ccncc1
P7213330387,Cc1nc(SCC(=O)Nc2c(F)cccc2F)c2cc(-c3ccccc3)sc2n1
P7213330070,COc1ccc(CCNC(=O)CSc2ncnc3sc4c(c23)CCCC4)cc1
P7213330066,COc1ccc(CCNc2ncnc3sc4c(c23)CCCC4)cc1.O=C(O)C(=O)O
P7213330064,COc1ccc(CCNc2ncnc3sc(C)c(C)c23)cc1
P7213330049,Cc1cccc(Oc2ncnc3sccc23)c1
P7212970018,c1ccc(-c2cn3ccccc3n2)cc1
P7212090955,Cc1sc2ncn3nnnc3c2c1-c1ccccc1
P7212090676,O=C1c2ccccc2C(=O)N1CCSc1ncnc2sc(-c3ccccc3)cc12
P7212090490,COc1cccc(Oc2ncnc3sc(-c4ccccc4)cc23)c1
P7212090489,COc1ccc(Nc2ncnc3sc(-c4ccccc4)cc23)cc1
P7212090090,COC(=O)c1c(NC(=O)CSc2ncnc3sc(-c4ccccc4)cc23)sc(C)c1C
P7212060151,Nc1nc2c(s1)CN(Cc1ccccc1)CC2
P7211810371,COc1cc(C(C#N)N2CCCCCC2)ccc1O
P7211790425,Cc1nc(SCC(=O)c2ccc3c(c2)OCO3)c2c3c(sc2n1)CCC3
P7211790087,C=CCn1c(SCc2ccc3c(c2)OCO3)nc2sc(C)c(C)c2c1=O
P7211760048,COc1ccc(C(=O)CSc2nc(O)cc(O)n2)cc1OC
P7211730847,Cc1nc(NCCc2ccccc2)c2c3c(sc2n1)CCC3
P7211730815,Cc1nc(NCCc2ccccc2)c2c3c(sc2n1)CCCC3
P7211730273,Cc1sc2ncnc(Sc3nnnn3-c3ccccc3)c2c1C
P7211680021,Cc1oc2cc(O)ccc2c(=O)c1Oc1ccc(C(=O)O)cc1
P7211390117,N#Cc1c(N)sc2c1CCN(Cc1ccccc1)C2
P7211300030,COc1cc(C(CC(=O)c2ccc(Cl)cc2)SCCO)cc(OC)c1OC
P7139382,Oc1nc(O)c2c(n1)CCN(Cc1ccccc1)C2
P7135510,COC(=O)c1ccnc2c1CN(Cc1ccccc1)CC2
P7135509,COC(=O)c1cc(Cl)nc2c1CN(Cc1ccccc1)CC2
P7133109,CNCc1cc(O)nc2ccccc12
P7131707,Cc1csc(NC(=O)c2cc(-c3cccs3)nc3c2cnn3C(C)C)n1
P7130118,Cc1cc(C)n(-c2ccc3nnc(CCCC(=O)Nc4cc(F)c(F)c(F)c4)n3n2)n1
P7128054,NC(=O)CSc1oc(-c2ccco2)nc1S(=O)(=O)c1ccc(Cl)cc1
P7127870,COc1ccccc1NC(=O)CSc1oc(-c2ccc(F)cc2)nc1S(=O)(=O)c1ccccc1
P7127829,CCCS(=O)(=O)c1nc(S(=O)(=O)c2ccc(C)cc2)c(NCc2ccco2)s1
P7127779,CNc1oc(-c2ccco2)nc1S(=O)(=O)c1ccccc1
P7126930,O=C(CSc1nc2ccccc2c2nnnn12)NCc1cccc(Cl)c1
P7126910,O=C(CSc1nc2ccccc2c2nnnn12)NCC(=O)Nc1ncns1
P7126388,Cc1cccc(NC(=O)CSc2nc3c4ccccc4ncn3n2)c1
P7119985631,COc1ccc(-c2nonc2NC(=O)c2ccc(Cl)cc2Cl)cc1
P7119985581,Cc1cc(C)c2oc(C(=O)N(Cc3ccc(C)o3)C3CCS(=O)(=O)C3)c(C)c2c1
P7119982923,CCc1ccc(OC(C)C(=O)Nc2nonc2-c2ccc(OC)cc2)cc1
P7119981812,Cc1c(C(=O)N(Cc2ccco2)C2CCS(=O)(=O)C2)oc2ccccc12
P7119980719,Cc1ccc(O)c(-c2n[nH]c3c2C(c2ccccc2F)N(Cc2ccco2)C3=O)c1
P7119980244,O=C(C1=C(O)C(=O)N(c2nc3ccc(F)cc3s2)C1c1cccnc1)c1ccc2c(c1)OCCO2
P7119980108,O=C1c2[nH]nc(-c3ccccc3O)c2C(c2ccccc2F)N1Cc1ccncc1
P7119911570,c1ccc2c(Cn3c(CN4CCOCC4)nc4ccccc43)cccc2c1
P7119911520,Cc1ccccc1OCCCn1c(CCO)nc2ccccc21
P7119911519,OCCc1nc2ccccc2n1CCCOc1ccccc1Cl
P7119910488,C=CCN1CC(c2nc3ccccc3n2Cc2ccc3ccccc3c2)CC1=O
P7119910473,C=CCN1CC(c2nc3ccccc3n2CCCOc2cc(C)ccc2C)CC1=O
P7119910433,C=CCN1CC(c2nc3ccccc3n2Cc2ccc(Cl)c(Cl)c2)CC1=O
P7119910233,C#CCn1c(C2CC(=O)N(Cc3ccc(F)cc3)C2)nc2ccccc21
P7119910231,O=C1CC(c2nc3ccccc3[nH]2)CN1Cc1ccc(F)cc1
P7119910111,Cc1cccc(C)c1OCCn1c(C2CC(=O)N(C(C)(C)C)C2)nc2ccccc21
P7119910107,CC(C)(C)N1CC(c2nc3ccccc3n2CCOc2ccc(Cl)cc2)CC1=O
P7119891259,COc1ccc(CCNC(=O)c2c(N)n(CCc3ccc(F)cc3)c3nc4ccccc4nc23)cc1
P7119880874,Cc1cc(C)c(S(=O)(=O)Nc2c(C)cccc2C)cc1N(C)S(=O)(=O)c1ccccc1
P7119880824,CNS(=O)(=O)c1ccc2c(c1)C(=NO)c1cc(S(=O)(=O)NC)ccc1-2
P7119880822,CCCCNS(=O)(=O)c1ccc2c(c1)C(=NO)c1cc(S(=O)(=O)NCCCC)ccc1-2
P7119870074,Cc1ccccc1OCC(=O)Nc1ccnc2cc(C(F)(F)F)ccc12
P7119832854,Cc1ccc(C)c(NC(=O)Cn2nnc(-c3ccc(Cl)cc3)n2)c1
P7119831307,O=C(c1ccc2noc(-c3ccccc3)c2c1)N1CCCc2ccccc21
P7119830974,Fc1ccc(-c2cn3cc(Cc4ccccc4F)sc3n2)cc1
P7119830224,Cc1cccc(OCc2nnc3sc(-c4ccncc4)nn23)c1
P7119830223,COc1ccc(-c2nn3c(COc4cccc(C)c4)nnc3s2)cc1OC
P7119790588,Cc1ccc(-n2c(N)c(C(=O)OCC(C)C)c3nc4ccccc4nc32)cc1
P7119760195,O=C(Nc1cccc(F)c1)c1cccc([N+](=O)[O-])c1C(=O)O
P7119730592,CC(=O)NCCc1nc2ccccc2n1Cc1ccc2ccccc2c1
P7119692473,Cc1oc2cc3oc(=O)c(CC(=O)NCc4ccco4)c(C)c3cc2c1-c1ccccc1
P7119692405,COc1ccc(CNC(=O)Cc2c(C)c3c(cc(C)c4c(C)coc43)oc2=O)cc1OC
P7119692398,Cc1ccc(CNC(=O)Cc2c(C)c3c(cc(C)c4c(C)coc43)oc2=O)cc1
P7119692364,Cc1oc2cc3oc(=O)c(CC(=O)NCCc4ccccc4F)c(C)c3cc2c1C
P7119692358,COc1cccc(CNC(=O)Cc2c(C)c3cc4c(C)c(C)oc4cc3oc2=O)c1
P7119692339,Cc1oc2c(C)c3oc(=O)c(CC(=O)NCc4ccco4)c(C)c3cc2c1C
P7119692016,Cc1cc(O)c2c(C)c(CC(=O)NCc3cccc(Cl)c3)c(=O)oc2c1
P7119642513,CCN(CC)CCN1C(=O)C(O)=C(C(=O)c2cc3cccc(OC)c3o2)C1c1cccc(OC)c1
P7119642025,CCNC(=O)c1cc2c(=O)n3ccccc3nc2n(Cc2cccnc2)c1=N
P7119641222,COc1cccc(C2C(C(=O)c3c(C)nc4ccccn34)=C(O)C(=O)N2CCN2CCOCC2)c1
P7119641205,Cc1ccc(C2C(C(=O)c3c(C)nc4ccccn34)=C(O)C(=O)N2CCN(C)C)o1
P7119641191,Cc1nc2ccccn2c1C(=O)C1=C(O)C(=O)N(CCCn2ccnc2)C1c1ccc(F)cc1
P7119641186,CCN(CC)CCCN1C(=O)C(O)=C(C(=O)c2c(C)nc3ccccn23)C1c1ccc(C(C)C)cc1
P7119641167,Cc1ccc(C2C(C(=O)c3sc(C)nc3C)=C(O)C(=O)N2CCCN(C)C)o1
P7119640907,O=C(C1=C(O)C(=O)N(CCN2CCOCC2)C1c1ccccn1)c1cc2ccccc2o1
P7119640803,Cc1nc2ccccn2c1C(=O)C1=C(O)C(=O)N(CCCN(C)C)C1c1ccc(Cl)cc1
P7119640541,N=c1c(C(=O)NCC2CCCO2)cc2c(=O)n3ccccc3nc2n1Cc1ccco1
P7119561849,CN1C(=O)c2cccc3c(S(=O)(=O)Nc4ccccn4)ccc1c23
P7119561771,Cc1ccccc1NS(=O)(=O)c1ccc2c3c(cccc13)C(=O)N2C
P7119471077,O=c1c2c3nc4ccccc4nc3n(CCc3ccccc3)c2ncn1Cc1ccco1
P7119250052,COc1cc(NS(=O)(=O)c2ccc3c4c(cccc24)C(=O)N3C)cc(OC)c1
P7118351690,COc1ccc(N(C(=O)C(C)C)S(=O)(=O)c2cccs2)cc1
P7118350664,COc1ccc(OC)c(S(=O)(=O)Nc2cc(Cl)ccc2O)c1
P7118070067,Fc1ccc(-n2ncc3c(SCCOc4ccccc4)ncnc32)cc1
P7117100154,Cc1ccc(N(C)C(=O)Oc2ccc3ccccc3c2)cc1
P7115750081,O=C(O)CCCN1C(=O)c2cccc3c(O)ccc(c23)C1=O
P7114830463,O=S(=O)(NC12CC3CC(CC(C3)C1)C2)c1cccc(C(F)(F)F)c1
P7114830460,O=S(=O)(NC1CCCCC1)c1ccc(Cl)c(C(F)(F)F)c1
P7114830227,O=S(=O)(NC12CC3CC(CC(C3)C1)C2)c1ccc(Cl)c(C(F)(F)F)c1
P7114551525,COc1ccc(S(=O)(=O)N(C(=O)c2ccc(Cl)cc2)c2ccc3oc(C)c(C(C)=O)c3c2)cc1
P7114510209,CC1=C(C(N)=O)C(c2ccc(Cl)cc2Cl)n2nc(CCCO)nc2N1
P7114510205,CC1=C(C(N)=O)C(c2ccccc2F)n2nc(CCCO)nc2N1
P7113250022,O=C(O)CS(=O)c1ccc(C(F)(F)F)cc1[N+](=O)[O-]
P7111610067,N#Cc1nc(-c2ccc(Cl)cc2)oc1NC1CCCCC1
P7111610066,Cc1ccc(-c2nc(C#N)c(NC3CCCCC3)o2)cc1
P7111610064,N#Cc1nc(-c2ccccc2)oc1NC1CCCCC1
P7110952686,COc1cc2c(cc1OC)C(c1ccc(O)cc1)NCC2
P7110940339,COc1ccc(C(=O)CSc2nc(C)cc(O)n2)cc1C
P7110940319,COc1ccc(C(=O)CSc2nc(O)c3c(C)cc(C)nc3n2)cc1
P7110320053,Cc1csc2nc(CSc3nnnn3-c3ccccc3)c(Br)n12
P7020721869,Cc1ccc(NC(=O)CSc2nnc3cc(-c4ccccc4)nc(C)n23)cc1
P7020720954,Cc1nc2c(c(NC3CCCCC3)n1)CCC2
P7020720953,Cc1cc(NC2CCCCC2)ncn1.Cl
P7020720938,CCOC(=O)c1cnc(SC)nc1NCc1ccccn1.Cl
P7020632942,Cc1ccc(-c2csc3ncnc(Nc4cccc(C(=O)O)c4)c23)cc1
P7020600813,C=CCNC1CS(=O)(=O)CC1S(=O)(=O)c1cc(C)c(OC)cc1C
P7020600746,COc1ccc(C)cc1S(=O)(=O)C1CS(=O)(=O)CC1NCc1ccccc1C
P7020580497,CSc1nc(NC2CCCC2)c(C#N)c(-c2ccccc2)n1
P7020580396,CSc1nc(NC2CCS(=O)(=O)C2)c(C#N)c(-c2ccc(C)cc2)n1
P7020580394,CCC(CO)Nc1nc(SC)nc(-c2ccc(Cl)cc2)c1C#N
P7020580292,CCC(CO)Nc1nc(SC)nc(-c2ccc(C(C)(C)C)cc2)c1C#N
P7020580273,CSc1nc(NCC(C)O)c(C#N)c(-c2ccc(C(C)(C)C)cc2)n1
P7020580149,C=CCN1C(=O)COc2ccc(-c3nc(NC(=O)COC)sc3C)cc21
P7020580141,C=CCN1C(=O)COc2ccc(-c3nc(NC(C)=O)sc3C)cc21
P7020570032,COc1ccc(NC(=O)CSc2cnnc(O)n2)cc1OC
P7020570026,NS(=O)(=O)c1ccc(NC(=O)CSc2cnnc(O)n2)cc1
P7020570014,CCOC(=O)c1sc(NC(=O)CSc2nc(O)nnc2C)nc1C
P7020531189,CC(=O)Nc1ccc(S(=O)(=O)N2CCc3cc4cccc(C)c4nc32)cc1
P7020531174,COc1cc(C)c(C)cc1S(=O)(=O)N1CCc2cc3cccc(C)c3nc21
P7020531170,COc1ccc(S(=O)(=O)N2CCc3cc4cccc(C)c4nc32)c(OC)c1
P7020531161,Cc1cccc2cc3c(nc12)N(S(=O)(=O)c1ccc(C(C)C)cc1)CC3
P7020531123,COc1ccc(C(=O)N2CCc3cc4cccc(C)c4nc32)cc1
P7020530855,O=S(=O)(Cc1ccc(Cl)cc1)N1CCc2cc3ccccc3nc21
P7020526960,COC(=O)c1ccc(CSc2nc(C)c(CCO)c(=O)[nH]2)cc1
P7020526917,CC(=O)c1sc(NC(=O)CSc2nc(C)c(CCO)c(=O)[nH]2)nc1C
P7020460236,CCN1C(=O)COc2ccc(-c3nc(NC(C)=O)sc3C)cc21
P7020402297,CCOC(=O)c1sc(-c2ccc(F)cc2)nc1C
P7020370080,Cc1ccc(O)c(Nc2c(C(=O)O)cnc3c(C)cc(C)cc23)c1.Cl
P7020370046,Cc1cccc2c(Nc3cccc(C(F)(F)F)c3)c(C(=O)O)cnc12.Cl
P7020370015,Cl.O=C(O)c1cnc2c(ccc3ccccc32)c1NCCO
P7020160690,CSc1nc(NCCCO)c(C#N)c(-c2ccc(C(C)(C)C)cc2)n1
P7020160689,CSc1nc(NCCO)c(C#N)c(-c2ccc(C(C)(C)C)cc2)n1
P7020141026,O=C(CSc1nnc2ccc3ccccc3n12)c1cc2ccccc2o1
P7020140886,O=C(CSc1nnc2cc(-c3ccccc3)ncn12)Nc1ccccc1
P7019081259,O=C(O)c1nc(NCCCO)c2ccccc2n1
P7019081257,O=C(O)c1nc(NC2CCCCC2)c2ccccc2n1
P7019080356,Cl.O=C(O)c1ccc2c(NC3CCCC3)ncnc2c1
P7018850983,Cc1ccn2cc(-c3ccc(-c4ccccc4)cc3)nc2c1
P7018810807,CC(NC(=O)CSc1cnnc(O)n1)c1ccccc1
P7018810761,Cc1ccc(NC(=O)CSc2cnnc(O)n2)cc1C
P7018810579,Cc1nnc(O)nc1SCC(=O)Nc1cc(C(F)(F)F)ccc1Cl
P7018810566,Cc1nnc(O)nc1SCC(=O)NCc1ccco1
P7018810551,CCCOC(=O)c1ccc(NC(=O)CSc2nc(O)nnc2C)cc1
P7018810424,Cc1nnc(N/N=C/c2ccncc2)nc1N/N=C/c1ccncc1
P7018801347,O=c1cnnc(NC2CCCC2)[nH]1
P7018790057,CCCc1cc(=O)n2c(C(=O)Nc3cccc(C)c3)c(C(=O)Nc3ccc(Cl)cc3C)sc2n1
P7018771476,COc1ccc(C(=O)Cn2c3ccccc3c3nc4ccccc4nc32)cc1
P7018720325,Cc1ccc(Cl)cc1NC(=O)C(C)n1cnc2sc(-c3ccccc3)cc2c1=O
P7018670048,Brc1ccc2ncnc(NC3CCCCCC3)c2c1
P7018655636,Fc1ccc(-c2cn3ccccc3n2)cc1
P7017670004,Brc1ccc2ncnc(NC3CCCC3)c2c1
P7017670003,c1ccc2c(NC3CCCCCC3)ncnc2c1
P7017550383,Cc1c(Cl)ccc2c(NCCO)c(C(=O)O)cnc12.Cl
P7017550367,COc1ccc(Nc2c(C(=O)O)cnc3c(C)c(Cl)ccc23)c(OC)c1.Cl
P7016390396,COc1ccc(CCNC(=O)Cn2cnc3sc(C(N)=O)c(C)c3c2=O)cc1OC
P7016350283,Cc1nc2ccc(Br)cc2c(O)c1CN1CCc2ccccc2C1
P7016350264,Cc1nc2ccccc2c(O)c1CN1CCc2ccccc2C1
P7016350044,CCN1CCN(Cc2c(C)nc3ccc(N(CC)CC)cc3c2O)CC1
P7016350006,Cc1nc2ccc(F)cc2c(O)c1CN1CCc2ccccc2C1
P7016270351,O=c1c2cc(-c3ccccc3)sc2ncn1CCOc1ccccc1
P7016270226,O=C(Cn1cnc2sc(-c3ccccc3)cc2c1=O)Nc1cc(C(F)(F)F)ccc1Cl
P7016270205,O=C(Cn1cnc2sc(-c3ccccc3)cc2c1=O)Nc1ccccc1
P7016270204,O=C(Cn1cnc2sc(-c3ccccc3)cc2c1=O)NCc1ccco1
P7016000361,Nc1cc(=O)[nH]c(SCc2ccccc2CSc2nc(N)cc(=O)[nH]2)n1
P7015880278,COCCOC(=O)Cn1nnc2sc(-c3ccccc3)cc2c1=O
P7015870187,O=C(Cn1nnc2sc(-c3ccccc3)cc2c1=O)NCCc1ccccc1
P7015870153,O=C(Cn1nnc2sc(-c3ccccc3)cc2c1=O)NCc1ccccc1
P7015870152,O=C(Cn1nnc2sc(-c3ccccc3)cc2c1=O)Nc1ccccc1
P7015870151,O=C(Cn1nnc2sc(-c3ccccc3)cc2c1=O)NCc1ccco1
P7015810026,Nc1c(C(=O)NCc2ccccc2)c2nc3ccccc3nc2n1Cc1ccco1
P7015550286,Cc1cc(C)nc(NC2CCCCC2)n1.Cl
P7015070029,O=C(NCCO)c1nc(NCCO)c2ccccc2n1
P7015070024,O=C(NCc1ccccc1)c1nc(NCc2ccccc2)c2ccccc2n1
P7015070001,O=C(Nc1ccccc1)c1nc(Nc2ccccc2)c2ccccc2n1
P7014650202,CCOC(=O)c1cnc2c(C)c(C)ccc2c1NCc1ccccc1
P7014320479,CC1CCc2c(sc3ncnc(NCCc4nc5ccccc5[nH]4)c23)C1
P7014320060,CCOC(=O)c1sc2ncnc(Nc3ccc(OC)cc3)c2c1C
P7014260781,COC(=O)C(C)Oc1ccc2c(=O)c(Oc3cc(C)cc(C)c3C)coc2c1
P7013990087,CCOC(=O)c1sc2ncn(CC(=O)NC3CCCCC3)c(=O)c2c1C
P7013990076,O=C(Cn1cnc2sc(-c3ccccc3)cc2c1=O)NC1CCCCC1
P7013980245,CCOC(=O)c1cnc2ccc(F)cc2c1NCCc1ccc(OC)c(OC)c1
P7013980235,CCOC(=O)c1cnc2ccc(F)cc2c1Nc1ccc(C(C)=O)cc1
P7013980184,CCOC(=O)c1cnc2ccc(F)cc2c1NCc1cccnc1
P7013980091,CCOC(=O)c1nc(Nc2ccc(OC(C)C)cc2)c2ccccc2n1
P7013980068,CCOC(=O)c1nc(Nc2ccc(Br)cc2)c2ccccc2n1
P7013980006,CCOC(=O)c1nc(Nc2ccc(C)cc2)c2ccccc2n1
P7013870443,CCOC(=O)c1cnc2ccc(Cl)cc2c1Nc1cc(Cl)ccc1O
P7013870150,CC(O)C(Nc1ncnc2ccc(Br)cc12)C(=O)O
P7013831110,CCOc1ccccc1NC(=O)Cn1cnc2sc(-c3ccccc3)cc2c1=O
P7013830872,COC(=O)c1sc2ncn(Cc3cccc(Cl)c3)c(=O)c2c1C
P7013830868,COC(=O)c1sc2ncn(Cc3cccc(C)c3)c(=O)c2c1C
P7013830795,CCOC(=O)c1sc2ncn(CC(=O)Nc3ccc(Cl)cc3C)c(=O)c2c1C
P7013830105,Cc1sc2ncnc(SCCc3ccccc3)c2c1C
P7013830022,CC(=O)C(C)Sc1ncnc2sc3c(c12)CCC(C)C3
P7013170379,CCOC(=O)c1csc(N/N=C/c2ccc(Cl)cc2)n1
P7013170283,O=C1c2sc3nc4ccccc4n3c2C(=O)N1c1cc(Cl)ccc1Cl
P7013110106,Cc1nnc(SCCSc2nnc(C)n2N)n1N
P7013060654,CCOC(=O)c1cnc2c(ccc3ccccc32)c1NCCOC(=O)c1ccc(C)cc1
P7013060595,Cc1nc2ccc(Br)cc2c(O)c1CN1CCC(C)CC1
P7013060457,CCOC(=O)c1cnc2ccc(C(=O)OC)cc2c1NCCO
P7013060067,CC(Nc1ncnc2ccc(Br)cc12)c1ccccc1
P7013060064,OCCCCCNc1ncnc2ccc(Br)cc12
P7013050359,CC1CCc2c(sc3ncn4c(CCc5ccccc5)nnc4c23)C1
P7013050280,COc1ccc(-c2csc3ncn(CC(=O)NCc4ccco4)c(=O)c23)cc1
P7013050059,CCOC(=O)c1sc2ncn(Cc3ccc(Cl)cc3Cl)c(=O)c2c1C
P7012340044,CCC(C)OC(=O)C(C)n1cnc2sc(-c3ccccc3)cc2c1=O
P7012270881,Cc1cccc(-c2nc(N(C)C3CCN(C)CC3)c3ccccc3n2)c1.Cl
P7012120302,CCOC(=O)c1cnc2c(C)cc(C)cc2c1Nc1ccc(OC)c(OC)c1
P7011830192,Cc1ccc2nc(-c3ccccc3)c(CN3CCN(C)CC3)c(O)c2c1
P7011830191,Cc1ccc2nc(-c3ccccc3)c(CN3CCOCC3)c(O)c2c1
P7011520030,CCOC(=O)c1c(N)n(-c2ccc(C)c(Cl)c2)c2nc3ccccc3nc12
P7011460527,O=C(CSc1ncnc2sc3c(c12)CCCC3)c1ccco1
P7011460525,Cc1sc2ncnc(N3CCN(Cc4ccccc4)CC3)c2c1C
P7011460427,CCOC(=O)c1nn(-c2ccc(Br)cc2)cc1O
P7011460421,CCOC(=O)c1nn(-c2ccc(Cl)cc2)cc1O
P7010590268,O=C(O)CCc1nc2ccccc2nc1O
P7010590193,O=C1C(Cl)=C(NC2CCCCC2)C(=O)N1c1cccc(C(F)(F)F)c1
P7010260099,CCOC(=O)c1cnc2ccc(C)cc2c1NCCc1ccccc1
P7010170647,CCOC(=O)c1c(NC(=O)COc2ccccc2Br)sc2c1CCCC2
P7010160092,CCOC(=O)c1cnc2c(ccc3ccccc32)c1NCc1cccnc1
P7010086,Cn1c(=O)c2c(nc3n(-c4ccccc4)c(-c4ccc(O)c(Cl)c4)cn23)n(C)c1=O
P7010010136,Brc1ccc2ncnc(NC3CCCCC3)c2c1
P7010000352,Cc1csc(N/N=C/c2ccc(C(F)(F)F)cc2)n1
P7009841,COCCCn1c(C(=O)NCc2ccccc2Cl)cc2c(=O)n3ccccc3nc21
P7009635,Cc1ccc(Cl)cc1-n1ncc2c1ncn1c(-c3ccccc3O)nnc21
P7009630,Cc1ccc(-c2nnc3c4cnn(-c5ccccc5Cl)c4ncn23)cc1
P7009593,Cc1ccccc1-n1ncc2c1ncn1c(-c3ccccc3O)nnc21
P7009589,COc1ccc(-c2nnc3c4cnn(-c5ccccc5C)c4ncn23)c(O)c1
P7009585,Cc1ccc(-n2ncc3c2ncn2c(-c4cccc([N+](=O)[O-])c4)nnc32)c(C)c1
P7009583,Cc1ccc(-n2ncc3c2ncn2c(-c4ccccc4Cl)nnc32)c(C)c1
P7009576,Oc1cc2ccccc2cc1-c1nnc2c3cnn(-c4ccc(F)cc4)c3ncn12
P7009566,COc1ccc(-c2nnc3c4cnn(-c5ccc(Cl)cc5)c4ncn23)cc1OC
P7009537,Cc1ccc(-c2nnc3c4cnn(-c5ccc(C)c(Cl)c5)c4ncn23)cc1
P7009488,Cc1ccc(-n2ncc3c(NCCO)nc(N4CCN(c5ccccc5F)CC4)nc32)cc1
P7008860,CC(C)OCCCNc1ncnc2c1c(-c1ccccc1)cn2-c1ccccc1
P7008546,COc1ccc(Nc2nc(N3CCN(c4cccc(Cl)c4)CC3)nc3nccnc23)cc1
P7008545,COc1ccc(Nc2nc(N3CCN(c4ccccc4)CC3)nc3nccnc23)cc1
P7008543,Cc1ccc(Nc2nc(Nc3ccc(C)cc3)c3nccnc3n2)cc1
P7008541,OCCN1CCN(Nc2nc(Nc3ccccc3)c3nccnc3n2)CC1
P7008540,COc1ccccc1N1CCN(Nc2nc(Nc3ccccc3)c3nccnc3n2)CC1
P7008539,c1ccc(Nc2nc(Nc3ccccc3)c3nccnc3n2)cc1
P7008535,COCCNc1nc(Nc2ccc(F)cc2)nc2nccnc12
P7008531,COCCNc1nc(NCCC2=CCCCC2)nc2nccnc12
P7008530,COCCNc1nc(NCCc2ccccc2)nc2nccnc12
P7008528,COc1ccc(Nc2nc(NCc3ccccc3)c3nccnc3n2)cc1OC
P7008527,COc1cc(Nc2nc(NCc3ccccc3)c3nccnc3n2)cc(OC)c1OC
P7008526,c1ccc(CNc2nc(N3CCN(Cc4ccccc4)CC3)nc3nccnc23)cc1
P7008523,COc1cc(Nc2nc(N3CCOCC3)c3nccnc3n2)cc(OC)c1OC
P7008447,COc1ccc(CNc2nc(N3CCCC3)c3cnn(C)c3n2)cc1OC
P7008411,Cn1ncc2c(Nc3ccc(F)cc3)nc(NC3CCCC3)nc21
P7008407,Cn1ncc2c(Nc3ccc(F)cc3)nc(NC3CCCCC3)nc21
P7008289,Cn1ncc2c(Nc3ccc(Cl)cc3)nc(NC3CCCCC3)nc21
P7008252,Cn1ncc2c(Nc3cccc(Cl)c3)nc(NC3CCCCC3)nc21
P7007429,COc1ccc(C(=O)NNc2ncnc3c2cnn3-c2ccc(C)cc2C)cc1
P7007352,Cc1cccc(-n2ncc3c(Nc4c(C)n(C)n(-c5ccccc5)c4=O)ncnc32)c1
P7007247,Cc1ccc(-n2ncc3c(N4CCN(Cc5ccccc5)CC4)ncnc32)cc1C
P7007237,COc1ccc(C(=O)NNc2ncnc3c2cnn3-c2ccc(C)c(C)c2)cc1OC
P7007217,Cc1ccc(-n2ncc3c(NNC(=O)CCc4ccccc4)ncnc32)cc1C
P7007196,Cc1ccc(-n2ncc3c(NCCCn4ccnc4)ncnc32)cc1C
P7007152,COc1ccc(CCNc2ncnc3c2cnn3-c2ccc(F)cc2)cc1OC
P7007098,Fc1ccc(-n2ncc3c(NCCCc4ccccc4)ncnc32)cc1
P7007046,Cc1ccc(Cl)cc1-n1ncc2c(NCc3ccccc3)ncnc21
P7007011,O=C(Cc1cccc2ccccc12)NNc1ncnc2c1cnn2-c1cccc(Cl)c1
P7006979,Clc1cccc(-n2ncc3c(N4CCN(Cc5ccccc5)CC4)ncnc32)c1
P7006972,Fc1ccccc1N1CCN(c2ncnc3c2cnn3-c2cccc(Cl)c2)CC1
P6852833,NC(=O)CSc1oc(-c2ccc(F)cc2)nc1S(=O)(=O)c1ccc(Cl)cc1
P6668544,CCOC(=O)c1csc(-c2cc(Cl)ccc2O)n1
P6668539,CCOC(=O)c1coc(-c2ccc(C(F)(F)F)cc2)n1
P6668535,CCOC(=O)c1coc(-c2ccc(Cl)c(Cl)c2)n1
P6668196,Cc1ccc(C(=O)NCCCc2nc3ccccc3[nH]2)c(-n2cnnn2)c1C
P6668104,O=C(NCCc1nc2ccccc2[nH]1)c1cc(Cl)ccc1-n1cnnn1
P6668093,COc1ccccc1-c1nc2nccc(-c3cc4ccccc4o3)n2n1
P6667784,CCN1CCN(C(=O)c2cc(-c3ccccc3)nc3c2c(C)nn3C)CC1
P6594984,c1ccc(CN2CCc3[nH]ccc3C2)cc1
P6328836,CCOC(=O)c1nn(-c2ccc(F)cc2)c(-c2ccccc2)c1C#N
P6298924,CCOC(=O)CSc1nnc(-c2ccccc2)n1-c1ccccc1
P6248929,Cn1c(=O)n(C)c2cc(S(=O)(=O)NC(Cc3c[nH]c4ccccc34)C(=O)O)ccc21
P6248887,Cc1cc(S(=O)(=O)Nc2ccc(C(=O)O)c(O)c2)ccc1F
P6248868,O=C1NC(=O)c2cc(S(=O)(=O)NCc3ccco3)cc3cccc1c23
P6248847,COc1ccc(OC)c(S(=O)(=O)NC(Cc2c[nH]c3ccccc23)C(=O)O)c1
P6248833,CN1C(=O)c2cccc3cc(S(=O)(=O)Nc4nccs4)cc(c23)C1=O
P6248824,CCN1C(=O)c2cccc3cc(S(=O)(=O)Nc4ccccc4C(=O)OC)cc(c23)C1=O
P6248823,CCN1C(=O)c2cccc3cc(S(=O)(=O)Nc4ccccc4C)cc(c23)C1=O
P6248822,CCN1C(=O)c2cccc3cc(S(=O)(=O)Nc4cccc(C(=O)O)c4)cc(c23)C1=O
P6248130,O=C(CCCCCn1nnc2ccccc2c1=O)Nc1nnc(C2CCCC2)s1
P6247888,Cc1ccc(C(=O)Nc2nnc(C3CCCO3)s2)c(-n2cnnn2)c1C
P6247608,Cc1csc(NC(=O)CCc2nnc3ccc(-n4nc(C)cc4C)nn23)n1
P6247605,Cc1cc(C)n(-c2ccc3nnc(CCC(=O)Nc4nc(C)c(C)s4)n3n2)n1
P6246745,COc1ccc2cnn(CC(=O)NCCC3=CCCCC3)c(=O)c2c1OC
P6246487,COc1ccc2cnn(CC(=O)NCC3(CC(=O)O)CCCCC3)c(=O)c2c1OC
P6246483,COc1ccc2cnn(CC(=O)N[C@@H](C(=O)O)c3ccccc3)c(=O)c2c1OC
P6242479,Cc1nnc(NC(=O)c2cc(F)ccc2-n2cnnn2)s1
P6241681,Cc1sc2ncnc(SCCC(=O)NCc3cccs3)c2c1C
P6239917,CC(=O)c1cccc(NC(=O)c2cc(-c3ccccc3)nc3onc(C)c23)c1
P6239891,COc1cc(NC(=O)c2cc(C3CC3)nc3onc(C)c23)cc(OC)c1
P6239294,O=C(NC1CCCCCCC1)C1CCCN(c2ccc3nnc(C(F)(F)F)n3n2)C1
P6239137,FC(F)(F)c1nnc2ccc(NC3CC3)nn12
P6239025,c1cc2nncn2nc1NC1CCCCC1
P6236773,CCOc1ccc2c(Cc3ccc(Cl)cc3)noc2c1
P6138899,Cc1ccc(Sc2nc(N)c3nc(-c4ccccc4)oc3n2)cc1
P6137857,Cc1ccccc1-c1nc(C(N)=O)c(NN)o1
P6057827,Cc1sc2nc(SCCCN3C(=O)c4cccc5cccc(c45)C3=O)nc(N)c2c1C
P6057817,Nc1nc(SCCCN2C(=O)c3cccc4cccc(c34)C2=O)nc2sc3c(c12)CCCC3
P6057682,Cc1oc2nc(SCC(=O)NCCCO)nc(N)c2c1C
P6057651,O=C1c2cccc3cccc(c23)C(=O)N1CCCc1nnc(Nc2ccccc2)s1
P6057643,C=CCn1c(=O)c2c3c(sc2n2c(Nc4ccccc4)nnc12)CCC3
P6057642,C=CCn1c(=O)c2c3c(sc2n2c(Nc4ccc(OC)cc4)nnc12)CCC3
P6057069,C[C@]12CC[C@@H]3c4ccc(O)cc4CC[C@H]3[C@@H]1C[C@@H](O)[C@@H]2O
P6053908,COc1ccc(C2C(C(=O)c3c(C)nn(C)c3C)=C(O)C(=O)N2CCCn2ccnc2)cc1
P6053490,Cc1nn(C)c(C)c1C(=O)C1=C(O)C(=O)N(CCN2CCOCC2)C1c1ccc(Cl)cc1
P6053482,COc1ccc(C2C(C(=O)c3c(C)nn(C)c3C)=C(O)C(=O)N2CCN2CCOCC2)cc1
P6053449,COc1cccc(C2C(C(=O)c3c(C)nn(C)c3C)=C(O)C(=O)N2CCCN(C)C)c1OC
P6053446,Cc1nn(C)c(C)c1C(=O)C1=C(O)C(=O)N(CCN(C)C)C1c1ccc(C(C)C)cc1
P6053142,Cc1nn(C)c(C)c1C(=O)C1=C(O)C(=O)N(Cc2cccnc2)C1c1ccc(F)cc1
P5980482,O=[N+]([O-])c1ccc2c(c1)CN(Cc1ccccc1)CC2
P5870881,Cc1cc(N)nc(Nc2ccc(C(F)(F)F)cc2)n1.Cl
P5662487,Cc1cc(Br)cn2c(CN3CCN(C(=O)OC(C)(C)C)CC3)cnc12
P5662445,O=[N+]([O-])c1ccc2nc(-c3ccc(-c4ccccc4)cc3)cn2c1
P5662411,O=[N+]([O-])c1cccn2cc(-c3ccc(-c4ccccc4)cc3)nc12
P5662409,O=[N+]([O-])c1ccc2nc(-c3ccc(O)cc3)cn2c1
P5662408,Cc1cc([N+](=O)[O-])c2nc(-c3ccc(-c4ccccc4)cc3)cn2c1
P5050178,CCOC(=O)c1sc(-c2ccccc2)nc1C(F)(F)F
P4794195,CCc1ccccc1NC(=O)CSc1nnc2[nH]c(=O)c(Cc3ccccc3Cl)nn12
P4794109,FC(F)(F)c1nnc2n1N=C(NC1CCCCC1)CS2
P4792377,Cc1cccc(NC2=Nn3c(nnc3-c3ccccc3Br)SC2)c1C
P4791969,Cc1c(Cl)cccc1NC1=Nn2c(nnc2-c2ccccc2Br)SC1
P4787292,CCOC(=O)c1cn2c(Cl)cccc2n1
P4787291,COc1cccc(-c2nc3cccc(C)n3c2CN2CCNCC2)c1.Cl
P4773227,NNc1oc(-c2ccccc2)nc1C(N)=O
P4772877,COC(=O)c1nc(-c2ccc(C)cc2)oc1NN
P4532750,Cc1nc2ccc(NS(=O)(=O)c3ccc(Cl)cc3)cc2[nH]1
P4435284,CC1(O)CCC(C(C)(C)O)CC1
P4357347,CCN(CC)S(=O)(=O)c1cccc(-c2cn3cc(Cl)ccc3n2)c1
P4354613,Cc1cccn2cc(-c3cccc(S(=O)(=O)N4CCCCCC4)c3)nc12
P4354609,O=S(=O)(c1cccc(-c2cn3cc(Cl)ccc3n2)c1)N1CCCCCC1
P4354439,CC1CN(S(=O)(=O)c2cccc(-c3cn4ccccc4n3)c2)CC(C)O1
P4354122,CCc1ccc(C2C(c3nc4ccccc4s3)=C(O)C(=O)N2c2nnc(C)s2)cc1
P4354117,CCc1ccc(C2C(c3nc4ccccc4s3)=C(O)C(=O)N2c2nc(C)c(C(=O)OC)s2)cc1
P4350335,COc1cc(-c2nn3c(-c4ccc(Cl)cc4)nnc3s2)cc(OC)c1OC
P4162669,CCOC(=O)c1cn2cc(F)ccc2n1
P4061537,CCOC(=O)c1cn2c(-c3ccc(C)cc3)csc2n1
P4061522,Cc1cccc2nc(CCN3C(=O)c4ccccc4C3=O)cn12
P4061505,O=C1c2ccccc2C(=O)N1CCc1cn2cc(Cl)cc(Cl)c2n1
P3656175,O=C(O)c1coc(-c2ccc(C(F)(F)F)cc2)n1
P3644563,CCOC(=O)c1cc(-c2ccc(OC)cc2)c2c(C)nn(-c3ccccc3)c2n1
P3644535,CCOC(=O)c1cn2cc(C)ccc2n1
P3619993,FC(F)(F)c1ccc(-c2nc3ncccc3o2)cc1
P3524400,O=C(O)c1cc(O)nc(-c2ccccc2)n1
P3463890,Cc1cccn2cc(-c3ccc(Cl)c(Cl)c3)nc12
P3463510,Cc1nc(NC2CC2)sc1C(=O)O
P3463197,Cc1noc2nc(-c3ccccc3)cc(C(=O)NCCCOC(C)C)c12
P3462660,C[C@]12CCC3c4ccc(O)cc4CCC3C1CCC2O
P3461938,Cc1oc2cc3oc(=O)c(CCC(=O)N4CCc5ccccc5C4)c(C)c3cc2c1C
P3461412,COCCCNC(=O)c1cc(-c2ccccc2)nc2onc(C)c12
P3461059,COc1ccc2c(C)c(CC(=O)Nc3nnc(C)s3)c(=O)oc2c1
P3354075,Fc1ccc2nc(-c3ccc(Cl)cc3Cl)cn2c1
P3353997,Cc1ccc2nc(-c3ccc(F)c(C)c3)cn2c1
P3353996,Cc1ccc(-c2cn3cccc(C)c3n2)cc1C
P3353955,Cn1cnc2cc(C(=O)O)c(Nc3ccc(Br)cc3Cl)c(F)c21
P2215030,Nc1ccc(C(F)(F)F)cn1
P2196039,Cc1ccc(-c2nnc(CNC(=O)COc3cc(C)c(Cl)c(C)c3)o2)cc1
P2195496,Cc1cc(S(=O)(=O)NCc2ccc(-c3ccccc3F)o2)ccc1F
P2194974,COC(=O)c1nnc2ccc(C)cc2c1O
P2194663,Cc1ccc(-c2cc(C(=O)N3CC(C)Oc4ccccc43)no2)cc1
P2194099,CC(=O)N1N=C(c2ccc(C)cc2)OC1c1ccccc1[N+](=O)[O-]
P2193760,Cc1cccc(C)c1OCC(=O)Nc1nc(C)c(-c2nc(-c3cccs3)no2)s1
P2192253,CCOC(=O)c1nc(-c2ccc(C)cc2)oc1NNC(=O)c1ccccc1F
P2191859,C=CCOc1ccc(C(=O)Nc2ccccc2-c2nc(-c3ccc(F)cc3)no2)cc1
P2191521,CCOc1ccccc1C(=O)Nc1ccccc1-c1nc(-c2ccc(F)cc2)no1
P2191263,Cc1ccc(C(=O)Nc2ccccc2-c2nc(-c3ccc(C)cc3)no2)cc1
P2190443,Cc1ccc2oc(C(=O)NCCc3nc(-c4ccccc4)no3)c(C)c2c1
P2167665,COc1ccc(OCCn2ccc(=O)c(O)c2C)cc1
P2143315,Cc1nnc(C(CC(=O)Nc2ccccc2)c2ccccc2)o1
P2134220,Oc1ccc(CN2CCc3ccccc3C2)cc1
P2125531,Cc1ccc(-n2ncc3c2ncn2c(-c4ccco4)nnc32)cc1
P2033074,CCC1(c2ccc(C)c(C)c2)NC(=O)N(CC(=O)O)C1=O
P1904680,O=C(O)c1ccc(C(F)(F)F)cc1
P1850738,O=C(O)c1cc(C2CC2)n2nc(-c3ccccc3F)cc2n1
P1821166,OC(c1cccc(C(F)(F)F)c1)C1CCCNC1
P1820137,FC(F)(F)c1cccc(-c2ccc(Cl)nc2)c1
P1792201,FC(F)(F)c1ccc(C2CCCN2)cc1
P1742993,CC(C)c1nc(Nc2ccc3cn[nH]c3c2)c2ccccc2n1
P1738416,COc1cc2nc(C(F)(F)F)nc(N[C@H]3CC[C@H](O)CC3)c2cc1OC
P1737356,Cn1ncc2c(NC3CCCCC3)ncnc21
P1737355,Cn1ncc2c(NC3CCCC3)ncnc21
P1737188,O[C@H]1CC[C@H](Nc2nc(C(F)(F)F)nc3c(F)cccc23)CC1
P1736935,Fc1ccc2nc(C(F)(F)F)nc(NC3CC3)c2c1
P1736385,COc1ccc2c(N[C@H]3CC[C@H](O)CC3)nc(C(F)(F)F)nc2c1
P1705444,CCOC(=O)c1cn2ccc(C)cc2n1
P1691774,Cc1ccc2c(C)c(C(=O)N(Cc3sccc3C)C3CCS(=O)(=O)C3)oc2c1
P1690388,COCCN1C(=O)C(O)=C(C(=O)c2cc3ccccc3o2)C1c1ccc(Cl)c(Cl)c1
P1690174,Cc1nnc(N2C(=O)C(O)=C(C(=O)c3cc4ccccc4o3)C2c2ccc(Cl)c(Cl)c2)s1
P1687827,Cc1cc(C)c2c(CC(=O)Nc3nc4ccc(S(C)(=O)=O)cc4s3)coc2c1
P1685109,O=C(C1=C(O)C(=O)N(Cc2ccncc2)C1c1ccncc1)c1cc2ccccc2o1
P1685099,O=C(C1=C(O)C(=O)N(CCc2ccccc2)C1c1cccs1)c1cc2ccccc2o1
P1683778,COc1ccccc1OCC(=O)Nc1c(C(=O)c2ccc(C)cc2)oc2ccccc12
P1683381,COc1ccccc1OCC(=O)Nc1c(C(=O)c2ccccc2)oc2ccccc12
P1680524,CCCOc1ccc(C2C(C(=O)c3cccs3)=C(O)C(=O)N2Cc2ccco2)cc1OCC
P1680507,O=C(C1=C(O)C(=O)N(Cc2cccnc2)C1c1cccc(O)c1)c1ccc2c(c1)OCCO2
P1680222,O=C(c1sc2ccccc2c1Cl)N(Cc1cccc(Cl)c1)C1CCS(=O)(=O)C1
P1679114,CCCOc1ccc(C2C(C(=O)OC)=C(C)N=C3SC(CC)C(=O)N32)cc1OCC
P1676975,CCOc1cc(C2C(C(=O)c3cc4ccccc4o3)=C(O)C(=O)N2CCCn2ccnc2)ccc1O
P1674390,O=C(C1=C(O)C(=O)N(Cc2ccco2)C1c1cccc(O)c1)c1ccc(Cl)cc1
P1665476,CCOC(=O)C1=C(O)C(=O)N(Cc2cccnc2)C1c1ccc(C)cc1
P1664596,Cc1ccn2cc(-c3ccc(F)cc3)nc2c1
P1664497,Cc1ccc(C2C(C(=O)c3cccs3)=C(O)C(=O)N2CCN(C)C)o1
P1664257,C=CCOc1ccc(C2C(C(=O)c3ccc(Cl)cc3)=C(O)C(=O)N2Cc2ccncc2)cc1OC
P1663999,Cc1ccc(-c2cn3cc(C)ccc3n2)cc1
P1655157,CCOC(=O)c1cnc(-c2ccc(C)cc2)s1
P1597881,CCN(CC)CCCNc1ncnc2c1cnn2-c1ccc(F)cc1
P1592342,COc1ccc(Nc2nc(N3CCCC3)nc3c2cnn3C)cc1
P1582169,c1ccc(Nc2nc(NC3CCCC3)nc3nccnc23)cc1
P1581904,CC(=O)Nc1ccc(Nc2ncnc3c2cnn3-c2ccc(C)cc2C)cc1
P1581764,COc1ccc(Nc2nc(NC3CCCC3)nc3c2cnn3C)cc1
P1578664,COc1ccc(Nc2nc(Nc3cccc(Cl)c3)nc3nccnc23)cc1
P1574604,Cc1ccc(Nc2nc(NCCN3CCOCC3)nc3nccnc23)cc1Cl
P1572651,CCNc1nc(NCC)nc(Nc2ccc(C)c(C)c2)n1.Cl
P1522920,Cc1cc(NCc2ccc(C(=O)O)cc2)ncc1N.Cl.Cl
P1521760,Cc1cc2nc(-c3ccc(F)cc3)cn2cc1N
P1521520,NCCc1cn2cc(C(F)(F)F)ccc2n1
P1515889,Cc1ccc(-c2nc3ccc(C)cn3c2C(=O)O)cc1
P1446062,COCc1nc2c(s1)CN(C(=O)c1ccccc1F)CC2
P1441851,Cc1c(C)n2c3c(=O)[nH]c(=O)n(C)c3nc2n1CCO
P1441797,Cc1c(C)n2c3c(=O)[nH]c(=O)n(C)c3nc2n1CCCO
P1394643,Nc1ccc2c(c1)CN(Cc1ccccc1)CC2
P1342798,CCc1cc2c(N3CCN(C(=O)c4ccc(C)cc4)CC3)nc(C)nc2s1
P1318897,OCc1c(-c2ccc(Cl)cc2Cl)nc2ccccn12
P1317529,Cc1ccc2nc(-c3cccc(N)c3)c(CN(C)C)n2c1.Cl.Cl.Cl
P1314086,CCOC(=O)c1cn2ccccc2n1
P1310448,CN(C)C(CNC(=O)c1cc(-c2ccc3c(c2)CCCC3)on1)c1ccccc1
P1308874,Cc1ccc(C(=O)c2oc3ccccc3c2NS(=O)(=O)c2ccccc2)cc1
P1307862,C=CCOc1ccc(C(=O)Nc2nonc2-c2ccc(F)cc2)cc1
P1307481,COc1ccc(CN(Cc2ccco2)C(=O)c2cc(=O)c3ccc(Br)cc3o2)cc1
P1307477,Cc1ccc(-c2cc(C(=O)Nc3ccccn3)no2)cc1C
P1307126,c1ccc2c(c1)c(NCCCn1ccnc1)nn1cnnc21
P1306871,Cc1ccc(O)c(-c2n[nH]c3c2C(c2cccc(O)c2)N(Cc2ccco2)C3=O)c1
P1306558,O=C(c1cc(=O)c2ccccc2o1)N(Cc1cccc2ccccc12)c1ccccn1
P1305222,CCC(Oc1ccccc1F)C(=O)Nc1nonc1-c1ccc(OC)c(C)c1
P1302321,Cc1cc(OCc2nc(C#N)c(NCc3ccncc3)o2)ccc1Cl
P1287048,CSc1ncc(C(=O)NC2CCCC2)c(NC2CCCC2)n1
P1287045,CSc1ncc(C#N)c(NC2CCCC2)n1
P1287044,CSc1ncc(C(N)=O)c(NC2CCCC2)n1
P1267391,Cc1cc(N)c2nc(-c3ccc(-c4ccccc4)cc3)cn2c1
P1264415,Cc1cn2c3c(=O)n(Cc4ccccc4Cl)c(=O)n(C)c3nc2n1CCO
P1262403,O=C(NNc1ncnc2c1cnn2-c1ccc(Cl)c(Cl)c1)c1ccco1
P1258191,Cc1cccc(OCCCn2cnc3sc(C(N)=O)c(C)c3c2=O)c1
P1247992,Cc1noc(C)c1Cn1cnc2sc(C(N)=O)c(C)c2c1=O
P1207174,Nc1cccn2cc(-c3ccc(-c4ccccc4)cc3)nc12
P1202134,COc1cc2c(cc1OC)C(c1ccc(C(F)(F)F)cc1)NCC2
P1202133,COc1cc2c(cc1OC)C(c1ccccc1C(F)(F)F)NCC2
P1196925,Cc1ccc(OCc2nc(C)c(C(=O)NC(C)C)s2)cc1
P1182338,O=[N+]([O-])c1ccc2nc(-c3ccccc3)cn2c1
P1178589,Nc1nc(S(=O)(=O)Cc2ccc(F)cc2)ns1
P1178582,Nc1nc(S(=O)(=O)Cc2ccccc2)ns1
P1178126,CSc1ncc(C(=O)O)c(NC2CCCC2)n1
P1161774,Cc1ccc(CNc2cc(C)nc(-n3nc(C)cc3C)n2)cc1
P1159369,Cc1c(CCC(=O)Nn2cnnc2)c(=O)oc2cc3occ(-c4ccccc4)c3cc12
P1159118,O=C(Nc1nc2ccccc2[nH]1)c1ccccc1-n1cnnn1
P1157625,C[C@H](NC(=O)CCCn1c(=O)[nH]c2ccccc2c1=O)C(=O)O
P1157246,O=C(O)c1cccn2cc(-c3ccccc3)nc12
P1146540,O=C(O)c1cc(-c2ccccc2)nc(O)n1
P1121416,Nc1ccc(NC23CC4CC(CC(C4)C2)C3)nc1
P1120049,Nc1ccc2nc(-c3ccc(F)cc3)cn2c1
P1120029,Nc1ccc2nc(-c3ccc(-c4ccccc4)cc3)cn2c1
P11186132,O=c1c(O)c(-c2ccc(F)cc2)oc2cc(Cl)ccc12
P11185902,O=C(O)c1c2ccccc2nc2cc(O)cc(O)c12
P11185139,O=C(NCCCCCc1nnc2ccccn12)c1ccccc1-n1cnnn1
P11185056,CC(C)c1nc(NC(=O)Cn2cnc3sc(-c4ccccc4)cc3c2=O)n[nH]1
P11185055,O=C(Cn1cnc2sc(-c3ccccc3)cc2c1=O)Nc1nc[nH]n1
P11183905,Cn1c(CCNC(=O)c2cc(Br)ccc2-n2cnnn2)nc2ccccc21
P11183871,O=C(CCCn1cnc2ccccc2c1=O)NCCc1nc2ccccc2[nH]1
P11183128,COc1ccc2cc(NC(=O)CCCc3nnc4ccccn34)cnc2c1
P11182946,Cc1cc(C(=O)N[C@@H](CC(C)C)c2nnc3ccccn23)c2c(C)noc2n1
P11182483,Cc1ccc(C(=O)NCCc2nnc3ccccn23)c(-n2cnnn2)c1C
P11181911,N#Cc1nc(-c2ccccc2F)oc1S(=O)(=O)c1ccc(Cl)cc1
P11181910,Cc1ccc(S(=O)(=O)c2oc(-c3ccccc3F)nc2C#N)cc1
P11181902,Cc1ccc(Sc2oc(-c3ccccc3F)nc2C#N)cc1
P11181276,CCCCOC(=O)c1c(O)nc(C)c(Br)c1O
P1114507,CCOc1ccc(C(C)C)cc1S(=O)(=O)Nc1cccc(O)c1
P1114506,CCOc1ccc(Br)cc1S(=O)(=O)Nc1cccc(O)c1
P1113518,CS(=O)(=O)NCCc1csc(-c2ccncc2)n1
P1112636,CC(C)Oc1ccc(S(=O)(=O)NCCc2ncc3ccccn23)cc1
P1112630,CC(=O)N1CCc2cc(S(=O)(=O)NCCc3ncc4ccccn34)ccc21
P1111363,CCOc1ccc(-c2ncncc2-c2ccc(Br)cc2)c(O)c1
P1111222,Cc1ccc2c(-c3oc4ccccc4c3NC(=O)c3ccco3)cc(=O)oc2c1
P1109064,C[C@]12CCC3c4ccc(OCc5ccc(F)cc5)cc4CCC3C1C[C@@H](O)[C@@H]2O
P1105850,CCOc1ccc(-c2nc(N)nc(C)c2-c2ccc(Cl)cc2)c(O)c1
P1099357,COc1c(-c2cc(C)n[nH]2)c(O)c(OC)c2occc12
P1099299,CCOc1cc(O)c(-c2n[nH]cc2-c2nc(C)cs2)cc1CC
P1098888,N=C(N)NCCC[C@H](NC(=O)CCn1nnc2ccccc2c1=O)C(=O)O
P1096557,COc1cccc(C(=O)COc2cc(C)cc3oc(=O)c(C)c(C)c23)c1
P1095963,COc1ccc(-c2cc(=O)oc3cc(OCC(=O)OCc4ccccc4)ccc23)cc1
P1091222,COc1ccc(-c2cc(=O)oc3c(C)c4occ(C)c4cc23)cc1
P1090638,Cc1sc(-c2ccccc2F)nc1C(=O)N1CCN(C)CC1.Cl.Cl
P1089742,Cc1cc2oc(=O)cc(-c3oc4ccccc4c3N)c2cc1Cl
P1056833,CS(=O)(=O)Nc1ccc(C(=O)O)c(O)c1
P1037984,Cc1ccc2nc(-c3ccc(F)c(C)c3)c(CC(=O)O)n2c1
P1037971,O=C(O)Cc1c(-c2ccc(Cl)cc2)nc2ccccn12
P1037943,Cc1ccn2c(CC(=O)O)c(-c3ccc(C)c(C)c3)nc2c1
P1037942,Cc1ccc(-c2nc3c(C)cccn3c2CC(=O)O)cc1C
P1033411,COc1ccc(OCCCn2cnc3sc(C(N)=O)c(C)c3c2=O)cc1
P1033294,Cc1sc2ncnc(NCCc3nc4ccccc4[nH]3)c2c1C
P1032348,Cc1c(-c2nc(-c3ccccc3F)no2)nnn1-c1ccc(Br)cc1
P1032341,Cc1ccccc1-c1noc(-c2nnn(-c3cc(F)ccc3F)c2C)n1
P1030196,Cc1c(-c2nc(-c3ccccc3F)no2)nnn1-c1ccc(F)c(Cl)c1
P10184633,CCOC(=O)c1cn2c(n1)CCCC2
P1011001,COc1cccc(-c2cn3c4c(=O)n(C)c(=O)n(C)c4nc3n2-c2ccc(Cl)cc2)c1
P1010999,COc1cccc(-c2cn3c4c(=O)n(C)c(=O)n(C)c4nc3n2-c2ccc(F)cc2)c1
P1010904,CCOc1ccc(-c2cn3c4c(=O)n(C)c(=O)n(C)c4nc3n2-c2ccc(F)cc2)cc1Cl
P1010846,Cn1c(=O)c2c(nc3n(-c4cccc(Cl)c4)c(-c4cccc([N+](=O)[O-])c4)cn23)n(C)c1=O
P1010819,Cc1cn2c3c(=O)n(C)c(=O)n(C)c3nc2n1CCc1ccccc1
P1007742,COc1cc(-n2nnc(C(=O)NCc3ccccc3)c2N)ccc1Cl
P1006814,Cc1ccc(-n2nnnc2SCC(=O)Nc2ccc3nccnc3c2)cc1Cl
P1005948,COC(=O)c1c(N)c(C(=O)N2CCOCC2)nn1-c1ccc(Cl)cc1
P1005537,CN(C)CCN1C(=O)C(O)=C(C(=O)c2ccc3ccccc3c2O)C1c1ccc(F)cc1
P1005533,CN(C)CCN1C(=O)C(O)=C(C(=O)c2ccc3ccccc3c2O)C1c1ccc(Cl)cc1
P1005474,COc1cccc(C2C(C(=O)c3ccc4ccccc4c3O)=C(O)C(=O)N2CCCN(C)C)c1
P0217330029,O=c1[nH]nc(SCc2cc(O)n[nH]2)c(=O)[nH]1
P0129720405,O=C(CSc1ncnc2sc3c(c12)CCCC3)c1cccs1
P0129620400,O=C(O)CSc1nnc(-c2ccc(Cl)cc2)n1-c1ccccc1
P0129620380,O=C(O)CSc1nnc(-c2ccc(Cl)cc2Cl)n1-c1ccccc1
P0129620310,O=C1CC(CSc2nnc(-c3ccc(Cl)cc3)n2-c2ccccc2)=NN1
P0128660111,CCOC(=O)c1c(C)nc2c(c1-c1ccc(Br)cc1)C(=O)CC(C)(C)C2
P0125330060,Cc1cc(O)nc(N/N=C\c2ccccc2F)n1
P0125250007,c1ccc(-n2nnnc2Sc2ncnc3c4c(sc23)CCCC4)cc1
P0125200018,Brc1c(CSc2nc3ccccc3o2)nc2ccccn12
P0124040115,CC(=O)Nc1ccc(S(=O)(=O)Nc2nc3ccccc3nc2NCCc2ccccc2)cc1
P0123750098,c1nc(NC2CCCCC2)c2c3c(sc2n1)CCCC3
P0118671829,COc1ccc(NS(=O)(=O)c2ccc3c4c(cccc24)C(=O)N3)cc1
P0117380610,CCOC(=O)C1=C(C)NC(=O)NC1c1cccc(OC)c1
P0117380082,O=C(O)c1cc2ccccc2c(Cc2c(O)c(C(=O)O)cc3ccccc23)c1O
P0111770013,c1ccc2oc(SCCSc3nc4ccccc4o3)nc2c1
P0111070308,CC(=O)Nc1cc2nc3ccccc3nc2cc1NC(C)=O
P0111050269,Cc1ccc(S(=O)(=O)Nc2ccc3sc(C)nc3c2)cc1
P0109790056,Cc1ccc2ncnc(NC3CCCCC3)c2c1
P0109750107,O=C1C(Cl)=C(Nc2ccccc2F)C(=O)N1c1ccc(Br)cc1
P0109200069,Cc1ccc2nc(C)cc(NCc3cccnc3)c2c1.Cl.Cl
P0107180044,O=c1[nH]nc(SCc2cc(O)[nH]n2)c(=O)[nH]1
P0107070179,Cc1nc(Sc2nnnn2-c2ccccc2)c2c3c(sc2n1)CCC3
P0105410016,Clc1ccc2nc(CSc3nnnn3-c3ccccc3)c(Br)n2c1
P0104650004,Cc1cccc(Nn2c(N)c(C#N)c3nc4ccccc4nc32)c1
